==10958== NVPROF is profiling process 10958, command: java -classpath /home/users/alberto.parravicini/Documents/graalvm-ce-java8-20.0.0/lib/installer/launcher-common.jar:/home/users/alberto.parravicini/Documents/graalvm-ce-java8-20.0.0/jre/lib/graalvm/graalpython-launcher.jar -XX:MaxHeapSize=24G com.oracle.g
==10958== Profiling application: java -classpath /home/users/alberto.parravicini/Documents/graalvm-ce-java8-20.0.0/lib/installer/launcher-common.jar:/home/users/alberto.parravicini/Documents/graalvm-ce-java8-20.0.0/jre/lib/graalvm/graalpython-launcher.jar -XX:MaxHeapSize=24G com.oracle.g
==10958== Profiling result:
"Start","Duration","Grid X","Grid Y","Grid Z","Block X","Block Y","Block Z","Registers Per Thread","Static SMem","Dynamic SMem","Device","Context","Stream","Unified Memory","Virtual Address","Name","Correlation_ID"
s,ms,,,,,,,,B,B,,,,B,,,
53.895938,0.208768,,,,,,,,,,"GeForce GTX 960 (0)",,,2097152.000000,"0x1105000000","[Unified Memory Memcpy HtoD]",
53.896149,0.210848,,,,,,,,,,"GeForce GTX 960 (0)",,,2097152.000000,"0x1105200000","[Unified Memory Memcpy HtoD]",
53.896363,0.227712,,,,,,,,,,"GeForce GTX 960 (0)",,,2097152.000000,"0x1105400000","[Unified Memory Memcpy HtoD]",
53.896593,0.213248,,,,,,,,,,"GeForce GTX 960 (0)",,,2097152.000000,"0x1105600000","[Unified Memory Memcpy HtoD]",
53.896807,0.204096,,,,,,,,,,"GeForce GTX 960 (0)",,,2097152.000000,"0x1105800000","[Unified Memory Memcpy HtoD]",
53.897013,0.206368,,,,,,,,,,"GeForce GTX 960 (0)",,,2097152.000000,"0x1105a00000","[Unified Memory Memcpy HtoD]",
53.897221,0.207136,,,,,,,,,,"GeForce GTX 960 (0)",,,2097152.000000,"0x1105c00000","[Unified Memory Memcpy HtoD]",
53.897429,0.206016,,,,,,,,,,"GeForce GTX 960 (0)",,,2097152.000000,"0x1105e00000","[Unified Memory Memcpy HtoD]",
53.897637,0.204768,,,,,,,,,,"GeForce GTX 960 (0)",,,2097152.000000,"0x1106000000","[Unified Memory Memcpy HtoD]",
53.897843,0.213568,,,,,,,,,,"GeForce GTX 960 (0)",,,2097152.000000,"0x1106200000","[Unified Memory Memcpy HtoD]",
53.898058,0.206528,,,,,,,,,,"GeForce GTX 960 (0)",,,2097152.000000,"0x1106400000","[Unified Memory Memcpy HtoD]",
53.898266,0.199424,,,,,,,,,,"GeForce GTX 960 (0)",,,2097152.000000,"0x1106600000","[Unified Memory Memcpy HtoD]",
53.898466,0.165664,,,,,,,,,,"GeForce GTX 960 (0)",,,2097152.000000,"0x1106800000","[Unified Memory Memcpy HtoD]",
53.898633,0.165984,,,,,,,,,,"GeForce GTX 960 (0)",,,2097152.000000,"0x1106a00000","[Unified Memory Memcpy HtoD]",
53.898801,0.164096,,,,,,,,,,"GeForce GTX 960 (0)",,,2097152.000000,"0x1106c00000","[Unified Memory Memcpy HtoD]",
53.898966,0.163584,,,,,,,,,,"GeForce GTX 960 (0)",,,2097152.000000,"0x1106e00000","[Unified Memory Memcpy HtoD]",
53.899131,0.164448,,,,,,,,,,"GeForce GTX 960 (0)",,,2097152.000000,"0x1107000000","[Unified Memory Memcpy HtoD]",
53.899296,0.166976,,,,,,,,,,"GeForce GTX 960 (0)",,,2097152.000000,"0x1107200000","[Unified Memory Memcpy HtoD]",
53.899465,0.164320,,,,,,,,,,"GeForce GTX 960 (0)",,,2097152.000000,"0x1107400000","[Unified Memory Memcpy HtoD]",
53.899630,0.164128,,,,,,,,,,"GeForce GTX 960 (0)",,,2097152.000000,"0x1107600000","[Unified Memory Memcpy HtoD]",
53.899796,0.163584,,,,,,,,,,"GeForce GTX 960 (0)",,,2097152.000000,"0x1107800000","[Unified Memory Memcpy HtoD]",
53.899960,0.163392,,,,,,,,,,"GeForce GTX 960 (0)",,,2097152.000000,"0x1107a00000","[Unified Memory Memcpy HtoD]",
53.900125,0.163296,,,,,,,,,,"GeForce GTX 960 (0)",,,2097152.000000,"0x1107c00000","[Unified Memory Memcpy HtoD]",
53.900289,0.163072,,,,,,,,,,"GeForce GTX 960 (0)",,,2097152.000000,"0x1107e00000","[Unified Memory Memcpy HtoD]",
53.900454,0.163936,,,,,,,,,,"GeForce GTX 960 (0)",,,2097152.000000,"0x1108000000","[Unified Memory Memcpy HtoD]",
53.900619,0.163648,,,,,,,,,,"GeForce GTX 960 (0)",,,2097152.000000,"0x1108200000","[Unified Memory Memcpy HtoD]",
53.900784,0.163328,,,,,,,,,,"GeForce GTX 960 (0)",,,2097152.000000,"0x1108400000","[Unified Memory Memcpy HtoD]",
53.900948,0.164480,,,,,,,,,,"GeForce GTX 960 (0)",,,2097152.000000,"0x1108600000","[Unified Memory Memcpy HtoD]",
53.901114,0.168320,,,,,,,,,,"GeForce GTX 960 (0)",,,2097152.000000,"0x1108800000","[Unified Memory Memcpy HtoD]",
53.901284,0.164896,,,,,,,,,,"GeForce GTX 960 (0)",,,2097152.000000,"0x1108a00000","[Unified Memory Memcpy HtoD]",
53.901450,0.164224,,,,,,,,,,"GeForce GTX 960 (0)",,,2097152.000000,"0x1108c00000","[Unified Memory Memcpy HtoD]",
53.901615,0.162976,,,,,,,,,,"GeForce GTX 960 (0)",,,2097152.000000,"0x1108e00000","[Unified Memory Memcpy HtoD]",
53.901780,0.163136,,,,,,,,,,"GeForce GTX 960 (0)",,,2097152.000000,"0x1109000000","[Unified Memory Memcpy HtoD]",
53.901944,0.162848,,,,,,,,,,"GeForce GTX 960 (0)",,,2097152.000000,"0x1109200000","[Unified Memory Memcpy HtoD]",
53.902108,0.163072,,,,,,,,,,"GeForce GTX 960 (0)",,,2097152.000000,"0x1109400000","[Unified Memory Memcpy HtoD]",
53.902272,0.163136,,,,,,,,,,"GeForce GTX 960 (0)",,,2097152.000000,"0x1109600000","[Unified Memory Memcpy HtoD]",
53.902437,0.163232,,,,,,,,,,"GeForce GTX 960 (0)",,,2097152.000000,"0x1109800000","[Unified Memory Memcpy HtoD]",
53.902601,0.162880,,,,,,,,,,"GeForce GTX 960 (0)",,,2097152.000000,"0x1109a00000","[Unified Memory Memcpy HtoD]",
53.902766,0.162880,,,,,,,,,,"GeForce GTX 960 (0)",,,2097152.000000,"0x1109c00000","[Unified Memory Memcpy HtoD]",
53.902930,0.171968,,,,,,,,,,"GeForce GTX 960 (0)",,,2097152.000000,"0x1109e00000","[Unified Memory Memcpy HtoD]",
53.903050,44.778996,8,8,1,8,8,1,24,0,36,"GeForce GTX 960 (0)","1","14",,,"gaussian_blur",4
53.903103,0.163488,,,,,,,,,,"GeForce GTX 960 (0)",,,2097152.000000,"0x110a000000","[Unified Memory Memcpy HtoD]",
53.903268,0.163712,,,,,,,,,,"GeForce GTX 960 (0)",,,2097152.000000,"0x110a200000","[Unified Memory Memcpy HtoD]",
53.903433,0.163328,,,,,,,,,,"GeForce GTX 960 (0)",,,2097152.000000,"0x110a400000","[Unified Memory Memcpy HtoD]",
53.903597,0.154528,,,,,,,,,,"GeForce GTX 960 (0)",,,1982464.000000,"0x110a600000","[Unified Memory Memcpy HtoD]",
53.903753,0.002784,,,,,,,,,,"GeForce GTX 960 (0)",,,20480.000000,"0x1100a80000","[Unified Memory Memcpy HtoD]",
53.904405,57.438355,8,8,1,8,8,1,24,0,100,"GeForce GTX 960 (0)","1","15",,,"gaussian_blur",9
53.905046,48.124034,8,8,1,8,8,1,24,0,36,"GeForce GTX 960 (0)","1","16",,,"gaussian_blur",14
53.947977,18.030061,8,8,1,8,8,1,40,72,0,"GeForce GTX 960 (0)","1","14",,,"sobel",18
53.961964,12.745214,8,8,1,8,8,1,40,72,0,"GeForce GTX 960 (0)","1","15",,,"sobel",22
53.974793,4.016418,16,1,1,128,1,1,8,0,0,"GeForce GTX 960 (0)","1","15",,,"maximum",26
53.978871,4.012483,16,1,1,128,1,1,8,0,0,"GeForce GTX 960 (0)","1","15",,,"minimum",30
53.982980,6.938134,16,1,1,128,1,1,13,0,0,"GeForce GTX 960 (0)","1","15",,,"extend",35
53.983045,6.108994,16,1,1,128,1,1,12,0,0,"GeForce GTX 960 (0)","1","16",,,"unsharpen",42
53.990160,5.554635,16,1,1,128,1,1,13,0,0,"GeForce GTX 960 (0)","1","15",,,"combine",50
53.995966,5.578571,16,1,1,128,1,1,13,0,0,"GeForce GTX 960 (0)","1","14",,,"combine",58
54.002383,,,,,,,,,,,,,,"PC 0x9913d8ae","0x1110000000","[Unified Memory CPU page faults]",
54.003236,0.001536,,,,,,,,,,"GeForce GTX 960 (0)",,,4096.000000,"0x1110000000","[Unified Memory Memcpy DtoH]",
54.003238,0.005312,,,,,,,,,,"GeForce GTX 960 (0)",,,61440.000000,"0x1110001000","[Unified Memory Memcpy DtoH]",
54.159219,0.001984,,,,,,,,,,"GeForce GTX 960 (0)",,,8192.000000,"0x1100a83000","[Unified Memory Memcpy HtoD]",
54.159454,39.684194,8,8,1,8,8,1,24,0,36,"GeForce GTX 960 (0)","1","17",,,"gaussian_blur",78
54.160042,49.319087,8,8,1,8,8,1,24,0,100,"GeForce GTX 960 (0)","1","18",,,"gaussian_blur",83
54.160561,41.240011,8,8,1,8,8,1,24,0,36,"GeForce GTX 960 (0)","1","19",,,"gaussian_blur",88
54.199262,15.714801,8,8,1,8,8,1,40,72,0,"GeForce GTX 960 (0)","1","17",,,"sobel",92
54.209524,11.981993,8,8,1,8,8,1,40,72,0,"GeForce GTX 960 (0)","1","18",,,"sobel",96
54.221643,3.549130,16,1,1,128,1,1,8,0,0,"GeForce GTX 960 (0)","1","18",,,"maximum",100
54.225299,3.544458,16,1,1,128,1,1,8,0,0,"GeForce GTX 960 (0)","1","18",,,"minimum",104
54.228932,6.607355,16,1,1,128,1,1,13,0,0,"GeForce GTX 960 (0)","1","18",,,"extend",109
54.228995,5.944421,16,1,1,128,1,1,12,0,0,"GeForce GTX 960 (0)","1","19",,,"unsharpen",116
54.235774,5.305903,16,1,1,128,1,1,13,0,0,"GeForce GTX 960 (0)","1","18",,,"combine",124
54.241324,5.341807,16,1,1,128,1,1,13,0,0,"GeForce GTX 960 (0)","1","17",,,"combine",132
54.246999,,,,,,,,,,,,,,"PC 0x9913d8ae","0x1110000000","[Unified Memory CPU page faults]",
54.247021,0.001184,,,,,,,,,,"GeForce GTX 960 (0)",,,4096.000000,"0x1110000000","[Unified Memory Memcpy DtoH]",
54.247022,0.005088,,,,,,,,,,"GeForce GTX 960 (0)",,,61440.000000,"0x1110001000","[Unified Memory Memcpy DtoH]",
54.365785,0.002240,,,,,,,,,,"GeForce GTX 960 (0)",,,8192.000000,"0x1100a83000","[Unified Memory Memcpy HtoD]",
54.366083,39.430118,8,8,1,8,8,1,24,0,36,"GeForce GTX 960 (0)","1","20",,,"gaussian_blur",152
54.366739,49.411182,8,8,1,8,8,1,24,0,100,"GeForce GTX 960 (0)","1","21",,,"gaussian_blur",157
54.367404,41.476871,8,8,1,8,8,1,24,0,36,"GeForce GTX 960 (0)","1","22",,,"gaussian_blur",162
54.405664,16.007372,8,8,1,8,8,1,40,72,0,"GeForce GTX 960 (0)","1","20",,,"sobel",166
54.416273,12.153319,8,8,1,8,8,1,40,72,0,"GeForce GTX 960 (0)","1","21",,,"sobel",170
54.428531,3.548650,16,1,1,128,1,1,8,0,0,"GeForce GTX 960 (0)","1","21",,,"maximum",174
54.432213,3.545258,16,1,1,128,1,1,8,0,0,"GeForce GTX 960 (0)","1","21",,,"minimum",178
54.435897,6.628730,16,1,1,128,1,1,13,0,0,"GeForce GTX 960 (0)","1","21",,,"extend",183
54.435957,5.971044,16,1,1,128,1,1,12,0,0,"GeForce GTX 960 (0)","1","22",,,"unsharpen",190
54.442703,5.297327,16,1,1,128,1,1,13,0,0,"GeForce GTX 960 (0)","1","21",,,"combine",198
54.448344,5.341582,16,1,1,128,1,1,13,0,0,"GeForce GTX 960 (0)","1","20",,,"combine",206
54.454004,,,,,,,,,,,,,,"PC 0x9913d8ae","0x1110000000","[Unified Memory CPU page faults]",
54.454024,0.001216,,,,,,,,,,"GeForce GTX 960 (0)",,,4096.000000,"0x1110000000","[Unified Memory Memcpy DtoH]",
54.454025,0.005088,,,,,,,,,,"GeForce GTX 960 (0)",,,61440.000000,"0x1110001000","[Unified Memory Memcpy DtoH]",
54.577295,0.001984,,,,,,,,,,"GeForce GTX 960 (0)",,,8192.000000,"0x1100a83000","[Unified Memory Memcpy HtoD]",
54.577585,39.035468,8,8,1,8,8,1,24,0,36,"GeForce GTX 960 (0)","1","23",,,"gaussian_blur",226
54.578472,49.372207,8,8,1,8,8,1,24,0,100,"GeForce GTX 960 (0)","1","24",,,"gaussian_blur",231
54.578862,41.290538,8,8,1,8,8,1,24,0,36,"GeForce GTX 960 (0)","1","25",,,"gaussian_blur",236
54.616767,15.509907,8,8,1,8,8,1,40,72,0,"GeForce GTX 960 (0)","1","23",,,"sobel",240
54.627992,11.363507,8,8,1,8,8,1,40,72,0,"GeForce GTX 960 (0)","1","24",,,"sobel",244
54.639459,3.550154,16,1,1,128,1,1,8,0,0,"GeForce GTX 960 (0)","1","24",,,"maximum",248
54.643147,3.545578,16,1,1,128,1,1,8,0,0,"GeForce GTX 960 (0)","1","24",,,"minimum",252
54.646829,6.619803,16,1,1,128,1,1,13,0,0,"GeForce GTX 960 (0)","1","24",,,"extend",257
54.646950,5.965573,16,1,1,128,1,1,12,0,0,"GeForce GTX 960 (0)","1","25",,,"unsharpen",264
54.653768,5.332335,16,1,1,128,1,1,13,0,0,"GeForce GTX 960 (0)","1","24",,,"combine",272
54.659406,5.312431,16,1,1,128,1,1,13,0,0,"GeForce GTX 960 (0)","1","23",,,"combine",280
54.664974,,,,,,,,,,,,,,"PC 0x9913d8ae","0x1110000000","[Unified Memory CPU page faults]",
54.664991,0.001184,,,,,,,,,,"GeForce GTX 960 (0)",,,4096.000000,"0x1110000000","[Unified Memory Memcpy DtoH]",
54.664992,0.005088,,,,,,,,,,"GeForce GTX 960 (0)",,,61440.000000,"0x1110001000","[Unified Memory Memcpy DtoH]",
54.771879,0.002240,,,,,,,,,,"GeForce GTX 960 (0)",,,8192.000000,"0x1100a83000","[Unified Memory Memcpy HtoD]",
54.772124,39.834368,8,8,1,8,8,1,24,0,36,"GeForce GTX 960 (0)","1","26",,,"gaussian_blur",300
54.772564,49.168337,8,8,1,8,8,1,24,0,100,"GeForce GTX 960 (0)","1","27",,,"gaussian_blur",305
54.772837,40.972846,8,8,1,8,8,1,24,0,36,"GeForce GTX 960 (0)","1","28",,,"gaussian_blur",310
54.812148,15.693008,8,8,1,8,8,1,40,72,0,"GeForce GTX 960 (0)","1","26",,,"sobel",314
54.821880,12.343396,8,8,1,8,8,1,40,72,0,"GeForce GTX 960 (0)","1","27",,,"sobel",318
54.834383,3.549738,16,1,1,128,1,1,8,0,0,"GeForce GTX 960 (0)","1","27",,,"maximum",322
54.838011,3.545354,16,1,1,128,1,1,8,0,0,"GeForce GTX 960 (0)","1","27",,,"minimum",326
54.841649,6.608603,16,1,1,128,1,1,13,0,0,"GeForce GTX 960 (0)","1","27",,,"extend",331
54.841753,5.931621,16,1,1,128,1,1,12,0,0,"GeForce GTX 960 (0)","1","28",,,"unsharpen",338
54.848540,5.293743,16,1,1,128,1,1,13,0,0,"GeForce GTX 960 (0)","1","27",,,"combine",346
54.854193,5.341902,16,1,1,128,1,1,13,0,0,"GeForce GTX 960 (0)","1","26",,,"combine",354
54.859920,,,,,,,,,,,,,,"PC 0x9913d8ae","0x1110000000","[Unified Memory CPU page faults]",
54.859950,0.001344,,,,,,,,,,"GeForce GTX 960 (0)",,,4096.000000,"0x1110000000","[Unified Memory Memcpy DtoH]",
54.859951,0.006016,,,,,,,,,,"GeForce GTX 960 (0)",,,61440.000000,"0x1110001000","[Unified Memory Memcpy DtoH]",
54.972629,0.002304,,,,,,,,,,"GeForce GTX 960 (0)",,,8192.000000,"0x1100a83000","[Unified Memory Memcpy HtoD]",
54.972944,38.532660,8,8,1,8,8,1,24,0,36,"GeForce GTX 960 (0)","1","29",,,"gaussian_blur",374
54.973911,49.008532,8,8,1,8,8,1,24,0,100,"GeForce GTX 960 (0)","1","30",,,"gaussian_blur",379
54.974318,40.839249,8,8,1,8,8,1,24,0,36,"GeForce GTX 960 (0)","1","31",,,"gaussian_blur",384
55.011650,15.446324,8,8,1,8,8,1,40,72,0,"GeForce GTX 960 (0)","1","29",,,"sobel",388
55.023090,11.258612,8,8,1,8,8,1,40,72,0,"GeForce GTX 960 (0)","1","30",,,"sobel",392
55.034469,3.549994,16,1,1,128,1,1,8,0,0,"GeForce GTX 960 (0)","1","30",,,"maximum",396
55.038108,3.544522,16,1,1,128,1,1,8,0,0,"GeForce GTX 960 (0)","1","30",,,"minimum",400
55.041775,6.622075,16,1,1,128,1,1,13,0,0,"GeForce GTX 960 (0)","1","30",,,"extend",405
55.041840,5.967557,16,1,1,128,1,1,12,0,0,"GeForce GTX 960 (0)","1","31",,,"unsharpen",412
55.048634,5.315087,16,1,1,128,1,1,13,0,0,"GeForce GTX 960 (0)","1","30",,,"combine",420
55.054243,5.328719,16,1,1,128,1,1,13,0,0,"GeForce GTX 960 (0)","1","29",,,"combine",428
55.059945,,,,,,,,,,,,,,"PC 0x9913d8ae","0x1110000000","[Unified Memory CPU page faults]",
55.059972,0.001152,,,,,,,,,,"GeForce GTX 960 (0)",,,4096.000000,"0x1110000000","[Unified Memory Memcpy DtoH]",
55.059973,0.005216,,,,,,,,,,"GeForce GTX 960 (0)",,,61440.000000,"0x1110001000","[Unified Memory Memcpy DtoH]",
55.179888,0.001760,,,,,,,,,,"GeForce GTX 960 (0)",,,8192.000000,"0x1100a83000","[Unified Memory Memcpy HtoD]",
55.180073,39.412518,8,8,1,8,8,1,24,0,36,"GeForce GTX 960 (0)","1","32",,,"gaussian_blur",448
55.180385,48.409341,8,8,1,8,8,1,24,0,100,"GeForce GTX 960 (0)","1","33",,,"gaussian_blur",453
55.180761,40.496374,8,8,1,8,8,1,24,0,36,"GeForce GTX 960 (0)","1","34",,,"gaussian_blur",458
55.219595,15.750543,8,8,1,8,8,1,40,72,0,"GeForce GTX 960 (0)","1","32",,,"sobel",462
55.228919,12.525313,8,8,1,8,8,1,40,72,0,"GeForce GTX 960 (0)","1","33",,,"sobel",466
55.241558,3.550858,16,1,1,128,1,1,8,0,0,"GeForce GTX 960 (0)","1","33",,,"maximum",470
55.245185,3.544010,16,1,1,128,1,1,8,0,0,"GeForce GTX 960 (0)","1","33",,,"minimum",474
55.248820,6.622266,16,1,1,128,1,1,13,0,0,"GeForce GTX 960 (0)","1","33",,,"extend",479
55.248914,5.943877,16,1,1,128,1,1,12,0,0,"GeForce GTX 960 (0)","1","34",,,"unsharpen",486
55.255683,5.321903,16,1,1,128,1,1,13,0,0,"GeForce GTX 960 (0)","1","33",,,"combine",494
55.261396,5.342222,16,1,1,128,1,1,13,0,0,"GeForce GTX 960 (0)","1","32",,,"combine",502
55.267117,,,,,,,,,,,,,,"PC 0x9913d8ae","0x1110000000","[Unified Memory CPU page faults]",
55.267148,0.001408,,,,,,,,,,"GeForce GTX 960 (0)",,,4096.000000,"0x1110000000","[Unified Memory Memcpy DtoH]",
55.267150,0.006784,,,,,,,,,,"GeForce GTX 960 (0)",,,61440.000000,"0x1110001000","[Unified Memory Memcpy DtoH]",
55.396368,0.001792,,,,,,,,,,"GeForce GTX 960 (0)",,,8192.000000,"0x1100a83000","[Unified Memory Memcpy HtoD]",
55.396595,39.981790,8,8,1,8,8,1,24,0,36,"GeForce GTX 960 (0)","1","35",,,"gaussian_blur",522
55.396914,48.993268,8,8,1,8,8,1,24,0,100,"GeForce GTX 960 (0)","1","36",,,"gaussian_blur",527
55.397230,40.669684,8,8,1,8,8,1,24,0,36,"GeForce GTX 960 (0)","1","37",,,"gaussian_blur",532
55.436723,16.024428,8,8,1,8,8,1,40,72,0,"GeForce GTX 960 (0)","1","35",,,"sobel",536
55.446029,12.557473,8,8,1,8,8,1,40,72,0,"GeForce GTX 960 (0)","1","36",,,"sobel",540
55.458690,3.549546,16,1,1,128,1,1,8,0,0,"GeForce GTX 960 (0)","1","36",,,"maximum",544
55.462329,3.543338,16,1,1,128,1,1,8,0,0,"GeForce GTX 960 (0)","1","36",,,"minimum",548
55.465976,6.603291,16,1,1,128,1,1,13,0,0,"GeForce GTX 960 (0)","1","36",,,"extend",553
55.466028,5.956261,16,1,1,128,1,1,12,0,0,"GeForce GTX 960 (0)","1","37",,,"unsharpen",560
55.472776,5.308847,16,1,1,128,1,1,13,0,0,"GeForce GTX 960 (0)","1","36",,,"combine",568
55.478286,5.328207,16,1,1,128,1,1,13,0,0,"GeForce GTX 960 (0)","1","35",,,"combine",576
55.483801,,,,,,,,,,,,,,"PC 0x9913d8ae","0x1110000000","[Unified Memory CPU page faults]",
55.483818,0.001216,,,,,,,,,,"GeForce GTX 960 (0)",,,4096.000000,"0x1110000000","[Unified Memory Memcpy DtoH]",
55.483819,0.005088,,,,,,,,,,"GeForce GTX 960 (0)",,,61440.000000,"0x1110001000","[Unified Memory Memcpy DtoH]",
55.606050,0.001888,,,,,,,,,,"GeForce GTX 960 (0)",,,8192.000000,"0x1100a83000","[Unified Memory Memcpy HtoD]",
55.606245,38.900334,8,8,1,8,8,1,24,0,36,"GeForce GTX 960 (0)","1","38",,,"gaussian_blur",596
55.606616,48.349246,8,8,1,8,8,1,24,0,100,"GeForce GTX 960 (0)","1","39",,,"gaussian_blur",601
55.608196,41.049742,8,8,1,8,8,1,24,0,36,"GeForce GTX 960 (0)","1","40",,,"gaussian_blur",606
55.645274,16.103594,8,8,1,8,8,1,40,72,0,"GeForce GTX 960 (0)","1","38",,,"sobel",610
55.655106,12.314180,8,8,1,8,8,1,40,72,0,"GeForce GTX 960 (0)","1","39",,,"sobel",614
55.667510,3.549930,16,1,1,128,1,1,8,0,0,"GeForce GTX 960 (0)","1","39",,,"maximum",618
55.671119,3.544458,16,1,1,128,1,1,8,0,0,"GeForce GTX 960 (0)","1","39",,,"minimum",622
55.674734,6.565019,16,1,1,128,1,1,13,0,0,"GeForce GTX 960 (0)","1","39",,,"extend",627
55.674808,5.902406,16,1,1,128,1,1,12,0,0,"GeForce GTX 960 (0)","1","40",,,"unsharpen",634
55.681528,5.312047,16,1,1,128,1,1,13,0,0,"GeForce GTX 960 (0)","1","39",,,"combine",642
55.687113,5.339342,16,1,1,128,1,1,13,0,0,"GeForce GTX 960 (0)","1","38",,,"combine",650
55.692667,,,,,,,,,,,,,,"PC 0x9913d8ae","0x1110000000","[Unified Memory CPU page faults]",
55.692687,0.001216,,,,,,,,,,"GeForce GTX 960 (0)",,,4096.000000,"0x1110000000","[Unified Memory Memcpy DtoH]",
55.692688,0.005151,,,,,,,,,,"GeForce GTX 960 (0)",,,61440.000000,"0x1110001000","[Unified Memory Memcpy DtoH]",
55.815045,0.002208,,,,,,,,,,"GeForce GTX 960 (0)",,,8192.000000,"0x1100a83000","[Unified Memory Memcpy HtoD]",
55.815350,39.656483,8,8,1,8,8,1,24,0,36,"GeForce GTX 960 (0)","1","41",,,"gaussian_blur",670
55.815849,49.186577,8,8,1,8,8,1,24,0,100,"GeForce GTX 960 (0)","1","42",,,"gaussian_blur",675
55.816200,40.885712,8,8,1,8,8,1,24,0,36,"GeForce GTX 960 (0)","1","43",,,"gaussian_blur",680
55.855178,15.707153,8,8,1,8,8,1,40,72,0,"GeForce GTX 960 (0)","1","41",,,"sobel",684
55.865177,12.229925,8,8,1,8,8,1,40,72,0,"GeForce GTX 960 (0)","1","42",,,"sobel",688
55.877536,3.549610,16,1,1,128,1,1,8,0,0,"GeForce GTX 960 (0)","1","42",,,"maximum",692
55.881198,3.545578,16,1,1,128,1,1,8,0,0,"GeForce GTX 960 (0)","1","42",,,"minimum",696
55.884856,6.616667,16,1,1,128,1,1,13,0,0,"GeForce GTX 960 (0)","1","42",,,"extend",701
55.885029,5.965957,16,1,1,128,1,1,12,0,0,"GeForce GTX 960 (0)","1","43",,,"unsharpen",708
55.891769,5.326511,16,1,1,128,1,1,13,0,0,"GeForce GTX 960 (0)","1","42",,,"combine",716
55.897388,5.327471,16,1,1,128,1,1,13,0,0,"GeForce GTX 960 (0)","1","41",,,"combine",724
55.902973,,,,,,,,,,,,,,"PC 0x9913d8ae","0x1110000000","[Unified Memory CPU page faults]",
55.903000,0.001184,,,,,,,,,,"GeForce GTX 960 (0)",,,4096.000000,"0x1110000000","[Unified Memory Memcpy DtoH]",
55.903001,0.005184,,,,,,,,,,"GeForce GTX 960 (0)",,,61440.000000,"0x1110001000","[Unified Memory Memcpy DtoH]",
56.014290,0.001824,,,,,,,,,,"GeForce GTX 960 (0)",,,8192.000000,"0x1100a83000","[Unified Memory Memcpy HtoD]",
56.014457,39.689794,8,8,1,8,8,1,24,0,36,"GeForce GTX 960 (0)","1","44",,,"gaussian_blur",744
56.014747,48.395805,8,8,1,8,8,1,24,0,100,"GeForce GTX 960 (0)","1","45",,,"gaussian_blur",749
56.014970,40.387800,8,8,1,8,8,1,24,0,36,"GeForce GTX 960 (0)","1","46",,,"gaussian_blur",754
56.054294,15.595762,8,8,1,8,8,1,40,72,0,"GeForce GTX 960 (0)","1","44",,,"sobel",758
56.063277,12.430338,8,8,1,8,8,1,40,72,0,"GeForce GTX 960 (0)","1","45",,,"sobel",762
56.075857,3.549514,16,1,1,128,1,1,8,0,0,"GeForce GTX 960 (0)","1","45",,,"maximum",766
56.079536,3.545258,16,1,1,128,1,1,8,0,0,"GeForce GTX 960 (0)","1","45",,,"minimum",770
56.083204,6.617851,16,1,1,128,1,1,13,0,0,"GeForce GTX 960 (0)","1","45",,,"extend",775
56.083271,5.947845,16,1,1,128,1,1,12,0,0,"GeForce GTX 960 (0)","1","46",,,"unsharpen",782
56.090062,5.313199,16,1,1,128,1,1,13,0,0,"GeForce GTX 960 (0)","1","45",,,"combine",790
56.095646,5.318159,16,1,1,128,1,1,13,0,0,"GeForce GTX 960 (0)","1","44",,,"combine",798
56.101264,,,,,,,,,,,,,,"PC 0x9913d8ae","0x1110000000","[Unified Memory CPU page faults]",
56.101293,0.001248,,,,,,,,,,"GeForce GTX 960 (0)",,,4096.000000,"0x1110000000","[Unified Memory Memcpy DtoH]",
56.101294,0.006336,,,,,,,,,,"GeForce GTX 960 (0)",,,61440.000000,"0x1110001000","[Unified Memory Memcpy DtoH]",
56.221258,0.001760,,,,,,,,,,"GeForce GTX 960 (0)",,,8192.000000,"0x1100a83000","[Unified Memory Memcpy HtoD]",
56.221423,39.575524,8,8,1,8,8,1,24,0,36,"GeForce GTX 960 (0)","1","47",,,"gaussian_blur",818
56.221746,48.371550,8,8,1,8,8,1,24,0,100,"GeForce GTX 960 (0)","1","48",,,"gaussian_blur",823
56.221935,40.283482,8,8,1,8,8,1,24,0,36,"GeForce GTX 960 (0)","1","49",,,"gaussian_blur",828
56.261118,15.594706,8,8,1,8,8,1,40,72,0,"GeForce GTX 960 (0)","1","47",,,"sobel",832
56.270231,12.518497,8,8,1,8,8,1,40,72,0,"GeForce GTX 960 (0)","1","48",,,"sobel",836
56.282853,3.548809,16,1,1,128,1,1,8,0,0,"GeForce GTX 960 (0)","1","48",,,"maximum",840
56.286474,3.545450,16,1,1,128,1,1,8,0,0,"GeForce GTX 960 (0)","1","48",,,"minimum",844
56.290104,6.629051,16,1,1,128,1,1,13,0,0,"GeForce GTX 960 (0)","1","48",,,"extend",849
56.290206,5.974085,16,1,1,128,1,1,12,0,0,"GeForce GTX 960 (0)","1","49",,,"unsharpen",856
56.296985,5.286415,16,1,1,128,1,1,13,0,0,"GeForce GTX 960 (0)","1","48",,,"combine",864
56.302564,5.332942,16,1,1,128,1,1,13,0,0,"GeForce GTX 960 (0)","1","47",,,"combine",872
56.308085,,,,,,,,,,,,,,"PC 0x9913d8ae","0x1110000000","[Unified Memory CPU page faults]",
56.308106,0.001184,,,,,,,,,,"GeForce GTX 960 (0)",,,4096.000000,"0x1110000000","[Unified Memory Memcpy DtoH]",
56.308107,0.005088,,,,,,,,,,"GeForce GTX 960 (0)",,,61440.000000,"0x1110001000","[Unified Memory Memcpy DtoH]",
56.452438,0.001984,,,,,,,,,,"GeForce GTX 960 (0)",,,8192.000000,"0x1100a83000","[Unified Memory Memcpy HtoD]",
56.452824,39.777889,8,8,1,8,8,1,24,0,36,"GeForce GTX 960 (0)","1","50",,,"gaussian_blur",892
56.453415,49.154098,8,8,1,8,8,1,24,0,100,"GeForce GTX 960 (0)","1","51",,,"gaussian_blur",897
56.453800,41.031790,8,8,1,8,8,1,24,0,36,"GeForce GTX 960 (0)","1","52",,,"gaussian_blur",902
56.492771,15.681808,8,8,1,8,8,1,40,72,0,"GeForce GTX 960 (0)","1","50",,,"sobel",906
56.502716,12.067560,8,8,1,8,8,1,40,72,0,"GeForce GTX 960 (0)","1","51",,,"sobel",910
56.514873,3.549706,16,1,1,128,1,1,8,0,0,"GeForce GTX 960 (0)","1","51",,,"maximum",914
56.518511,3.544138,16,1,1,128,1,1,8,0,0,"GeForce GTX 960 (0)","1","51",,,"minimum",918
56.522142,6.600539,16,1,1,128,1,1,13,0,0,"GeForce GTX 960 (0)","1","51",,,"extend",923
56.522209,5.939078,16,1,1,128,1,1,12,0,0,"GeForce GTX 960 (0)","1","52",,,"unsharpen",930
56.528950,5.301999,16,1,1,128,1,1,13,0,0,"GeForce GTX 960 (0)","1","51",,,"combine",938
56.534443,5.325711,16,1,1,128,1,1,13,0,0,"GeForce GTX 960 (0)","1","50",,,"combine",946
56.540016,,,,,,,,,,,,,,"PC 0x9913d8ae","0x1110000000","[Unified Memory CPU page faults]",
56.540039,0.001184,,,,,,,,,,"GeForce GTX 960 (0)",,,4096.000000,"0x1110000000","[Unified Memory Memcpy DtoH]",
56.540040,0.005152,,,,,,,,,,"GeForce GTX 960 (0)",,,61440.000000,"0x1110001000","[Unified Memory Memcpy DtoH]",
56.656475,0.002080,,,,,,,,,,"GeForce GTX 960 (0)",,,8192.000000,"0x1100a83000","[Unified Memory Memcpy HtoD]",
56.656768,39.171946,8,8,1,8,8,1,24,0,36,"GeForce GTX 960 (0)","1","53",,,"gaussian_blur",966
56.657427,48.823191,8,8,1,8,8,1,24,0,100,"GeForce GTX 960 (0)","1","54",,,"gaussian_blur",971
56.657761,40.692723,8,8,1,8,8,1,24,0,36,"GeForce GTX 960 (0)","1","55",,,"gaussian_blur",976
56.696097,15.543059,8,8,1,8,8,1,40,72,0,"GeForce GTX 960 (0)","1","53",,,"sobel",980
56.706410,11.758796,8,8,1,8,8,1,40,72,0,"GeForce GTX 960 (0)","1","54",,,"sobel",984
56.718331,3.549418,16,1,1,128,1,1,8,0,0,"GeForce GTX 960 (0)","1","54",,,"maximum",988
56.722006,3.546505,16,1,1,128,1,1,8,0,0,"GeForce GTX 960 (0)","1","54",,,"minimum",992
56.725684,6.572540,16,1,1,128,1,1,13,0,0,"GeForce GTX 960 (0)","1","54",,,"extend",997
56.725757,5.903398,16,1,1,128,1,1,12,0,0,"GeForce GTX 960 (0)","1","55",,,"unsharpen",1004
56.732500,5.323055,16,1,1,128,1,1,13,0,0,"GeForce GTX 960 (0)","1","54",,,"combine",1012
56.738115,5.339502,16,1,1,128,1,1,13,0,0,"GeForce GTX 960 (0)","1","53",,,"combine",1020
56.743741,,,,,,,,,,,,,,"PC 0x9913d8ae","0x1110000000","[Unified Memory CPU page faults]",
56.743769,0.001184,,,,,,,,,,"GeForce GTX 960 (0)",,,4096.000000,"0x1110000000","[Unified Memory Memcpy DtoH]",
56.743770,0.006688,,,,,,,,,,"GeForce GTX 960 (0)",,,61440.000000,"0x1110001000","[Unified Memory Memcpy DtoH]",
56.876335,0.001952,,,,,,,,,,"GeForce GTX 960 (0)",,,8192.000000,"0x1100a83000","[Unified Memory Memcpy HtoD]",
56.876633,39.961727,8,8,1,8,8,1,24,0,36,"GeForce GTX 960 (0)","1","56",,,"gaussian_blur",1040
56.877041,49.046772,8,8,1,8,8,1,24,0,100,"GeForce GTX 960 (0)","1","57",,,"gaussian_blur",1045
56.877364,41.038286,8,8,1,8,8,1,24,0,36,"GeForce GTX 960 (0)","1","58",,,"gaussian_blur",1050
56.916723,15.740175,8,8,1,8,8,1,40,72,0,"GeForce GTX 960 (0)","1","56",,,"sobel",1054
56.926215,12.341731,8,8,1,8,8,1,40,72,0,"GeForce GTX 960 (0)","1","57",,,"sobel",1058
56.938662,3.549866,16,1,1,128,1,1,8,0,0,"GeForce GTX 960 (0)","1","57",,,"maximum",1062
56.942289,3.545514,16,1,1,128,1,1,8,0,0,"GeForce GTX 960 (0)","1","57",,,"minimum",1066
56.945939,6.609691,16,1,1,128,1,1,13,0,0,"GeForce GTX 960 (0)","1","57",,,"extend",1071
56.945996,5.938629,16,1,1,128,1,1,12,0,0,"GeForce GTX 960 (0)","1","58",,,"unsharpen",1078
56.952794,5.289391,16,1,1,128,1,1,13,0,0,"GeForce GTX 960 (0)","1","57",,,"combine",1086
56.958346,5.298895,16,1,1,128,1,1,13,0,0,"GeForce GTX 960 (0)","1","56",,,"combine",1094
56.963820,,,,,,,,,,,,,,"PC 0x9913d8ae","0x1110000000","[Unified Memory CPU page faults]",
56.963841,0.001184,,,,,,,,,,"GeForce GTX 960 (0)",,,4096.000000,"0x1110000000","[Unified Memory Memcpy DtoH]",
56.963842,0.005088,,,,,,,,,,"GeForce GTX 960 (0)",,,61440.000000,"0x1110001000","[Unified Memory Memcpy DtoH]",
57.081576,0.001824,,,,,,,,,,"GeForce GTX 960 (0)",,,8192.000000,"0x1100a83000","[Unified Memory Memcpy HtoD]",
57.081862,39.394695,8,8,1,8,8,1,24,0,36,"GeForce GTX 960 (0)","1","59",,,"gaussian_blur",1114
57.082192,48.285663,8,8,1,8,8,1,24,0,100,"GeForce GTX 960 (0)","1","60",,,"gaussian_blur",1119
57.082403,40.186458,8,8,1,8,8,1,24,0,36,"GeForce GTX 960 (0)","1","61",,,"gaussian_blur",1124
57.121397,15.976812,8,8,1,8,8,1,40,72,0,"GeForce GTX 960 (0)","1","59",,,"sobel",1128
57.130621,12.664510,8,8,1,8,8,1,40,72,0,"GeForce GTX 960 (0)","1","60",,,"sobel",1132
57.143366,3.549066,16,1,1,128,1,1,8,0,0,"GeForce GTX 960 (0)","1","60",,,"maximum",1136
57.147009,3.544169,16,1,1,128,1,1,8,0,0,"GeForce GTX 960 (0)","1","60",,,"minimum",1140
57.150674,6.608827,16,1,1,128,1,1,13,0,0,"GeForce GTX 960 (0)","1","60",,,"extend",1145
57.150739,5.942693,16,1,1,128,1,1,12,0,0,"GeForce GTX 960 (0)","1","61",,,"unsharpen",1152
57.157501,5.320911,16,1,1,128,1,1,13,0,0,"GeForce GTX 960 (0)","1","60",,,"combine",1160
57.163083,5.358990,16,1,1,128,1,1,13,0,0,"GeForce GTX 960 (0)","1","59",,,"combine",1168
57.168615,,,,,,,,,,,,,,"PC 0x9913d8ae","0x1110000000","[Unified Memory CPU page faults]",
57.168636,0.001184,,,,,,,,,,"GeForce GTX 960 (0)",,,4096.000000,"0x1110000000","[Unified Memory Memcpy DtoH]",
57.168637,0.005120,,,,,,,,,,"GeForce GTX 960 (0)",,,61440.000000,"0x1110001000","[Unified Memory Memcpy DtoH]",
57.280914,0.001728,,,,,,,,,,"GeForce GTX 960 (0)",,,8192.000000,"0x1100a83000","[Unified Memory Memcpy HtoD]",
57.281113,39.159370,8,8,1,8,8,1,24,0,36,"GeForce GTX 960 (0)","1","62",,,"gaussian_blur",1188
57.281359,47.764327,8,8,1,8,8,1,24,0,100,"GeForce GTX 960 (0)","1","63",,,"gaussian_blur",1193
57.281560,39.760321,8,8,1,8,8,1,24,0,36,"GeForce GTX 960 (0)","1","64",,,"gaussian_blur",1198
57.320436,15.564339,8,8,1,8,8,1,40,72,0,"GeForce GTX 960 (0)","1","62",,,"sobel",1202
57.329316,12.622911,8,8,1,8,8,1,40,72,0,"GeForce GTX 960 (0)","1","63",,,"sobel",1206
57.342054,3.549481,16,1,1,128,1,1,8,0,0,"GeForce GTX 960 (0)","1","63",,,"maximum",1210
57.345712,3.544266,16,1,1,128,1,1,8,0,0,"GeForce GTX 960 (0)","1","63",,,"minimum",1214
57.349406,6.577724,16,1,1,128,1,1,13,0,0,"GeForce GTX 960 (0)","1","63",,,"extend",1219
57.349499,5.911782,16,1,1,128,1,1,12,0,0,"GeForce GTX 960 (0)","1","64",,,"unsharpen",1226
57.356260,5.308751,16,1,1,128,1,1,13,0,0,"GeForce GTX 960 (0)","1","63",,,"combine",1234
57.361877,5.311023,16,1,1,128,1,1,13,0,0,"GeForce GTX 960 (0)","1","62",,,"combine",1242
57.367385,,,,,,,,,,,,,,"PC 0x9913d8ae","0x1110000000","[Unified Memory CPU page faults]",
57.367411,0.001216,,,,,,,,,,"GeForce GTX 960 (0)",,,4096.000000,"0x1110000000","[Unified Memory Memcpy DtoH]",
57.367412,0.005472,,,,,,,,,,"GeForce GTX 960 (0)",,,61440.000000,"0x1110001000","[Unified Memory Memcpy DtoH]",
57.479778,0.001792,,,,,,,,,,"GeForce GTX 960 (0)",,,8192.000000,"0x1100a83000","[Unified Memory Memcpy HtoD]",
57.480035,39.915967,8,8,1,8,8,1,24,0,36,"GeForce GTX 960 (0)","1","65",,,"gaussian_blur",1262
57.480414,49.194737,8,8,1,8,8,1,24,0,100,"GeForce GTX 960 (0)","1","66",,,"gaussian_blur",1267
57.480748,41.032685,8,8,1,8,8,1,24,0,36,"GeForce GTX 960 (0)","1","67",,,"gaussian_blur",1272
57.520078,15.952173,8,8,1,8,8,1,40,72,0,"GeForce GTX 960 (0)","1","65",,,"sobel",1276
57.529737,12.281444,8,8,1,8,8,1,40,72,0,"GeForce GTX 960 (0)","1","66",,,"sobel",1280
57.542126,3.550826,16,1,1,128,1,1,8,0,0,"GeForce GTX 960 (0)","1","66",,,"maximum",1284
57.545777,3.545642,16,1,1,128,1,1,8,0,0,"GeForce GTX 960 (0)","1","66",,,"minimum",1288
57.549411,6.587707,16,1,1,128,1,1,13,0,0,"GeForce GTX 960 (0)","1","66",,,"extend",1293
57.549486,5.933638,16,1,1,128,1,1,12,0,0,"GeForce GTX 960 (0)","1","67",,,"unsharpen",1300
57.556168,5.305551,16,1,1,128,1,1,13,0,0,"GeForce GTX 960 (0)","1","66",,,"combine",1308
57.561715,5.325102,16,1,1,128,1,1,13,0,0,"GeForce GTX 960 (0)","1","65",,,"combine",1316
57.567218,,,,,,,,,,,,,,"PC 0x9913d8ae","0x1110000000","[Unified Memory CPU page faults]",
57.567239,0.001184,,,,,,,,,,"GeForce GTX 960 (0)",,,4096.000000,"0x1110000000","[Unified Memory Memcpy DtoH]",
57.567240,0.005056,,,,,,,,,,"GeForce GTX 960 (0)",,,61440.000000,"0x1110001000","[Unified Memory Memcpy DtoH]",
57.679711,0.001760,,,,,,,,,,"GeForce GTX 960 (0)",,,8192.000000,"0x1100a83000","[Unified Memory Memcpy HtoD]",
57.679887,39.751649,8,8,1,8,8,1,24,0,36,"GeForce GTX 960 (0)","1","68",,,"gaussian_blur",1336
57.680258,48.880278,8,8,1,8,8,1,24,0,100,"GeForce GTX 960 (0)","1","69",,,"gaussian_blur",1341
57.680643,40.708755,8,8,1,8,8,1,24,0,36,"GeForce GTX 960 (0)","1","70",,,"gaussian_blur",1346
57.719808,15.936268,8,8,1,8,8,1,40,72,0,"GeForce GTX 960 (0)","1","68",,,"sobel",1350
57.729237,12.479777,8,8,1,8,8,1,40,72,0,"GeForce GTX 960 (0)","1","69",,,"sobel",1354
57.741826,3.549641,16,1,1,128,1,1,8,0,0,"GeForce GTX 960 (0)","1","69",,,"maximum",1358
57.745484,3.545098,16,1,1,128,1,1,8,0,0,"GeForce GTX 960 (0)","1","69",,,"minimum",1362
57.749150,6.639514,16,1,1,128,1,1,13,0,0,"GeForce GTX 960 (0)","1","69",,,"extend",1367
57.749211,5.976357,16,1,1,128,1,1,12,0,0,"GeForce GTX 960 (0)","1","70",,,"unsharpen",1374
57.756003,5.334159,16,1,1,128,1,1,13,0,0,"GeForce GTX 960 (0)","1","69",,,"combine",1382
57.761580,5.355822,16,1,1,128,1,1,13,0,0,"GeForce GTX 960 (0)","1","68",,,"combine",1390
57.767162,,,,,,,,,,,,,,"PC 0x9913d8ae","0x1110000000","[Unified Memory CPU page faults]",
57.767188,0.001216,,,,,,,,,,"GeForce GTX 960 (0)",,,4096.000000,"0x1110000000","[Unified Memory Memcpy DtoH]",
57.767189,0.005087,,,,,,,,,,"GeForce GTX 960 (0)",,,61440.000000,"0x1110001000","[Unified Memory Memcpy DtoH]",
57.859908,0.001728,,,,,,,,,,"GeForce GTX 960 (0)",,,8192.000000,"0x1100a83000","[Unified Memory Memcpy HtoD]",
57.860108,39.356776,8,8,1,8,8,1,24,0,36,"GeForce GTX 960 (0)","1","71",,,"gaussian_blur",1410
57.860372,48.212000,8,8,1,8,8,1,24,0,100,"GeForce GTX 960 (0)","1","72",,,"gaussian_blur",1415
57.860581,40.084060,8,8,1,8,8,1,24,0,36,"GeForce GTX 960 (0)","1","73",,,"gaussian_blur",1420
57.899625,15.656465,8,8,1,8,8,1,40,72,0,"GeForce GTX 960 (0)","1","71",,,"sobel",1424
57.908792,12.498529,8,8,1,8,8,1,40,72,0,"GeForce GTX 960 (0)","1","72",,,"sobel",1428
57.921418,3.548106,16,1,1,128,1,1,8,0,0,"GeForce GTX 960 (0)","1","72",,,"maximum",1432
57.925079,3.544649,16,1,1,128,1,1,8,0,0,"GeForce GTX 960 (0)","1","72",,,"minimum",1436
57.928750,6.573723,16,1,1,128,1,1,13,0,0,"GeForce GTX 960 (0)","1","72",,,"extend",1441
57.928854,5.917766,16,1,1,128,1,1,12,0,0,"GeForce GTX 960 (0)","1","73",,,"unsharpen",1448
57.935638,5.327439,16,1,1,128,1,1,13,0,0,"GeForce GTX 960 (0)","1","72",,,"combine",1456
57.941259,5.359118,16,1,1,128,1,1,13,0,0,"GeForce GTX 960 (0)","1","71",,,"combine",1464
57.946901,,,,,,,,,,,,,,"PC 0x9913d8ae","0x1110000000","[Unified Memory CPU page faults]",
57.946931,0.001216,,,,,,,,,,"GeForce GTX 960 (0)",,,4096.000000,"0x1110000000","[Unified Memory Memcpy DtoH]",
57.946932,0.005664,,,,,,,,,,"GeForce GTX 960 (0)",,,61440.000000,"0x1110001000","[Unified Memory Memcpy DtoH]",
58.058346,0.001792,,,,,,,,,,"GeForce GTX 960 (0)",,,8192.000000,"0x1100a83000","[Unified Memory Memcpy HtoD]",
58.058601,39.444805,8,8,1,8,8,1,24,0,36,"GeForce GTX 960 (0)","1","74",,,"gaussian_blur",1484
58.058959,48.261759,8,8,1,8,8,1,24,0,100,"GeForce GTX 960 (0)","1","75",,,"gaussian_blur",1489
58.059210,40.184187,8,8,1,8,8,1,24,0,36,"GeForce GTX 960 (0)","1","76",,,"gaussian_blur",1494
58.098178,15.950573,8,8,1,8,8,1,40,72,0,"GeForce GTX 960 (0)","1","74",,,"sobel",1498
58.107382,12.762173,8,8,1,8,8,1,40,72,0,"GeForce GTX 960 (0)","1","75",,,"sobel",1502
58.120282,3.548138,16,1,1,128,1,1,8,0,0,"GeForce GTX 960 (0)","1","75",,,"maximum",1506
58.123949,3.545290,16,1,1,128,1,1,8,0,0,"GeForce GTX 960 (0)","1","75",,,"minimum",1510
58.127615,6.615547,16,1,1,128,1,1,13,0,0,"GeForce GTX 960 (0)","1","75",,,"extend",1515
58.127698,5.968485,16,1,1,128,1,1,12,0,0,"GeForce GTX 960 (0)","1","76",,,"unsharpen",1522
58.134513,5.307183,16,1,1,128,1,1,13,0,0,"GeForce GTX 960 (0)","1","75",,,"combine",1530
58.140187,5.326799,16,1,1,128,1,1,13,0,0,"GeForce GTX 960 (0)","1","74",,,"combine",1538
58.145835,,,,,,,,,,,,,,"PC 0x9913d8ae","0x1110000000","[Unified Memory CPU page faults]",
58.145867,0.001216,,,,,,,,,,"GeForce GTX 960 (0)",,,4096.000000,"0x1110000000","[Unified Memory Memcpy DtoH]",
58.145868,0.006367,,,,,,,,,,"GeForce GTX 960 (0)",,,61440.000000,"0x1110001000","[Unified Memory Memcpy DtoH]",
58.252728,0.001856,,,,,,,,,,"GeForce GTX 960 (0)",,,8192.000000,"0x1100a83000","[Unified Memory Memcpy HtoD]",
58.252972,39.259785,8,8,1,8,8,1,24,0,36,"GeForce GTX 960 (0)","1","77",,,"gaussian_blur",1558
58.253430,48.401085,8,8,1,8,8,1,24,0,100,"GeForce GTX 960 (0)","1","78",,,"gaussian_blur",1563
58.253687,40.433175,8,8,1,8,8,1,24,0,36,"GeForce GTX 960 (0)","1","79",,,"gaussian_blur",1568
58.292361,15.599153,8,8,1,8,8,1,40,72,0,"GeForce GTX 960 (0)","1","77",,,"sobel",1572
58.301959,12.348868,8,8,1,8,8,1,40,72,0,"GeForce GTX 960 (0)","1","78",,,"sobel",1576
58.314415,3.549866,16,1,1,128,1,1,8,0,0,"GeForce GTX 960 (0)","1","78",,,"maximum",1580
58.318055,3.545322,16,1,1,128,1,1,8,0,0,"GeForce GTX 960 (0)","1","78",,,"minimum",1584
58.321695,6.629275,16,1,1,128,1,1,13,0,0,"GeForce GTX 960 (0)","1","78",,,"extend",1589
58.321760,5.959941,16,1,1,128,1,1,12,0,0,"GeForce GTX 960 (0)","1","79",,,"unsharpen",1596
58.328539,5.329711,16,1,1,128,1,1,13,0,0,"GeForce GTX 960 (0)","1","78",,,"combine",1604
58.334110,5.315119,16,1,1,128,1,1,13,0,0,"GeForce GTX 960 (0)","1","77",,,"combine",1612
58.339563,,,,,,,,,,,,,,"PC 0x9913d8ae","0x1110000000","[Unified Memory CPU page faults]",
58.339585,0.001184,,,,,,,,,,"GeForce GTX 960 (0)",,,4096.000000,"0x1110000000","[Unified Memory Memcpy DtoH]",
58.339586,0.005056,,,,,,,,,,"GeForce GTX 960 (0)",,,61440.000000,"0x1110001000","[Unified Memory Memcpy DtoH]",
58.435218,0.001824,,,,,,,,,,"GeForce GTX 960 (0)",,,8192.000000,"0x1100a83000","[Unified Memory Memcpy HtoD]",
58.435460,39.553189,8,8,1,8,8,1,24,0,36,"GeForce GTX 960 (0)","1","80",,,"gaussian_blur",1632
58.435834,48.471964,8,8,1,8,8,1,24,0,100,"GeForce GTX 960 (0)","1","81",,,"gaussian_blur",1637
58.436054,40.419927,8,8,1,8,8,1,24,0,36,"GeForce GTX 960 (0)","1","82",,,"gaussian_blur",1642
58.475111,15.857870,8,8,1,8,8,1,40,72,0,"GeForce GTX 960 (0)","1","80",,,"sobel",1646
58.484446,12.521313,8,8,1,8,8,1,40,72,0,"GeForce GTX 960 (0)","1","81",,,"sobel",1650
58.497076,3.548970,16,1,1,128,1,1,8,0,0,"GeForce GTX 960 (0)","1","81",,,"maximum",1654
58.500713,3.543082,16,1,1,128,1,1,8,0,0,"GeForce GTX 960 (0)","1","81",,,"minimum",1658
58.504349,6.575580,16,1,1,128,1,1,13,0,0,"GeForce GTX 960 (0)","1","81",,,"extend",1663
58.504417,5.919078,16,1,1,128,1,1,12,0,0,"GeForce GTX 960 (0)","1","82",,,"unsharpen",1670
58.511163,5.300719,16,1,1,128,1,1,13,0,0,"GeForce GTX 960 (0)","1","81",,,"combine",1678
58.516696,5.332015,16,1,1,128,1,1,13,0,0,"GeForce GTX 960 (0)","1","80",,,"combine",1686
58.522188,,,,,,,,,,,,,,"PC 0x9913d8ae","0x1110000000","[Unified Memory CPU page faults]",
58.522208,0.001184,,,,,,,,,,"GeForce GTX 960 (0)",,,4096.000000,"0x1110000000","[Unified Memory Memcpy DtoH]",
58.522209,0.005088,,,,,,,,,,"GeForce GTX 960 (0)",,,61440.000000,"0x1110001000","[Unified Memory Memcpy DtoH]",
58.619063,0.001856,,,,,,,,,,"GeForce GTX 960 (0)",,,8192.000000,"0x1100a83000","[Unified Memory Memcpy HtoD]",
58.619273,40.227130,8,8,1,8,8,1,24,0,36,"GeForce GTX 960 (0)","1","83",,,"gaussian_blur",1706
58.619597,49.150450,8,8,1,8,8,1,24,0,100,"GeForce GTX 960 (0)","1","84",,,"gaussian_blur",1711
58.619913,41.084685,8,8,1,8,8,1,24,0,36,"GeForce GTX 960 (0)","1","85",,,"gaussian_blur",1716
58.659602,15.954765,8,8,1,8,8,1,40,72,0,"GeForce GTX 960 (0)","1","83",,,"sobel",1720
58.668876,12.668958,8,8,1,8,8,1,40,72,0,"GeForce GTX 960 (0)","1","84",,,"sobel",1724
58.681648,3.548586,16,1,1,128,1,1,8,0,0,"GeForce GTX 960 (0)","1","84",,,"maximum",1728
58.685299,3.546026,16,1,1,128,1,1,8,0,0,"GeForce GTX 960 (0)","1","84",,,"minimum",1732
58.688958,6.602107,16,1,1,128,1,1,13,0,0,"GeForce GTX 960 (0)","1","84",,,"extend",1737
58.689018,5.929414,16,1,1,128,1,1,12,0,0,"GeForce GTX 960 (0)","1","85",,,"unsharpen",1744
58.695783,5.306223,16,1,1,128,1,1,13,0,0,"GeForce GTX 960 (0)","1","84",,,"combine",1752
58.701341,5.339087,16,1,1,128,1,1,13,0,0,"GeForce GTX 960 (0)","1","83",,,"combine",1760
58.706846,,,,,,,,,,,,,,"PC 0x9913d8ae","0x1110000000","[Unified Memory CPU page faults]",
58.706871,0.001184,,,,,,,,,,"GeForce GTX 960 (0)",,,4096.000000,"0x1110000000","[Unified Memory Memcpy DtoH]",
58.706872,0.005088,,,,,,,,,,"GeForce GTX 960 (0)",,,61440.000000,"0x1110001000","[Unified Memory Memcpy DtoH]",
58.795898,0.002016,,,,,,,,,,"GeForce GTX 960 (0)",,,8192.000000,"0x1100a83000","[Unified Memory Memcpy HtoD]",
58.796246,39.164618,8,8,1,8,8,1,24,0,36,"GeForce GTX 960 (0)","1","86",,,"gaussian_blur",1780
58.796745,48.741240,8,8,1,8,8,1,24,0,100,"GeForce GTX 960 (0)","1","87",,,"gaussian_blur",1785
58.797112,40.484822,8,8,1,8,8,1,24,0,36,"GeForce GTX 960 (0)","1","88",,,"gaussian_blur",1790
58.835535,15.656625,8,8,1,8,8,1,40,72,0,"GeForce GTX 960 (0)","1","86",,,"sobel",1794
58.845598,12.084584,8,8,1,8,8,1,40,72,0,"GeForce GTX 960 (0)","1","87",,,"sobel",1798
58.857789,3.549290,16,1,1,128,1,1,8,0,0,"GeForce GTX 960 (0)","1","87",,,"maximum",1802
58.861442,3.546058,16,1,1,128,1,1,8,0,0,"GeForce GTX 960 (0)","1","87",,,"minimum",1806
58.865097,6.664858,16,1,1,128,1,1,13,0,0,"GeForce GTX 960 (0)","1","87",,,"extend",1811
58.865164,6.006084,16,1,1,128,1,1,12,0,0,"GeForce GTX 960 (0)","1","88",,,"unsharpen",1818
58.872089,5.317519,16,1,1,128,1,1,13,0,0,"GeForce GTX 960 (0)","1","87",,,"combine",1826
58.877659,5.302671,16,1,1,128,1,1,13,0,0,"GeForce GTX 960 (0)","1","86",,,"combine",1834
58.883141,,,,,,,,,,,,,,"PC 0x9913d8ae","0x1110000000","[Unified Memory CPU page faults]",
58.883163,0.001184,,,,,,,,,,"GeForce GTX 960 (0)",,,4096.000000,"0x1110000000","[Unified Memory Memcpy DtoH]",
58.883164,0.005088,,,,,,,,,,"GeForce GTX 960 (0)",,,61440.000000,"0x1110001000","[Unified Memory Memcpy DtoH]",
58.983415,0.001888,,,,,,,,,,"GeForce GTX 960 (0)",,,8192.000000,"0x1100a83000","[Unified Memory Memcpy HtoD]",
58.983647,39.422278,8,8,1,8,8,1,24,0,36,"GeForce GTX 960 (0)","1","89",,,"gaussian_blur",1854
58.984052,48.513531,8,8,1,8,8,1,24,0,100,"GeForce GTX 960 (0)","1","90",,,"gaussian_blur",1859
58.984344,40.324376,8,8,1,8,8,1,24,0,36,"GeForce GTX 960 (0)","1","91",,,"gaussian_blur",1864
59.023241,15.595538,8,8,1,8,8,1,40,72,0,"GeForce GTX 960 (0)","1","89",,,"sobel",1868
59.032690,12.282212,8,8,1,8,8,1,40,72,0,"GeForce GTX 960 (0)","1","90",,,"sobel",1872
59.045090,3.549418,16,1,1,128,1,1,8,0,0,"GeForce GTX 960 (0)","1","90",,,"maximum",1876
59.048757,3.543818,16,1,1,128,1,1,8,0,0,"GeForce GTX 960 (0)","1","90",,,"minimum",1880
59.052415,6.603036,16,1,1,128,1,1,13,0,0,"GeForce GTX 960 (0)","1","90",,,"extend",1885
59.052544,5.929446,16,1,1,128,1,1,12,0,0,"GeForce GTX 960 (0)","1","91",,,"unsharpen",1892
59.059312,5.311407,16,1,1,128,1,1,13,0,0,"GeForce GTX 960 (0)","1","90",,,"combine",1900
59.064956,5.337742,16,1,1,128,1,1,13,0,0,"GeForce GTX 960 (0)","1","89",,,"combine",1908
59.070438,,,,,,,,,,,,,,"PC 0x9913d8ae","0x1110000000","[Unified Memory CPU page faults]",
59.070460,0.001184,,,,,,,,,,"GeForce GTX 960 (0)",,,4096.000000,"0x1110000000","[Unified Memory Memcpy DtoH]",
59.070462,0.005120,,,,,,,,,,"GeForce GTX 960 (0)",,,61440.000000,"0x1110001000","[Unified Memory Memcpy DtoH]",
59.158783,0.001760,,,,,,,,,,"GeForce GTX 960 (0)",,,8192.000000,"0x1100a83000","[Unified Memory Memcpy HtoD]",
59.159065,40.114940,8,8,1,8,8,1,24,0,36,"GeForce GTX 960 (0)","1","92",,,"gaussian_blur",1928
59.159312,52.809945,8,8,1,8,8,1,24,0,100,"GeForce GTX 960 (0)","1","93",,,"gaussian_blur",1933
59.159571,40.673715,8,8,1,8,8,1,24,0,36,"GeForce GTX 960 (0)","1","94",,,"gaussian_blur",1938
59.199344,29.946231,8,8,1,8,8,1,40,72,0,"GeForce GTX 960 (0)","1","92",,,"sobel",1942
59.212285,21.205276,8,8,1,8,8,1,40,72,0,"GeForce GTX 960 (0)","1","93",,,"sobel",1946
59.233565,3.547914,16,1,1,128,1,1,8,0,0,"GeForce GTX 960 (0)","1","93",,,"maximum",1950
59.237224,3.545866,16,1,1,128,1,1,8,0,0,"GeForce GTX 960 (0)","1","93",,,"minimum",1954
59.240896,6.604699,16,1,1,128,1,1,13,0,0,"GeForce GTX 960 (0)","1","93",,,"extend",1959
59.240983,5.946469,16,1,1,128,1,1,12,0,0,"GeForce GTX 960 (0)","1","94",,,"unsharpen",1966
59.247771,5.318543,16,1,1,128,1,1,13,0,0,"GeForce GTX 960 (0)","1","93",,,"combine",1974
59.253412,5.341135,16,1,1,128,1,1,13,0,0,"GeForce GTX 960 (0)","1","92",,,"combine",1982
59.258889,,,,,,,,,,,,,,"PC 0x9913d8ae","0x1110000000","[Unified Memory CPU page faults]",
59.258910,0.001184,,,,,,,,,,"GeForce GTX 960 (0)",,,4096.000000,"0x1110000000","[Unified Memory Memcpy DtoH]",
59.258912,0.005120,,,,,,,,,,"GeForce GTX 960 (0)",,,61440.000000,"0x1110001000","[Unified Memory Memcpy DtoH]",
59.347556,0.001792,,,,,,,,,,"GeForce GTX 960 (0)",,,8192.000000,"0x1100a83000","[Unified Memory Memcpy HtoD]",
59.347854,39.520133,8,8,1,8,8,1,24,0,36,"GeForce GTX 960 (0)","1","95",,,"gaussian_blur",2002
59.348160,48.371069,8,8,1,8,8,1,24,0,100,"GeForce GTX 960 (0)","1","96",,,"gaussian_blur",2007
59.348369,40.327064,8,8,1,8,8,1,24,0,36,"GeForce GTX 960 (0)","1","97",,,"gaussian_blur",2012
59.387500,15.775695,8,8,1,8,8,1,40,72,0,"GeForce GTX 960 (0)","1","95",,,"sobel",2016
59.396696,12.537536,8,8,1,8,8,1,40,72,0,"GeForce GTX 960 (0)","1","96",,,"sobel",2020
59.409398,3.548650,16,1,1,128,1,1,8,0,0,"GeForce GTX 960 (0)","1","96",,,"maximum",2024
59.413145,3.544714,16,1,1,128,1,1,8,0,0,"GeForce GTX 960 (0)","1","96",,,"minimum",2028
59.416831,6.609244,16,1,1,128,1,1,13,0,0,"GeForce GTX 960 (0)","1","96",,,"extend",2033
59.416889,5.943557,16,1,1,128,1,1,12,0,0,"GeForce GTX 960 (0)","1","97",,,"unsharpen",2040
59.423679,5.315791,16,1,1,128,1,1,13,0,0,"GeForce GTX 960 (0)","1","96",,,"combine",2048
59.429236,5.331439,16,1,1,128,1,1,13,0,0,"GeForce GTX 960 (0)","1","95",,,"combine",2056
59.434814,,,,,,,,,,,,,,"PC 0x9913d8ae","0x1110000000","[Unified Memory CPU page faults]",
59.434845,0.001216,,,,,,,,,,"GeForce GTX 960 (0)",,,4096.000000,"0x1110000000","[Unified Memory Memcpy DtoH]",
59.434846,0.005728,,,,,,,,,,"GeForce GTX 960 (0)",,,61440.000000,"0x1110001000","[Unified Memory Memcpy DtoH]",
59.542020,0.001760,,,,,,,,,,"GeForce GTX 960 (0)",,,8192.000000,"0x1100a83000","[Unified Memory Memcpy HtoD]",
59.542203,39.574179,8,8,1,8,8,1,24,0,36,"GeForce GTX 960 (0)","1","98",,,"gaussian_blur",2076
59.542583,48.595162,8,8,1,8,8,1,24,0,100,"GeForce GTX 960 (0)","1","99",,,"gaussian_blur",2081
59.542842,40.373623,8,8,1,8,8,1,24,0,36,"GeForce GTX 960 (0)","1","100",,,"gaussian_blur",2086
59.581926,15.714064,8,8,1,8,8,1,40,72,0,"GeForce GTX 960 (0)","1","98",,,"sobel",2090
59.591307,12.446658,8,8,1,8,8,1,40,72,0,"GeForce GTX 960 (0)","1","99",,,"sobel",2094
59.603835,3.548681,16,1,1,128,1,1,8,0,0,"GeForce GTX 960 (0)","1","99",,,"maximum",2098
59.607486,3.545386,16,1,1,128,1,1,8,0,0,"GeForce GTX 960 (0)","1","99",,,"minimum",2102
59.611124,6.603068,16,1,1,128,1,1,13,0,0,"GeForce GTX 960 (0)","1","99",,,"extend",2107
59.611244,5.965988,16,1,1,128,1,1,12,0,0,"GeForce GTX 960 (0)","1","100",,,"unsharpen",2114
59.617991,5.307695,16,1,1,128,1,1,13,0,0,"GeForce GTX 960 (0)","1","99",,,"combine",2122
59.623591,5.342799,16,1,1,128,1,1,13,0,0,"GeForce GTX 960 (0)","1","98",,,"combine",2130
59.629080,,,,,,,,,,,,,,"PC 0x9913d8ae","0x1110000000","[Unified Memory CPU page faults]",
59.629101,0.001184,,,,,,,,,,"GeForce GTX 960 (0)",,,4096.000000,"0x1110000000","[Unified Memory Memcpy DtoH]",
59.629102,0.005088,,,,,,,,,,"GeForce GTX 960 (0)",,,61440.000000,"0x1110001000","[Unified Memory Memcpy DtoH]",
59.724616,0.001824,,,,,,,,,,"GeForce GTX 960 (0)",,,8192.000000,"0x1100a83000","[Unified Memory Memcpy HtoD]",
59.724901,39.499397,8,8,1,8,8,1,24,0,36,"GeForce GTX 960 (0)","1","101",,,"gaussian_blur",2150
59.725390,48.814103,8,8,1,8,8,1,24,0,100,"GeForce GTX 960 (0)","1","102",,,"gaussian_blur",2155
59.725664,40.711538,8,8,1,8,8,1,24,0,36,"GeForce GTX 960 (0)","1","103",,,"gaussian_blur",2160
59.764533,15.590482,8,8,1,8,8,1,40,72,0,"GeForce GTX 960 (0)","1","101",,,"sobel",2164
59.774322,12.149735,8,8,1,8,8,1,40,72,0,"GeForce GTX 960 (0)","1","102",,,"sobel",2168
59.786571,3.549514,16,1,1,128,1,1,8,0,0,"GeForce GTX 960 (0)","1","102",,,"maximum",2172
59.790194,3.545706,16,1,1,128,1,1,8,0,0,"GeForce GTX 960 (0)","1","102",,,"minimum",2176
59.793836,6.650299,16,1,1,128,1,1,13,0,0,"GeForce GTX 960 (0)","1","102",,,"extend",2181
59.793945,5.984388,16,1,1,128,1,1,12,0,0,"GeForce GTX 960 (0)","1","103",,,"unsharpen",2188
59.800742,5.300623,16,1,1,128,1,1,13,0,0,"GeForce GTX 960 (0)","1","102",,,"combine",2196
59.806293,5.353742,16,1,1,128,1,1,13,0,0,"GeForce GTX 960 (0)","1","101",,,"combine",2204
59.811819,,,,,,,,,,,,,,"PC 0x9913d8ae","0x1110000000","[Unified Memory CPU page faults]",
59.811844,0.001184,,,,,,,,,,"GeForce GTX 960 (0)",,,4096.000000,"0x1110000000","[Unified Memory Memcpy DtoH]",
59.811845,0.005120,,,,,,,,,,"GeForce GTX 960 (0)",,,61440.000000,"0x1110001000","[Unified Memory Memcpy DtoH]",
