==20821== NVPROF is profiling process 20821, command: java -classpath /home/users/alberto.parravicini/Documents/graalvm-ce-java8-20.0.0/lib/installer/launcher-common.jar:/home/users/alberto.parravicini/Documents/graalvm-ce-java8-20.0.0/jre/lib/graalvm/graalpython-launcher.jar -XX:MaxHeapSize=24G com.oracle.g
==20821== Profiling application: java -classpath /home/users/alberto.parravicini/Documents/graalvm-ce-java8-20.0.0/lib/installer/launcher-common.jar:/home/users/alberto.parravicini/Documents/graalvm-ce-java8-20.0.0/jre/lib/graalvm/graalpython-launcher.jar -XX:MaxHeapSize=24G com.oracle.g
==20821== Profiling result:
"Start","Duration","Grid X","Grid Y","Grid Z","Block X","Block Y","Block Z","Registers Per Thread","Static SMem","Dynamic SMem","Device","Context","Stream","Unified Memory","Virtual Address","Name","Correlation_ID"
s,ms,,,,,,,,B,B,,,,B,,,
14.282213,0.001536,12,1,1,1024,1,1,8,0,0,"GeForce GTX 960 (0)","1","14",,,"reset",4
14.282296,0.001888,,,,,,,,,,"GeForce GTX 960 (0)",,,8192.000000,"0x1100a83000","[Unified Memory Memcpy HtoD]",
14.286104,0.001248,6,6,1,8,8,1,8,0,0,"GeForce GTX 960 (0)","1","14",,,"reset",7
14.287620,49.800599,6,6,1,8,8,1,24,0,36,"GeForce GTX 960 (0)","1","15",,,"gaussian_blur",12
14.288664,65.007815,6,6,1,8,8,1,24,0,100,"GeForce GTX 960 (0)","1","16",,,"gaussian_blur",17
14.289672,52.460306,6,6,1,8,8,1,24,0,36,"GeForce GTX 960 (0)","1","17",,,"gaussian_blur",22
14.337538,18.888190,6,6,1,8,8,1,40,72,0,"GeForce GTX 960 (0)","1","15",,,"sobel",26
14.353790,15.447053,6,6,1,8,8,1,40,72,0,"GeForce GTX 960 (0)","1","16",,,"sobel",30
14.369356,1.381645,12,1,1,1024,1,1,8,0,0,"GeForce GTX 960 (0)","1","18",,,"minimum",41
14.369373,2.204482,12,1,1,1024,1,1,8,0,0,"GeForce GTX 960 (0)","1","16",,,"maximum",35
14.371707,4.305605,12,1,1,1024,1,1,13,0,0,"GeForce GTX 960 (0)","1","16",,,"extend",48
14.371782,6.208907,12,1,1,1024,1,1,12,0,0,"GeForce GTX 960 (0)","1","17",,,"unsharpen",55
14.378240,4.504386,12,1,1,1024,1,1,13,0,0,"GeForce GTX 960 (0)","1","16",,,"combine",63
14.382944,4.523010,12,1,1,1024,1,1,13,0,0,"GeForce GTX 960 (0)","1","14",,,"combine",71
14.388622,,,,,,,,,,,,,,"PC 0x80f68ae","0x1110000000","[Unified Memory CPU page faults]",
14.388847,0.001568,,,,,,,,,,"GeForce GTX 960 (0)",,,4096.000000,"0x1110000000","[Unified Memory Memcpy DtoH]",
14.388848,0.005280,,,,,,,,,,"GeForce GTX 960 (0)",,,61440.000000,"0x1110001000","[Unified Memory Memcpy DtoH]",
14.543252,0.001888,,,,,,,,,,"GeForce GTX 960 (0)",,,8192.000000,"0x1100a83000","[Unified Memory Memcpy HtoD]",
14.543290,0.001408,12,1,1,1024,1,1,8,0,0,"GeForce GTX 960 (0)","1","19",,,"reset",94
14.543654,0.001248,6,6,1,8,8,1,8,0,0,"GeForce GTX 960 (0)","1","19",,,"reset",97
14.544351,51.508960,6,6,1,8,8,1,24,0,36,"GeForce GTX 960 (0)","1","20",,,"gaussian_blur",103
14.544790,67.073931,6,6,1,8,8,1,24,0,100,"GeForce GTX 960 (0)","1","21",,,"gaussian_blur",108
14.545395,52.587857,6,6,1,8,8,1,24,0,36,"GeForce GTX 960 (0)","1","22",,,"gaussian_blur",113
14.596014,23.073253,6,6,1,8,8,1,40,72,0,"GeForce GTX 960 (0)","1","20",,,"sobel",117
14.612007,18.538914,6,6,1,8,8,1,40,72,0,"GeForce GTX 960 (0)","1","21",,,"sobel",121
14.630677,1.373102,12,1,1,1024,1,1,8,0,0,"GeForce GTX 960 (0)","1","23",,,"minimum",132
14.630693,2.204098,12,1,1,1024,1,1,8,0,0,"GeForce GTX 960 (0)","1","21",,,"maximum",126
14.633061,4.320325,12,1,1,1024,1,1,13,0,0,"GeForce GTX 960 (0)","1","21",,,"extend",139
14.633142,6.232106,12,1,1,1024,1,1,12,0,0,"GeForce GTX 960 (0)","1","22",,,"unsharpen",146
14.639656,4.498754,12,1,1,1024,1,1,13,0,0,"GeForce GTX 960 (0)","1","21",,,"combine",154
14.644367,4.523554,12,1,1,1024,1,1,13,0,0,"GeForce GTX 960 (0)","1","19",,,"combine",162
14.649167,,,,,,,,,,,,,,"PC 0x80f68ae","0x1110000000","[Unified Memory CPU page faults]",
14.649188,0.001280,,,,,,,,,,"GeForce GTX 960 (0)",,,4096.000000,"0x1110000000","[Unified Memory Memcpy DtoH]",
14.649189,0.005344,,,,,,,,,,"GeForce GTX 960 (0)",,,61440.000000,"0x1110001000","[Unified Memory Memcpy DtoH]",
14.771008,0.001856,,,,,,,,,,"GeForce GTX 960 (0)",,,8192.000000,"0x1100a83000","[Unified Memory Memcpy HtoD]",
14.771047,0.001344,12,1,1,1024,1,1,8,0,0,"GeForce GTX 960 (0)","1","24",,,"reset",185
14.771318,0.001152,6,6,1,8,8,1,8,0,0,"GeForce GTX 960 (0)","1","24",,,"reset",188
14.771673,46.181705,6,6,1,8,8,1,24,0,36,"GeForce GTX 960 (0)","1","25",,,"gaussian_blur",194
14.771960,58.958010,6,6,1,8,8,1,24,0,100,"GeForce GTX 960 (0)","1","26",,,"gaussian_blur",199
14.772249,46.646019,6,6,1,8,8,1,24,0,36,"GeForce GTX 960 (0)","1","27",,,"gaussian_blur",204
14.818012,18.389668,6,6,1,8,8,1,40,72,0,"GeForce GTX 960 (0)","1","25",,,"sobel",208
14.831032,13.909025,6,6,1,8,8,1,40,72,0,"GeForce GTX 960 (0)","1","26",,,"sobel",212
14.845089,1.390989,12,1,1,1024,1,1,8,0,0,"GeForce GTX 960 (0)","1","28",,,"minimum",223
14.845135,2.317088,12,1,1,1024,1,1,8,0,0,"GeForce GTX 960 (0)","1","26",,,"maximum",217
14.848034,4.173319,12,1,1,1024,1,1,13,0,0,"GeForce GTX 960 (0)","1","26",,,"extend",230
14.848137,6.104428,12,1,1,1024,1,1,12,0,0,"GeForce GTX 960 (0)","1","27",,,"unsharpen",237
14.854529,4.480675,12,1,1,1024,1,1,13,0,0,"GeForce GTX 960 (0)","1","26",,,"combine",245
14.859232,4.488259,12,1,1,1024,1,1,13,0,0,"GeForce GTX 960 (0)","1","24",,,"combine",253
14.864042,,,,,,,,,,,,,,"PC 0x80f68ae","0x1110000000","[Unified Memory CPU page faults]",
14.864066,0.001184,,,,,,,,,,"GeForce GTX 960 (0)",,,4096.000000,"0x1110000000","[Unified Memory Memcpy DtoH]",
14.864068,0.005056,,,,,,,,,,"GeForce GTX 960 (0)",,,61440.000000,"0x1110001000","[Unified Memory Memcpy DtoH]",
14.963125,0.001760,,,,,,,,,,"GeForce GTX 960 (0)",,,8192.000000,"0x1100a83000","[Unified Memory Memcpy HtoD]",
14.963157,0.001248,12,1,1,1024,1,1,8,0,0,"GeForce GTX 960 (0)","1","29",,,"reset",276
14.963494,0.001088,6,6,1,8,8,1,8,0,0,"GeForce GTX 960 (0)","1","29",,,"reset",279
14.963991,43.976359,6,6,1,8,8,1,24,0,36,"GeForce GTX 960 (0)","1","30",,,"gaussian_blur",285
14.964359,56.538587,6,6,1,8,8,1,24,0,100,"GeForce GTX 960 (0)","1","31",,,"gaussian_blur",290
14.964668,44.658749,6,6,1,8,8,1,24,0,36,"GeForce GTX 960 (0)","1","32",,,"gaussian_blur",295
15.008088,17.858156,6,6,1,8,8,1,40,72,0,"GeForce GTX 960 (0)","1","30",,,"sobel",299
15.021026,13.600390,6,6,1,8,8,1,40,72,0,"GeForce GTX 960 (0)","1","31",,,"sobel",303
15.034777,1.386317,12,1,1,1024,1,1,8,0,0,"GeForce GTX 960 (0)","1","33",,,"minimum",314
15.034835,2.139074,12,1,1,1024,1,1,8,0,0,"GeForce GTX 960 (0)","1","31",,,"maximum",308
15.037144,4.203526,12,1,1,1024,1,1,13,0,0,"GeForce GTX 960 (0)","1","31",,,"extend",321
15.037194,6.180940,12,1,1,1024,1,1,12,0,0,"GeForce GTX 960 (0)","1","32",,,"unsharpen",328
15.043683,4.466530,12,1,1,1024,1,1,13,0,0,"GeForce GTX 960 (0)","1","31",,,"combine",336
15.048299,4.491971,12,1,1,1024,1,1,13,0,0,"GeForce GTX 960 (0)","1","29",,,"combine",344
15.053112,,,,,,,,,,,,,,"PC 0x80f68ae","0x1110000000","[Unified Memory CPU page faults]",
15.053134,0.001184,,,,,,,,,,"GeForce GTX 960 (0)",,,4096.000000,"0x1110000000","[Unified Memory Memcpy DtoH]",
15.053135,0.005088,,,,,,,,,,"GeForce GTX 960 (0)",,,61440.000000,"0x1110001000","[Unified Memory Memcpy DtoH]",
15.140547,0.001888,,,,,,,,,,"GeForce GTX 960 (0)",,,8192.000000,"0x1100a83000","[Unified Memory Memcpy HtoD]",
15.140590,0.001280,12,1,1,1024,1,1,8,0,0,"GeForce GTX 960 (0)","1","34",,,"reset",367
15.140994,0.001088,6,6,1,8,8,1,8,0,0,"GeForce GTX 960 (0)","1","34",,,"reset",370
15.141416,44.426400,6,6,1,8,8,1,24,0,36,"GeForce GTX 960 (0)","1","35",,,"gaussian_blur",376
15.141754,56.800024,6,6,1,8,8,1,24,0,100,"GeForce GTX 960 (0)","1","36",,,"gaussian_blur",381
15.142073,45.080408,6,6,1,8,8,1,24,0,36,"GeForce GTX 960 (0)","1","37",,,"gaussian_blur",386
15.185953,17.958922,6,6,1,8,8,1,40,72,0,"GeForce GTX 960 (0)","1","35",,,"sobel",390
15.198672,14.192606,6,6,1,8,8,1,40,72,0,"GeForce GTX 960 (0)","1","36",,,"sobel",394
15.213025,1.408780,12,1,1,1024,1,1,8,0,0,"GeForce GTX 960 (0)","1","38",,,"minimum",405
15.213046,2.180739,12,1,1,1024,1,1,8,0,0,"GeForce GTX 960 (0)","1","36",,,"maximum",399
15.215361,4.173191,12,1,1,1024,1,1,13,0,0,"GeForce GTX 960 (0)","1","36",,,"extend",412
15.215418,6.143276,12,1,1,1024,1,1,12,0,0,"GeForce GTX 960 (0)","1","37",,,"unsharpen",419
15.221776,4.491203,12,1,1,1024,1,1,13,0,0,"GeForce GTX 960 (0)","1","36",,,"combine",427
15.226456,4.483459,12,1,1,1024,1,1,13,0,0,"GeForce GTX 960 (0)","1","34",,,"combine",435
15.231336,,,,,,,,,,,,,,"PC 0x80f68ae","0x1110000000","[Unified Memory CPU page faults]",
15.231366,0.001248,,,,,,,,,,"GeForce GTX 960 (0)",,,4096.000000,"0x1110000000","[Unified Memory Memcpy DtoH]",
15.231367,0.005120,,,,,,,,,,"GeForce GTX 960 (0)",,,61440.000000,"0x1110001000","[Unified Memory Memcpy DtoH]",
15.326099,0.001760,,,,,,,,,,"GeForce GTX 960 (0)",,,8192.000000,"0x1100a83000","[Unified Memory Memcpy HtoD]",
15.326136,0.001280,12,1,1,1024,1,1,8,0,0,"GeForce GTX 960 (0)","1","39",,,"reset",458
15.326419,0.001088,6,6,1,8,8,1,8,0,0,"GeForce GTX 960 (0)","1","39",,,"reset",461
15.326724,44.480736,6,6,1,8,8,1,24,0,36,"GeForce GTX 960 (0)","1","40",,,"gaussian_blur",467
15.326973,56.626234,6,6,1,8,8,1,24,0,100,"GeForce GTX 960 (0)","1","41",,,"gaussian_blur",472
15.327223,44.837051,6,6,1,8,8,1,24,0,36,"GeForce GTX 960 (0)","1","42",,,"gaussian_blur",477
15.371365,19.024444,6,6,1,8,8,1,40,72,0,"GeForce GTX 960 (0)","1","40",,,"sobel",481
15.383787,16.535517,6,6,1,8,8,1,40,72,0,"GeForce GTX 960 (0)","1","41",,,"sobel",485
15.400459,1.416044,12,1,1,1024,1,1,8,0,0,"GeForce GTX 960 (0)","1","43",,,"minimum",496
15.400487,2.176674,12,1,1,1024,1,1,8,0,0,"GeForce GTX 960 (0)","1","41",,,"maximum",490
15.402801,4.224102,12,1,1,1024,1,1,13,0,0,"GeForce GTX 960 (0)","1","41",,,"extend",503
15.402881,6.123693,12,1,1,1024,1,1,12,0,0,"GeForce GTX 960 (0)","1","42",,,"unsharpen",510
15.409305,4.504610,12,1,1,1024,1,1,13,0,0,"GeForce GTX 960 (0)","1","41",,,"combine",518
15.414062,4.529794,12,1,1,1024,1,1,13,0,0,"GeForce GTX 960 (0)","1","39",,,"combine",526
15.418911,,,,,,,,,,,,,,"PC 0x80f68ae","0x1110000000","[Unified Memory CPU page faults]",
15.418944,0.001632,,,,,,,,,,"GeForce GTX 960 (0)",,,4096.000000,"0x1110000000","[Unified Memory Memcpy DtoH]",
15.418945,0.006560,,,,,,,,,,"GeForce GTX 960 (0)",,,61440.000000,"0x1110001000","[Unified Memory Memcpy DtoH]",
15.517499,0.001984,,,,,,,,,,"GeForce GTX 960 (0)",,,8192.000000,"0x1100a83000","[Unified Memory Memcpy HtoD]",
15.517544,0.001248,12,1,1,1024,1,1,8,0,0,"GeForce GTX 960 (0)","1","44",,,"reset",549
15.517910,0.001056,6,6,1,8,8,1,8,0,0,"GeForce GTX 960 (0)","1","44",,,"reset",552
15.518356,44.535967,6,6,1,8,8,1,24,0,36,"GeForce GTX 960 (0)","1","45",,,"gaussian_blur",558
15.518714,56.992181,6,6,1,8,8,1,24,0,100,"GeForce GTX 960 (0)","1","46",,,"gaussian_blur",563
15.519040,45.189014,6,6,1,8,8,1,24,0,36,"GeForce GTX 960 (0)","1","47",,,"gaussian_blur",568
15.563032,18.680545,6,6,1,8,8,1,40,72,0,"GeForce GTX 960 (0)","1","45",,,"sobel",572
15.575839,15.051634,6,6,1,8,8,1,40,72,0,"GeForce GTX 960 (0)","1","46",,,"sobel",576
15.591011,1.394701,12,1,1,1024,1,1,8,0,0,"GeForce GTX 960 (0)","1","48",,,"minimum",587
15.591036,2.188738,12,1,1,1024,1,1,8,0,0,"GeForce GTX 960 (0)","1","46",,,"maximum",581
15.593348,4.198886,12,1,1,1024,1,1,13,0,0,"GeForce GTX 960 (0)","1","46",,,"extend",594
15.593415,6.156524,12,1,1,1024,1,1,12,0,0,"GeForce GTX 960 (0)","1","47",,,"unsharpen",601
15.599769,4.496546,12,1,1,1024,1,1,13,0,0,"GeForce GTX 960 (0)","1","46",,,"combine",609
15.604424,4.458051,12,1,1,1024,1,1,13,0,0,"GeForce GTX 960 (0)","1","44",,,"combine",617
15.609234,,,,,,,,,,,,,,"PC 0x80f68ae","0x1110000000","[Unified Memory CPU page faults]",
15.609261,0.001216,,,,,,,,,,"GeForce GTX 960 (0)",,,4096.000000,"0x1110000000","[Unified Memory Memcpy DtoH]",
15.609262,0.005088,,,,,,,,,,"GeForce GTX 960 (0)",,,61440.000000,"0x1110001000","[Unified Memory Memcpy DtoH]",
15.697533,0.001696,,,,,,,,,,"GeForce GTX 960 (0)",,,8192.000000,"0x1100a83000","[Unified Memory Memcpy HtoD]",
15.697564,0.001280,12,1,1,1024,1,1,8,0,0,"GeForce GTX 960 (0)","1","49",,,"reset",640
15.697805,0.001088,6,6,1,8,8,1,8,0,0,"GeForce GTX 960 (0)","1","49",,,"reset",643
15.698170,44.110117,6,6,1,8,8,1,24,0,36,"GeForce GTX 960 (0)","1","50",,,"gaussian_blur",649
15.698541,56.393117,6,6,1,8,8,1,24,0,100,"GeForce GTX 960 (0)","1","51",,,"gaussian_blur",654
15.698828,44.719261,6,6,1,8,8,1,24,0,36,"GeForce GTX 960 (0)","1","52",,,"gaussian_blur",659
15.742453,18.757727,6,6,1,8,8,1,40,72,0,"GeForce GTX 960 (0)","1","50",,,"sobel",663
15.755064,15.657898,6,6,1,8,8,1,40,72,0,"GeForce GTX 960 (0)","1","51",,,"sobel",667
15.770860,1.391181,12,1,1,1024,1,1,8,0,0,"GeForce GTX 960 (0)","1","53",,,"minimum",678
15.770915,2.140098,12,1,1,1024,1,1,8,0,0,"GeForce GTX 960 (0)","1","51",,,"maximum",672
15.773220,4.187495,12,1,1,1024,1,1,13,0,0,"GeForce GTX 960 (0)","1","51",,,"extend",685
15.773300,6.129644,12,1,1,1024,1,1,12,0,0,"GeForce GTX 960 (0)","1","52",,,"unsharpen",692
15.779710,4.495139,12,1,1,1024,1,1,13,0,0,"GeForce GTX 960 (0)","1","51",,,"combine",700
15.784405,4.474531,12,1,1,1024,1,1,13,0,0,"GeForce GTX 960 (0)","1","49",,,"combine",708
15.789129,,,,,,,,,,,,,,"PC 0x80f68ae","0x1110000000","[Unified Memory CPU page faults]",
15.789153,0.001216,,,,,,,,,,"GeForce GTX 960 (0)",,,4096.000000,"0x1110000000","[Unified Memory Memcpy DtoH]",
15.789154,0.005056,,,,,,,,,,"GeForce GTX 960 (0)",,,61440.000000,"0x1110001000","[Unified Memory Memcpy DtoH]",
15.871356,0.002112,,,,,,,,,,"GeForce GTX 960 (0)",,,8192.000000,"0x1100a83000","[Unified Memory Memcpy HtoD]",
15.871506,0.001888,12,1,1,1024,1,1,8,0,0,"GeForce GTX 960 (0)","1","54",,,"reset",731
15.871798,0.001120,6,6,1,8,8,1,8,0,0,"GeForce GTX 960 (0)","1","54",,,"reset",734
15.872120,44.569182,6,6,1,8,8,1,24,0,36,"GeForce GTX 960 (0)","1","55",,,"gaussian_blur",740
15.872443,57.106963,6,6,1,8,8,1,24,0,100,"GeForce GTX 960 (0)","1","56",,,"gaussian_blur",745
15.872744,45.048184,6,6,1,8,8,1,24,0,36,"GeForce GTX 960 (0)","1","57",,,"gaussian_blur",750
15.916817,19.588404,6,6,1,8,8,1,40,72,0,"GeForce GTX 960 (0)","1","55",,,"sobel",754
15.929679,17.062615,6,6,1,8,8,1,40,72,0,"GeForce GTX 960 (0)","1","56",,,"sobel",758
15.946886,1.393453,12,1,1,1024,1,1,8,0,0,"GeForce GTX 960 (0)","1","58",,,"minimum",769
15.946910,2.175842,12,1,1,1024,1,1,8,0,0,"GeForce GTX 960 (0)","1","56",,,"maximum",763
15.949229,4.187271,12,1,1,1024,1,1,13,0,0,"GeForce GTX 960 (0)","1","56",,,"extend",776
15.949325,6.125132,12,1,1,1024,1,1,12,0,0,"GeForce GTX 960 (0)","1","57",,,"unsharpen",783
15.955729,4.476163,12,1,1,1024,1,1,13,0,0,"GeForce GTX 960 (0)","1","56",,,"combine",791
15.960436,4.478467,12,1,1,1024,1,1,13,0,0,"GeForce GTX 960 (0)","1","54",,,"combine",799
15.965320,,,,,,,,,,,,,,"PC 0x80f68ae","0x1110000000","[Unified Memory CPU page faults]",
15.965350,0.001184,,,,,,,,,,"GeForce GTX 960 (0)",,,4096.000000,"0x1110000000","[Unified Memory Memcpy DtoH]",
15.965352,0.005088,,,,,,,,,,"GeForce GTX 960 (0)",,,61440.000000,"0x1110001000","[Unified Memory Memcpy DtoH]",
16.067886,0.002208,,,,,,,,,,"GeForce GTX 960 (0)",,,8192.000000,"0x1100a83000","[Unified Memory Memcpy HtoD]",
16.067933,0.001248,12,1,1,1024,1,1,8,0,0,"GeForce GTX 960 (0)","1","59",,,"reset",822
16.068447,0.001056,6,6,1,8,8,1,8,0,0,"GeForce GTX 960 (0)","1","59",,,"reset",825
16.069062,43.555565,6,6,1,8,8,1,24,0,36,"GeForce GTX 960 (0)","1","60",,,"gaussian_blur",831
16.069577,56.567483,6,6,1,8,8,1,24,0,100,"GeForce GTX 960 (0)","1","61",,,"gaussian_blur",836
16.070040,44.614078,6,6,1,8,8,1,24,0,36,"GeForce GTX 960 (0)","1","62",,,"gaussian_blur",841
16.112790,16.703708,6,6,1,8,8,1,40,72,0,"GeForce GTX 960 (0)","1","60",,,"sobel",845
16.126304,13.160364,6,6,1,8,8,1,40,72,0,"GeForce GTX 960 (0)","1","61",,,"sobel",849
16.139598,1.400525,12,1,1,1024,1,1,8,0,0,"GeForce GTX 960 (0)","1","63",,,"minimum",860
16.139650,2.155363,12,1,1,1024,1,1,8,0,0,"GeForce GTX 960 (0)","1","61",,,"maximum",854
16.141932,4.200550,12,1,1,1024,1,1,13,0,0,"GeForce GTX 960 (0)","1","61",,,"extend",867
16.142002,6.139980,12,1,1,1024,1,1,12,0,0,"GeForce GTX 960 (0)","1","62",,,"unsharpen",874
16.148414,4.461475,12,1,1,1024,1,1,13,0,0,"GeForce GTX 960 (0)","1","61",,,"combine",882
16.153117,4.521890,12,1,1,1024,1,1,13,0,0,"GeForce GTX 960 (0)","1","59",,,"combine",890
16.157883,,,,,,,,,,,,,,"PC 0x80f68ae","0x1110000000","[Unified Memory CPU page faults]",
16.157912,0.001216,,,,,,,,,,"GeForce GTX 960 (0)",,,4096.000000,"0x1110000000","[Unified Memory Memcpy DtoH]",
16.157913,0.005184,,,,,,,,,,"GeForce GTX 960 (0)",,,61440.000000,"0x1110001000","[Unified Memory Memcpy DtoH]",
16.255141,0.001696,,,,,,,,,,"GeForce GTX 960 (0)",,,8192.000000,"0x1100a83000","[Unified Memory Memcpy HtoD]",
16.255178,0.001280,12,1,1,1024,1,1,8,0,0,"GeForce GTX 960 (0)","1","64",,,"reset",913
16.255438,0.001088,6,6,1,8,8,1,8,0,0,"GeForce GTX 960 (0)","1","64",,,"reset",916
16.255707,43.869992,6,6,1,8,8,1,24,0,36,"GeForce GTX 960 (0)","1","65",,,"gaussian_blur",922
16.255922,56.362685,6,6,1,8,8,1,24,0,100,"GeForce GTX 960 (0)","1","66",,,"gaussian_blur",927
16.256159,44.098245,6,6,1,8,8,1,24,0,36,"GeForce GTX 960 (0)","1","67",,,"gaussian_blur",932
16.299685,17.952202,6,6,1,8,8,1,40,72,0,"GeForce GTX 960 (0)","1","65",,,"sobel",936
16.312420,13.742340,6,6,1,8,8,1,40,72,0,"GeForce GTX 960 (0)","1","66",,,"sobel",940
16.326317,1.398189,12,1,1,1024,1,1,8,0,0,"GeForce GTX 960 (0)","1","68",,,"minimum",951
16.326362,2.166882,12,1,1,1024,1,1,8,0,0,"GeForce GTX 960 (0)","1","66",,,"maximum",945
16.328655,4.179079,12,1,1,1024,1,1,13,0,0,"GeForce GTX 960 (0)","1","66",,,"extend",958
16.328764,6.100940,12,1,1,1024,1,1,12,0,0,"GeForce GTX 960 (0)","1","67",,,"unsharpen",965
16.335193,4.501474,12,1,1,1024,1,1,13,0,0,"GeForce GTX 960 (0)","1","66",,,"combine",973
16.339905,4.494402,12,1,1,1024,1,1,13,0,0,"GeForce GTX 960 (0)","1","64",,,"combine",981
16.344718,,,,,,,,,,,,,,"PC 0x80f68ae","0x1110000000","[Unified Memory CPU page faults]",
16.344751,0.001280,,,,,,,,,,"GeForce GTX 960 (0)",,,4096.000000,"0x1110000000","[Unified Memory Memcpy DtoH]",
16.344752,0.006848,,,,,,,,,,"GeForce GTX 960 (0)",,,61440.000000,"0x1110001000","[Unified Memory Memcpy DtoH]",
16.440975,0.001728,,,,,,,,,,"GeForce GTX 960 (0)",,,8192.000000,"0x1100a83000","[Unified Memory Memcpy HtoD]",
16.441010,0.001248,12,1,1,1024,1,1,8,0,0,"GeForce GTX 960 (0)","1","69",,,"reset",1004
16.441246,0.001088,6,6,1,8,8,1,8,0,0,"GeForce GTX 960 (0)","1","69",,,"reset",1007
16.441646,43.909960,6,6,1,8,8,1,24,0,36,"GeForce GTX 960 (0)","1","70",,,"gaussian_blur",1013
16.441871,55.898180,6,6,1,8,8,1,24,0,100,"GeForce GTX 960 (0)","1","71",,,"gaussian_blur",1018
16.442063,43.871401,6,6,1,8,8,1,24,0,36,"GeForce GTX 960 (0)","1","72",,,"gaussian_blur",1023
16.485704,17.217876,6,6,1,8,8,1,40,72,0,"GeForce GTX 960 (0)","1","70",,,"sobel",1027
16.497904,13.176652,6,6,1,8,8,1,40,72,0,"GeForce GTX 960 (0)","1","71",,,"sobel",1031
16.511218,1.408749,12,1,1,1024,1,1,8,0,0,"GeForce GTX 960 (0)","1","73",,,"minimum",1042
16.511242,2.176483,12,1,1,1024,1,1,8,0,0,"GeForce GTX 960 (0)","1","71",,,"maximum",1036
16.513553,4.165735,12,1,1,1024,1,1,13,0,0,"GeForce GTX 960 (0)","1","71",,,"extend",1049
16.513647,6.121804,12,1,1,1024,1,1,12,0,0,"GeForce GTX 960 (0)","1","72",,,"unsharpen",1056
16.520006,4.453987,12,1,1,1024,1,1,13,0,0,"GeForce GTX 960 (0)","1","71",,,"combine",1064
16.524679,4.494018,12,1,1,1024,1,1,13,0,0,"GeForce GTX 960 (0)","1","69",,,"combine",1072
16.529373,,,,,,,,,,,,,,"PC 0x80f68ae","0x1110000000","[Unified Memory CPU page faults]",
16.529400,0.001216,,,,,,,,,,"GeForce GTX 960 (0)",,,4096.000000,"0x1110000000","[Unified Memory Memcpy DtoH]",
16.529401,0.005088,,,,,,,,,,"GeForce GTX 960 (0)",,,61440.000000,"0x1110001000","[Unified Memory Memcpy DtoH]",
16.614036,0.001952,,,,,,,,,,"GeForce GTX 960 (0)",,,8192.000000,"0x1100a83000","[Unified Memory Memcpy HtoD]",
16.614074,0.001312,12,1,1,1024,1,1,8,0,0,"GeForce GTX 960 (0)","1","74",,,"reset",1095
16.614383,0.001088,6,6,1,8,8,1,8,0,0,"GeForce GTX 960 (0)","1","74",,,"reset",1098
16.614730,44.509280,6,6,1,8,8,1,24,0,36,"GeForce GTX 960 (0)","1","75",,,"gaussian_blur",1104
16.614992,59.102295,6,6,1,8,8,1,24,0,100,"GeForce GTX 960 (0)","1","76",,,"gaussian_blur",1109
16.615239,44.833819,6,6,1,8,8,1,24,0,36,"GeForce GTX 960 (0)","1","77",,,"gaussian_blur",1114
16.659405,22.652395,6,6,1,8,8,1,40,72,0,"GeForce GTX 960 (0)","1","75",,,"sobel",1118
16.674225,18.882237,6,6,1,8,8,1,40,72,0,"GeForce GTX 960 (0)","1","76",,,"sobel",1122
16.693236,1.383565,12,1,1,1024,1,1,8,0,0,"GeForce GTX 960 (0)","1","78",,,"minimum",1133
16.693260,2.147907,12,1,1,1024,1,1,8,0,0,"GeForce GTX 960 (0)","1","76",,,"maximum",1127
16.695527,4.211399,12,1,1,1024,1,1,13,0,0,"GeForce GTX 960 (0)","1","76",,,"extend",1140
16.695579,6.167563,12,1,1,1024,1,1,12,0,0,"GeForce GTX 960 (0)","1","77",,,"unsharpen",1147
16.701949,4.466850,12,1,1,1024,1,1,13,0,0,"GeForce GTX 960 (0)","1","76",,,"combine",1155
16.706584,4.495651,12,1,1,1024,1,1,13,0,0,"GeForce GTX 960 (0)","1","74",,,"combine",1163
16.711337,,,,,,,,,,,,,,"PC 0x80f68ae","0x1110000000","[Unified Memory CPU page faults]",
16.711369,0.001248,,,,,,,,,,"GeForce GTX 960 (0)",,,4096.000000,"0x1110000000","[Unified Memory Memcpy DtoH]",
16.711370,0.005088,,,,,,,,,,"GeForce GTX 960 (0)",,,61440.000000,"0x1110001000","[Unified Memory Memcpy DtoH]",
16.807284,0.001824,,,,,,,,,,"GeForce GTX 960 (0)",,,8192.000000,"0x1100a83000","[Unified Memory Memcpy HtoD]",
16.807322,0.001280,12,1,1,1024,1,1,8,0,0,"GeForce GTX 960 (0)","1","79",,,"reset",1186
16.807511,0.001088,6,6,1,8,8,1,8,0,0,"GeForce GTX 960 (0)","1","79",,,"reset",1189
16.807764,44.188452,6,6,1,8,8,1,24,0,36,"GeForce GTX 960 (0)","1","80",,,"gaussian_blur",1195
16.808028,56.458396,6,6,1,8,8,1,24,0,100,"GeForce GTX 960 (0)","1","81",,,"gaussian_blur",1200
16.808294,44.527391,6,6,1,8,8,1,24,0,36,"GeForce GTX 960 (0)","1","82",,,"gaussian_blur",1205
16.852106,18.826175,6,6,1,8,8,1,40,72,0,"GeForce GTX 960 (0)","1","80",,,"sobel",1209
16.864600,15.853127,6,6,1,8,8,1,40,72,0,"GeForce GTX 960 (0)","1","81",,,"sobel",1213
16.880588,1.390669,12,1,1,1024,1,1,8,0,0,"GeForce GTX 960 (0)","1","83",,,"minimum",1224
16.880634,2.148611,12,1,1,1024,1,1,8,0,0,"GeForce GTX 960 (0)","1","81",,,"maximum",1218
16.882944,4.187207,12,1,1,1024,1,1,13,0,0,"GeForce GTX 960 (0)","1","81",,,"extend",1231
16.883005,6.154667,12,1,1,1024,1,1,12,0,0,"GeForce GTX 960 (0)","1","82",,,"unsharpen",1238
16.889370,4.478626,12,1,1,1024,1,1,13,0,0,"GeForce GTX 960 (0)","1","81",,,"combine",1246
16.894028,4.472451,12,1,1,1024,1,1,13,0,0,"GeForce GTX 960 (0)","1","79",,,"combine",1254
16.898722,,,,,,,,,,,,,,"PC 0x80f68ae","0x1110000000","[Unified Memory CPU page faults]",
16.898753,0.001216,,,,,,,,,,"GeForce GTX 960 (0)",,,4096.000000,"0x1110000000","[Unified Memory Memcpy DtoH]",
16.898755,0.005088,,,,,,,,,,"GeForce GTX 960 (0)",,,61440.000000,"0x1110001000","[Unified Memory Memcpy DtoH]",
16.984743,0.001696,,,,,,,,,,"GeForce GTX 960 (0)",,,8192.000000,"0x1100a83000","[Unified Memory Memcpy HtoD]",
16.984805,0.001248,12,1,1,1024,1,1,8,0,0,"GeForce GTX 960 (0)","1","84",,,"reset",1277
16.985023,0.001056,6,6,1,8,8,1,8,0,0,"GeForce GTX 960 (0)","1","84",,,"reset",1280
16.985300,44.736604,6,6,1,8,8,1,24,0,36,"GeForce GTX 960 (0)","1","85",,,"gaussian_blur",1286
16.985669,56.651513,6,6,1,8,8,1,24,0,100,"GeForce GTX 960 (0)","1","86",,,"gaussian_blur",1291
16.985906,44.865723,6,6,1,8,8,1,24,0,36,"GeForce GTX 960 (0)","1","87",,,"gaussian_blur",1296
17.030193,19.224121,6,6,1,8,8,1,40,72,0,"GeForce GTX 960 (0)","1","85",,,"sobel",1300
17.042488,16.123939,6,6,1,8,8,1,40,72,0,"GeForce GTX 960 (0)","1","86",,,"sobel",1304
17.058786,1.402253,12,1,1,1024,1,1,8,0,0,"GeForce GTX 960 (0)","1","88",,,"minimum",1315
17.058820,2.159907,12,1,1,1024,1,1,8,0,0,"GeForce GTX 960 (0)","1","86",,,"maximum",1309
17.061160,4.177895,12,1,1,1024,1,1,13,0,0,"GeForce GTX 960 (0)","1","86",,,"extend",1322
17.061254,6.103565,12,1,1,1024,1,1,12,0,0,"GeForce GTX 960 (0)","1","87",,,"unsharpen",1329
17.067616,4.505378,12,1,1,1024,1,1,13,0,0,"GeForce GTX 960 (0)","1","86",,,"combine",1337
17.072403,4.478146,12,1,1,1024,1,1,13,0,0,"GeForce GTX 960 (0)","1","84",,,"combine",1345
17.077268,,,,,,,,,,,,,,"PC 0x80f68ae","0x1110000000","[Unified Memory CPU page faults]",
17.077309,0.001536,,,,,,,,,,"GeForce GTX 960 (0)",,,4096.000000,"0x1110000000","[Unified Memory Memcpy DtoH]",
17.077311,0.006944,,,,,,,,,,"GeForce GTX 960 (0)",,,61440.000000,"0x1110001000","[Unified Memory Memcpy DtoH]",
17.170971,0.002016,,,,,,,,,,"GeForce GTX 960 (0)",,,8192.000000,"0x1100a83000","[Unified Memory Memcpy HtoD]",
17.171025,0.001344,12,1,1,1024,1,1,8,0,0,"GeForce GTX 960 (0)","1","89",,,"reset",1368
17.171470,0.001120,6,6,1,8,8,1,8,0,0,"GeForce GTX 960 (0)","1","89",,,"reset",1371
17.171850,44.262786,6,6,1,8,8,1,24,0,36,"GeForce GTX 960 (0)","1","90",,,"gaussian_blur",1377
17.172108,55.415434,6,6,1,8,8,1,24,0,100,"GeForce GTX 960 (0)","1","91",,,"gaussian_blur",1382
17.172394,44.561343,6,6,1,8,8,1,24,0,36,"GeForce GTX 960 (0)","1","92",,,"gaussian_blur",1387
17.216239,16.464254,6,6,1,8,8,1,40,72,0,"GeForce GTX 960 (0)","1","90",,,"sobel",1391
17.227697,17.802284,6,6,1,8,8,1,40,72,0,"GeForce GTX 960 (0)","1","91",,,"sobel",1395
17.245658,1.380493,12,1,1,1024,1,1,8,0,0,"GeForce GTX 960 (0)","1","93",,,"minimum",1406
17.245732,2.139267,12,1,1,1024,1,1,8,0,0,"GeForce GTX 960 (0)","1","91",,,"maximum",1400
17.248083,4.170727,12,1,1,1024,1,1,13,0,0,"GeForce GTX 960 (0)","1","91",,,"extend",1413
17.248204,6.097485,12,1,1,1024,1,1,12,0,0,"GeForce GTX 960 (0)","1","92",,,"unsharpen",1420
17.254539,4.452195,12,1,1,1024,1,1,13,0,0,"GeForce GTX 960 (0)","1","91",,,"combine",1428
17.259150,4.493346,12,1,1,1024,1,1,13,0,0,"GeForce GTX 960 (0)","1","89",,,"combine",1436
17.263885,,,,,,,,,,,,,,"PC 0x80f68ae","0x1110000000","[Unified Memory CPU page faults]",
17.263915,0.001184,,,,,,,,,,"GeForce GTX 960 (0)",,,4096.000000,"0x1110000000","[Unified Memory Memcpy DtoH]",
17.263916,0.005055,,,,,,,,,,"GeForce GTX 960 (0)",,,61440.000000,"0x1110001000","[Unified Memory Memcpy DtoH]",
17.349402,0.001695,,,,,,,,,,"GeForce GTX 960 (0)",,,8192.000000,"0x1100a83000","[Unified Memory Memcpy HtoD]",
17.349461,0.001280,12,1,1,1024,1,1,8,0,0,"GeForce GTX 960 (0)","1","94",,,"reset",1459
17.349666,0.001056,6,6,1,8,8,1,8,0,0,"GeForce GTX 960 (0)","1","94",,,"reset",1462
17.349900,44.062469,6,6,1,8,8,1,24,0,36,"GeForce GTX 960 (0)","1","95",,,"gaussian_blur",1468
17.350090,55.116430,6,6,1,8,8,1,24,0,100,"GeForce GTX 960 (0)","1","96",,,"gaussian_blur",1473
17.350284,44.090726,6,6,1,8,8,1,24,0,36,"GeForce GTX 960 (0)","1","97",,,"gaussian_blur",1478
17.394092,18.821567,6,6,1,8,8,1,40,72,0,"GeForce GTX 960 (0)","1","95",,,"sobel",1482
17.405365,21.135743,6,6,1,8,8,1,40,72,0,"GeForce GTX 960 (0)","1","96",,,"sobel",1486
17.426651,1.399757,12,1,1,1024,1,1,8,0,0,"GeForce GTX 960 (0)","1","98",,,"minimum",1497
17.426674,2.178626,12,1,1,1024,1,1,8,0,0,"GeForce GTX 960 (0)","1","96",,,"maximum",1491
17.428992,4.184839,12,1,1,1024,1,1,13,0,0,"GeForce GTX 960 (0)","1","96",,,"extend",1504
17.429063,6.123596,12,1,1,1024,1,1,12,0,0,"GeForce GTX 960 (0)","1","97",,,"unsharpen",1511
17.435452,4.481506,12,1,1,1024,1,1,13,0,0,"GeForce GTX 960 (0)","1","96",,,"combine",1519
17.440174,4.447971,12,1,1,1024,1,1,13,0,0,"GeForce GTX 960 (0)","1","94",,,"combine",1527
17.444894,,,,,,,,,,,,,,"PC 0x80f68ae","0x1110000000","[Unified Memory CPU page faults]",
17.444928,0.001312,,,,,,,,,,"GeForce GTX 960 (0)",,,4096.000000,"0x1110000000","[Unified Memory Memcpy DtoH]",
17.444929,0.005088,,,,,,,,,,"GeForce GTX 960 (0)",,,61440.000000,"0x1110001000","[Unified Memory Memcpy DtoH]",
17.540151,0.001888,,,,,,,,,,"GeForce GTX 960 (0)",,,8192.000000,"0x1100a83000","[Unified Memory Memcpy HtoD]",
17.540216,0.001280,12,1,1,1024,1,1,8,0,0,"GeForce GTX 960 (0)","1","99",,,"reset",1550
17.540755,0.001088,6,6,1,8,8,1,8,0,0,"GeForce GTX 960 (0)","1","99",,,"reset",1553
17.541326,43.537389,6,6,1,8,8,1,24,0,36,"GeForce GTX 960 (0)","1","100",,,"gaussian_blur",1559
17.541600,57.001941,6,6,1,8,8,1,24,0,100,"GeForce GTX 960 (0)","1","101",,,"gaussian_blur",1564
17.542062,44.169412,6,6,1,8,8,1,24,0,36,"GeForce GTX 960 (0)","1","102",,,"gaussian_blur",1569
17.585014,20.389673,6,6,1,8,8,1,40,72,0,"GeForce GTX 960 (0)","1","100",,,"sobel",1573
17.598749,16.712411,6,6,1,8,8,1,40,72,0,"GeForce GTX 960 (0)","1","101",,,"sobel",1577
17.615598,1.356494,12,1,1,1024,1,1,8,0,0,"GeForce GTX 960 (0)","1","103",,,"minimum",1588
17.615616,2.141923,12,1,1,1024,1,1,8,0,0,"GeForce GTX 960 (0)","1","101",,,"maximum",1582
17.617888,4.189063,12,1,1,1024,1,1,13,0,0,"GeForce GTX 960 (0)","1","101",,,"extend",1595
17.617961,6.138732,12,1,1,1024,1,1,12,0,0,"GeForce GTX 960 (0)","1","102",,,"unsharpen",1602
17.624319,4.472867,12,1,1,1024,1,1,13,0,0,"GeForce GTX 960 (0)","1","101",,,"combine",1610
17.628961,4.518882,12,1,1,1024,1,1,13,0,0,"GeForce GTX 960 (0)","1","99",,,"combine",1618
17.633745,,,,,,,,,,,,,,"PC 0x80f68ae","0x1110000000","[Unified Memory CPU page faults]",
17.633779,0.001184,,,,,,,,,,"GeForce GTX 960 (0)",,,4096.000000,"0x1110000000","[Unified Memory Memcpy DtoH]",
17.633780,0.005088,,,,,,,,,,"GeForce GTX 960 (0)",,,61440.000000,"0x1110001000","[Unified Memory Memcpy DtoH]",
17.705982,0.001760,,,,,,,,,,"GeForce GTX 960 (0)",,,8192.000000,"0x1100a83000","[Unified Memory Memcpy HtoD]",
17.706133,0.001280,12,1,1,1024,1,1,8,0,0,"GeForce GTX 960 (0)","1","104",,,"reset",1641
17.706313,0.001088,6,6,1,8,8,1,8,0,0,"GeForce GTX 960 (0)","1","104",,,"reset",1644
17.706673,44.425024,6,6,1,8,8,1,24,0,36,"GeForce GTX 960 (0)","1","105",,,"gaussian_blur",1650
17.706936,58.550272,6,6,1,8,8,1,24,0,100,"GeForce GTX 960 (0)","1","106",,,"gaussian_blur",1655
17.707150,44.723293,6,6,1,8,8,1,24,0,36,"GeForce GTX 960 (0)","1","107",,,"gaussian_blur",1660
17.751241,22.111090,6,6,1,8,8,1,40,72,0,"GeForce GTX 960 (0)","1","105",,,"sobel",1664
17.765596,18.878142,6,6,1,8,8,1,40,72,0,"GeForce GTX 960 (0)","1","106",,,"sobel",1668
17.784622,1.401485,12,1,1,1024,1,1,8,0,0,"GeForce GTX 960 (0)","1","108",,,"minimum",1679
17.784652,2.174499,12,1,1,1024,1,1,8,0,0,"GeForce GTX 960 (0)","1","106",,,"maximum",1673
17.786951,4.160039,12,1,1,1024,1,1,13,0,0,"GeForce GTX 960 (0)","1","106",,,"extend",1686
17.787028,6.112140,12,1,1,1024,1,1,12,0,0,"GeForce GTX 960 (0)","1","107",,,"unsharpen",1693
17.793372,4.488035,12,1,1,1024,1,1,13,0,0,"GeForce GTX 960 (0)","1","106",,,"combine",1701
17.798059,4.512802,12,1,1,1024,1,1,13,0,0,"GeForce GTX 960 (0)","1","104",,,"combine",1709
17.802782,,,,,,,,,,,,,,"PC 0x80f68ae","0x1110000000","[Unified Memory CPU page faults]",
17.802815,0.001216,,,,,,,,,,"GeForce GTX 960 (0)",,,4096.000000,"0x1110000000","[Unified Memory Memcpy DtoH]",
17.802816,0.005088,,,,,,,,,,"GeForce GTX 960 (0)",,,61440.000000,"0x1110001000","[Unified Memory Memcpy DtoH]",
17.880441,0.001823,,,,,,,,,,"GeForce GTX 960 (0)",,,8192.000000,"0x1100a83000","[Unified Memory Memcpy HtoD]",
17.880475,0.001280,12,1,1,1024,1,1,8,0,0,"GeForce GTX 960 (0)","1","109",,,"reset",1732
17.880770,0.001056,6,6,1,8,8,1,8,0,0,"GeForce GTX 960 (0)","1","109",,,"reset",1735
17.881119,44.518687,6,6,1,8,8,1,24,0,36,"GeForce GTX 960 (0)","1","110",,,"gaussian_blur",1741
17.881368,56.953717,6,6,1,8,8,1,24,0,100,"GeForce GTX 960 (0)","1","111",,,"gaussian_blur",1746
17.881610,45.129750,6,6,1,8,8,1,24,0,36,"GeForce GTX 960 (0)","1","112",,,"gaussian_blur",1751
17.925768,20.579302,6,6,1,8,8,1,40,72,0,"GeForce GTX 960 (0)","1","110",,,"sobel",1755
17.938495,19.572372,6,6,1,8,8,1,40,72,0,"GeForce GTX 960 (0)","1","111",,,"sobel",1759
17.958202,1.364461,12,1,1,1024,1,1,8,0,0,"GeForce GTX 960 (0)","1","113",,,"minimum",1770
17.958222,2.141379,12,1,1,1024,1,1,8,0,0,"GeForce GTX 960 (0)","1","111",,,"maximum",1764
17.960499,4.203974,12,1,1,1024,1,1,13,0,0,"GeForce GTX 960 (0)","1","111",,,"extend",1777
17.960564,6.141804,12,1,1,1024,1,1,12,0,0,"GeForce GTX 960 (0)","1","112",,,"unsharpen",1784
17.966919,4.502594,12,1,1,1024,1,1,13,0,0,"GeForce GTX 960 (0)","1","111",,,"combine",1792
17.971622,4.474786,12,1,1,1024,1,1,13,0,0,"GeForce GTX 960 (0)","1","109",,,"combine",1800
17.976331,,,,,,,,,,,,,,"PC 0x80f68ae","0x1110000000","[Unified Memory CPU page faults]",
17.976369,0.001248,,,,,,,,,,"GeForce GTX 960 (0)",,,4096.000000,"0x1110000000","[Unified Memory Memcpy DtoH]",
17.976370,0.005056,,,,,,,,,,"GeForce GTX 960 (0)",,,61440.000000,"0x1110001000","[Unified Memory Memcpy DtoH]",
18.066986,0.001696,,,,,,,,,,"GeForce GTX 960 (0)",,,8192.000000,"0x1100a83000","[Unified Memory Memcpy HtoD]",
18.067019,0.001280,12,1,1,1024,1,1,8,0,0,"GeForce GTX 960 (0)","1","114",,,"reset",1823
18.067179,0.001056,6,6,1,8,8,1,8,0,0,"GeForce GTX 960 (0)","1","114",,,"reset",1826
18.067379,44.135909,6,6,1,8,8,1,24,0,36,"GeForce GTX 960 (0)","1","115",,,"gaussian_blur",1832
18.067540,54.971184,6,6,1,8,8,1,24,0,100,"GeForce GTX 960 (0)","1","116",,,"gaussian_blur",1837
18.067707,44.264546,6,6,1,8,8,1,24,0,36,"GeForce GTX 960 (0)","1","117",,,"gaussian_blur",1842
18.111648,16.917688,6,6,1,8,8,1,40,72,0,"GeForce GTX 960 (0)","1","115",,,"sobel",1846
18.122648,17.971659,6,6,1,8,8,1,40,72,0,"GeForce GTX 960 (0)","1","116",,,"sobel",1850
18.140740,1.417452,12,1,1,1024,1,1,8,0,0,"GeForce GTX 960 (0)","1","118",,,"minimum",1861
18.140764,2.174114,12,1,1,1024,1,1,8,0,0,"GeForce GTX 960 (0)","1","116",,,"maximum",1855
18.143043,4.181543,12,1,1,1024,1,1,13,0,0,"GeForce GTX 960 (0)","1","116",,,"extend",1868
18.143120,6.133100,12,1,1,1024,1,1,12,0,0,"GeForce GTX 960 (0)","1","117",,,"unsharpen",1875
18.149553,4.503427,12,1,1,1024,1,1,13,0,0,"GeForce GTX 960 (0)","1","116",,,"combine",1883
18.154256,4.483875,12,1,1,1024,1,1,13,0,0,"GeForce GTX 960 (0)","1","114",,,"combine",1891
18.158965,,,,,,,,,,,,,,"PC 0x80f68ae","0x1110000000","[Unified Memory CPU page faults]",
18.159000,0.001216,,,,,,,,,,"GeForce GTX 960 (0)",,,4096.000000,"0x1110000000","[Unified Memory Memcpy DtoH]",
18.159001,0.005088,,,,,,,,,,"GeForce GTX 960 (0)",,,61440.000000,"0x1110001000","[Unified Memory Memcpy DtoH]",
18.238295,0.001728,,,,,,,,,,"GeForce GTX 960 (0)",,,8192.000000,"0x1100a83000","[Unified Memory Memcpy HtoD]",
18.238331,0.001280,12,1,1,1024,1,1,8,0,0,"GeForce GTX 960 (0)","1","119",,,"reset",1914
18.238551,0.001088,6,6,1,8,8,1,8,0,0,"GeForce GTX 960 (0)","1","119",,,"reset",1917
18.238799,44.250019,6,6,1,8,8,1,24,0,36,"GeForce GTX 960 (0)","1","120",,,"gaussian_blur",1923
18.239015,55.044239,6,6,1,8,8,1,24,0,100,"GeForce GTX 960 (0)","1","121",,,"gaussian_blur",1928
18.239218,44.435553,6,6,1,8,8,1,24,0,36,"GeForce GTX 960 (0)","1","122",,,"gaussian_blur",1933
18.283214,17.103030,6,6,1,8,8,1,40,72,0,"GeForce GTX 960 (0)","1","120",,,"sobel",1937
18.294193,20.139565,6,6,1,8,8,1,40,72,0,"GeForce GTX 960 (0)","1","121",,,"sobel",1941
18.314487,1.372845,12,1,1,1024,1,1,8,0,0,"GeForce GTX 960 (0)","1","123",,,"minimum",1952
18.314520,2.136931,12,1,1,1024,1,1,8,0,0,"GeForce GTX 960 (0)","1","121",,,"maximum",1946
18.316793,4.201639,12,1,1,1024,1,1,13,0,0,"GeForce GTX 960 (0)","1","121",,,"extend",1959
18.316850,6.115020,12,1,1,1024,1,1,12,0,0,"GeForce GTX 960 (0)","1","122",,,"unsharpen",1966
18.323186,4.499554,12,1,1,1024,1,1,13,0,0,"GeForce GTX 960 (0)","1","121",,,"combine",1974
18.327855,4.505250,12,1,1,1024,1,1,13,0,0,"GeForce GTX 960 (0)","1","119",,,"combine",1982
18.332490,,,,,,,,,,,,,,"PC 0x80f68ae","0x1110000000","[Unified Memory CPU page faults]",
18.332522,0.001152,,,,,,,,,,"GeForce GTX 960 (0)",,,4096.000000,"0x1110000000","[Unified Memory Memcpy DtoH]",
18.332523,0.005088,,,,,,,,,,"GeForce GTX 960 (0)",,,61440.000000,"0x1110001000","[Unified Memory Memcpy DtoH]",
18.412782,0.001888,,,,,,,,,,"GeForce GTX 960 (0)",,,8192.000000,"0x1100a83000","[Unified Memory Memcpy HtoD]",
18.412829,0.001280,12,1,1,1024,1,1,8,0,0,"GeForce GTX 960 (0)","1","124",,,"reset",2005
18.413138,0.001088,6,6,1,8,8,1,8,0,0,"GeForce GTX 960 (0)","1","124",,,"reset",2008
18.413373,45.134198,6,6,1,8,8,1,24,0,36,"GeForce GTX 960 (0)","1","125",,,"gaussian_blur",2014
18.413586,57.296016,6,6,1,8,8,1,24,0,100,"GeForce GTX 960 (0)","1","126",,,"gaussian_blur",2019
18.413750,45.897837,6,6,1,8,8,1,24,0,36,"GeForce GTX 960 (0)","1","127",,,"gaussian_blur",2024
18.458610,19.161242,6,6,1,8,8,1,40,72,0,"GeForce GTX 960 (0)","1","125",,,"sobel",2028
18.471014,17.857644,6,6,1,8,8,1,40,72,0,"GeForce GTX 960 (0)","1","126",,,"sobel",2032
18.488993,1.370542,12,1,1,1024,1,1,8,0,0,"GeForce GTX 960 (0)","1","128",,,"minimum",2043
18.489012,2.139555,12,1,1,1024,1,1,8,0,0,"GeForce GTX 960 (0)","1","126",,,"maximum",2037
18.491270,4.193575,12,1,1,1024,1,1,13,0,0,"GeForce GTX 960 (0)","1","126",,,"extend",2050
18.491334,6.150124,12,1,1,1024,1,1,12,0,0,"GeForce GTX 960 (0)","1","127",,,"unsharpen",2057
18.497694,4.494083,12,1,1,1024,1,1,13,0,0,"GeForce GTX 960 (0)","1","126",,,"combine",2065
18.502328,4.501795,12,1,1,1024,1,1,13,0,0,"GeForce GTX 960 (0)","1","124",,,"combine",2073
18.506971,,,,,,,,,,,,,,"PC 0x80f68ae","0x1110000000","[Unified Memory CPU page faults]",
18.507003,0.001184,,,,,,,,,,"GeForce GTX 960 (0)",,,4096.000000,"0x1110000000","[Unified Memory Memcpy DtoH]",
18.507005,0.005056,,,,,,,,,,"GeForce GTX 960 (0)",,,61440.000000,"0x1110001000","[Unified Memory Memcpy DtoH]",
18.587650,0.001792,,,,,,,,,,"GeForce GTX 960 (0)",,,8192.000000,"0x1100a83000","[Unified Memory Memcpy HtoD]",
18.587690,0.001280,12,1,1,1024,1,1,8,0,0,"GeForce GTX 960 (0)","1","129",,,"reset",2096
18.587892,0.001088,6,6,1,8,8,1,8,0,0,"GeForce GTX 960 (0)","1","129",,,"reset",2099
18.588109,44.063493,6,6,1,8,8,1,24,0,36,"GeForce GTX 960 (0)","1","130",,,"gaussian_blur",2105
18.588267,57.179058,6,6,1,8,8,1,24,0,100,"GeForce GTX 960 (0)","1","131",,,"gaussian_blur",2110
18.588417,44.214243,6,6,1,8,8,1,24,0,36,"GeForce GTX 960 (0)","1","132",,,"gaussian_blur",2115
18.632343,22.383886,6,6,1,8,8,1,40,72,0,"GeForce GTX 960 (0)","1","130",,,"sobel",2119
18.645608,20.667749,6,6,1,8,8,1,40,72,0,"GeForce GTX 960 (0)","1","131",,,"sobel",2123
18.666492,1.363822,12,1,1,1024,1,1,8,0,0,"GeForce GTX 960 (0)","1","133",,,"minimum",2134
18.666521,2.138979,12,1,1,1024,1,1,8,0,0,"GeForce GTX 960 (0)","1","131",,,"maximum",2128
18.668787,4.178599,12,1,1,1024,1,1,13,0,0,"GeForce GTX 960 (0)","1","131",,,"extend",2141
18.668879,6.107116,12,1,1,1024,1,1,12,0,0,"GeForce GTX 960 (0)","1","132",,,"unsharpen",2148
18.675242,4.481027,12,1,1,1024,1,1,13,0,0,"GeForce GTX 960 (0)","1","131",,,"combine",2156
18.679934,4.487075,12,1,1,1024,1,1,13,0,0,"GeForce GTX 960 (0)","1","129",,,"combine",2164
18.684702,,,,,,,,,,,,,,"PC 0x80f68ae","0x1110000000","[Unified Memory CPU page faults]",
18.684744,0.001216,,,,,,,,,,"GeForce GTX 960 (0)",,,4096.000000,"0x1110000000","[Unified Memory Memcpy DtoH]",
18.684745,0.006687,,,,,,,,,,"GeForce GTX 960 (0)",,,61440.000000,"0x1110001000","[Unified Memory Memcpy DtoH]",
18.767611,0.001728,,,,,,,,,,"GeForce GTX 960 (0)",,,8192.000000,"0x1100a83000","[Unified Memory Memcpy HtoD]",
18.767641,0.001888,12,1,1,1024,1,1,8,0,0,"GeForce GTX 960 (0)","1","134",,,"reset",2187
18.767843,0.001088,6,6,1,8,8,1,8,0,0,"GeForce GTX 960 (0)","1","134",,,"reset",2190
18.768067,44.262083,6,6,1,8,8,1,24,0,36,"GeForce GTX 960 (0)","1","135",,,"gaussian_blur",2196
18.768255,56.290398,6,6,1,8,8,1,24,0,100,"GeForce GTX 960 (0)","1","136",,,"gaussian_blur",2201
18.768430,44.808859,6,6,1,8,8,1,24,0,36,"GeForce GTX 960 (0)","1","137",,,"gaussian_blur",2206
18.812533,19.599220,6,6,1,8,8,1,40,72,0,"GeForce GTX 960 (0)","1","135",,,"sobel",2210
18.824707,17.195348,6,6,1,8,8,1,40,72,0,"GeForce GTX 960 (0)","1","136",,,"sobel",2214
18.842064,1.072978,12,1,1,1024,1,1,8,0,0,"GeForce GTX 960 (0)","1","138",,,"minimum",2225
18.843167,1.075633,12,1,1,1024,1,1,8,0,0,"GeForce GTX 960 (0)","1","136",,,"maximum",2219
18.844384,4.161512,12,1,1,1024,1,1,13,0,0,"GeForce GTX 960 (0)","1","136",,,"extend",2232
18.844481,6.092173,12,1,1,1024,1,1,12,0,0,"GeForce GTX 960 (0)","1","137",,,"unsharpen",2239
18.850852,4.477251,12,1,1,1024,1,1,13,0,0,"GeForce GTX 960 (0)","1","136",,,"combine",2247
18.855528,4.472163,12,1,1,1024,1,1,13,0,0,"GeForce GTX 960 (0)","1","134",,,"combine",2255
18.860133,,,,,,,,,,,,,,"PC 0x80f68ae","0x1110000000","[Unified Memory CPU page faults]",
18.860168,0.001184,,,,,,,,,,"GeForce GTX 960 (0)",,,4096.000000,"0x1110000000","[Unified Memory Memcpy DtoH]",
18.860169,0.005088,,,,,,,,,,"GeForce GTX 960 (0)",,,61440.000000,"0x1110001000","[Unified Memory Memcpy DtoH]",
18.930719,0.001728,,,,,,,,,,"GeForce GTX 960 (0)",,,8192.000000,"0x1100a83000","[Unified Memory Memcpy HtoD]",
18.930757,0.001280,12,1,1,1024,1,1,8,0,0,"GeForce GTX 960 (0)","1","139",,,"reset",2278
18.930961,0.001055,6,6,1,8,8,1,8,0,0,"GeForce GTX 960 (0)","1","139",,,"reset",2281
18.931235,44.478336,6,6,1,8,8,1,24,0,36,"GeForce GTX 960 (0)","1","140",,,"gaussian_blur",2287
18.931450,56.695673,6,6,1,8,8,1,24,0,100,"GeForce GTX 960 (0)","1","141",,,"gaussian_blur",2292
18.931705,45.116215,6,6,1,8,8,1,24,0,36,"GeForce GTX 960 (0)","1","142",,,"gaussian_blur",2297
18.975847,19.070683,6,6,1,8,8,1,40,72,0,"GeForce GTX 960 (0)","1","140",,,"sobel",2301
18.988302,15.792936,6,6,1,8,8,1,40,72,0,"GeForce GTX 960 (0)","1","141",,,"sobel",2305
19.004260,1.389293,12,1,1,1024,1,1,8,0,0,"GeForce GTX 960 (0)","1","143",,,"minimum",2316
19.004282,2.169954,12,1,1,1024,1,1,8,0,0,"GeForce GTX 960 (0)","1","141",,,"maximum",2310
19.006649,4.200711,12,1,1,1024,1,1,13,0,0,"GeForce GTX 960 (0)","1","141",,,"extend",2323
19.006706,6.163147,12,1,1,1024,1,1,12,0,0,"GeForce GTX 960 (0)","1","142",,,"unsharpen",2330
19.013124,4.497314,12,1,1,1024,1,1,13,0,0,"GeForce GTX 960 (0)","1","141",,,"combine",2338
19.017820,4.479906,12,1,1,1024,1,1,13,0,0,"GeForce GTX 960 (0)","1","139",,,"combine",2346
19.022496,,,,,,,,,,,,,,"PC 0x80f68ae","0x1110000000","[Unified Memory CPU page faults]",
19.022531,0.001184,,,,,,,,,,"GeForce GTX 960 (0)",,,4096.000000,"0x1110000000","[Unified Memory Memcpy DtoH]",
19.022532,0.005088,,,,,,,,,,"GeForce GTX 960 (0)",,,61440.000000,"0x1110001000","[Unified Memory Memcpy DtoH]",
19.092580,0.001824,,,,,,,,,,"GeForce GTX 960 (0)",,,8192.000000,"0x1100a83000","[Unified Memory Memcpy HtoD]",
19.092654,0.001280,12,1,1,1024,1,1,8,0,0,"GeForce GTX 960 (0)","1","144",,,"reset",2369
19.092943,0.001056,6,6,1,8,8,1,8,0,0,"GeForce GTX 960 (0)","1","144",,,"reset",2372
19.093284,43.983782,6,6,1,8,8,1,24,0,36,"GeForce GTX 960 (0)","1","145",,,"gaussian_blur",2378
19.093554,57.019092,6,6,1,8,8,1,24,0,100,"GeForce GTX 960 (0)","1","146",,,"gaussian_blur",2383
19.093805,44.427840,6,6,1,8,8,1,24,0,36,"GeForce GTX 960 (0)","1","147",,,"gaussian_blur",2388
19.137403,20.422601,6,6,1,8,8,1,40,72,0,"GeForce GTX 960 (0)","1","145",,,"sobel",2392
19.150707,18.316294,6,6,1,8,8,1,40,72,0,"GeForce GTX 960 (0)","1","146",,,"sobel",2396
19.169159,1.322670,12,1,1,1024,1,1,8,0,0,"GeForce GTX 960 (0)","1","148",,,"minimum",2407
19.169184,2.105443,12,1,1,1024,1,1,8,0,0,"GeForce GTX 960 (0)","1","146",,,"maximum",2401
19.171409,4.162727,12,1,1,1024,1,1,13,0,0,"GeForce GTX 960 (0)","1","146",,,"extend",2414
19.171477,6.115533,12,1,1,1024,1,1,12,0,0,"GeForce GTX 960 (0)","1","147",,,"unsharpen",2421
19.177802,4.489315,12,1,1,1024,1,1,13,0,0,"GeForce GTX 960 (0)","1","146",,,"combine",2429
19.182484,4.500514,12,1,1,1024,1,1,13,0,0,"GeForce GTX 960 (0)","1","144",,,"combine",2437
19.187220,,,,,,,,,,,,,,"PC 0x80f68ae","0x1110000000","[Unified Memory CPU page faults]",
19.187266,0.001248,,,,,,,,,,"GeForce GTX 960 (0)",,,4096.000000,"0x1110000000","[Unified Memory Memcpy DtoH]",
19.187267,0.005727,,,,,,,,,,"GeForce GTX 960 (0)",,,61440.000000,"0x1110001000","[Unified Memory Memcpy DtoH]",
19.264170,0.001728,,,,,,,,,,"GeForce GTX 960 (0)",,,8192.000000,"0x1100a83000","[Unified Memory Memcpy HtoD]",
19.264241,0.001280,12,1,1,1024,1,1,8,0,0,"GeForce GTX 960 (0)","1","149",,,"reset",2460
19.264454,0.001088,6,6,1,8,8,1,8,0,0,"GeForce GTX 960 (0)","1","149",,,"reset",2463
19.264927,44.109189,6,6,1,8,8,1,24,0,36,"GeForce GTX 960 (0)","1","150",,,"gaussian_blur",2469
19.265159,56.927414,6,6,1,8,8,1,24,0,100,"GeForce GTX 960 (0)","1","151",,,"gaussian_blur",2474
19.265375,44.438017,6,6,1,8,8,1,24,0,36,"GeForce GTX 960 (0)","1","152",,,"gaussian_blur",2479
19.309173,19.071868,6,6,1,8,8,1,40,72,0,"GeForce GTX 960 (0)","1","150",,,"sobel",2483
19.322245,17.043415,6,6,1,8,8,1,40,72,0,"GeForce GTX 960 (0)","1","151",,,"sobel",2487
19.339439,1.394092,12,1,1,1024,1,1,8,0,0,"GeForce GTX 960 (0)","1","153",,,"minimum",2498
19.339464,2.176578,12,1,1,1024,1,1,8,0,0,"GeForce GTX 960 (0)","1","151",,,"maximum",2492
19.341760,4.205350,12,1,1,1024,1,1,13,0,0,"GeForce GTX 960 (0)","1","151",,,"extend",2505
19.341837,6.134796,12,1,1,1024,1,1,12,0,0,"GeForce GTX 960 (0)","1","152",,,"unsharpen",2512
19.348261,4.488674,12,1,1,1024,1,1,13,0,0,"GeForce GTX 960 (0)","1","151",,,"combine",2520
19.352941,4.468611,12,1,1,1024,1,1,13,0,0,"GeForce GTX 960 (0)","1","149",,,"combine",2528
19.357564,,,,,,,,,,,,,,"PC 0x80f68ae","0x1110000000","[Unified Memory CPU page faults]",
19.357604,0.001184,,,,,,,,,,"GeForce GTX 960 (0)",,,4096.000000,"0x1110000000","[Unified Memory Memcpy DtoH]",
19.357605,0.005280,,,,,,,,,,"GeForce GTX 960 (0)",,,61440.000000,"0x1110001000","[Unified Memory Memcpy DtoH]",
19.422535,0.002336,,,,,,,,,,"GeForce GTX 960 (0)",,,8192.000000,"0x1100a83000","[Unified Memory Memcpy HtoD]",
19.422595,0.001280,12,1,1,1024,1,1,8,0,0,"GeForce GTX 960 (0)","1","154",,,"reset",2551
19.422956,0.001088,6,6,1,8,8,1,8,0,0,"GeForce GTX 960 (0)","1","154",,,"reset",2554
19.423379,44.638589,6,6,1,8,8,1,24,0,36,"GeForce GTX 960 (0)","1","155",,,"gaussian_blur",2560
19.423696,57.080371,6,6,1,8,8,1,24,0,100,"GeForce GTX 960 (0)","1","156",,,"gaussian_blur",2565
19.423957,45.073526,6,6,1,8,8,1,24,0,36,"GeForce GTX 960 (0)","1","157",,,"gaussian_blur",2570
19.468147,20.356137,6,6,1,8,8,1,40,72,0,"GeForce GTX 960 (0)","1","155",,,"sobel",2574
19.480961,19.474485,6,6,1,8,8,1,40,72,0,"GeForce GTX 960 (0)","1","156",,,"sobel",2578
19.500572,1.386477,12,1,1,1024,1,1,8,0,0,"GeForce GTX 960 (0)","1","158",,,"minimum",2589
19.500623,2.167714,12,1,1,1024,1,1,8,0,0,"GeForce GTX 960 (0)","1","156",,,"maximum",2583
19.502960,4.164487,12,1,1,1024,1,1,13,0,0,"GeForce GTX 960 (0)","1","156",,,"extend",2596
19.503033,6.113100,12,1,1,1024,1,1,12,0,0,"GeForce GTX 960 (0)","1","157",,,"unsharpen",2603
19.509441,4.501474,12,1,1,1024,1,1,13,0,0,"GeForce GTX 960 (0)","1","156",,,"combine",2611
19.514164,4.491555,12,1,1,1024,1,1,13,0,0,"GeForce GTX 960 (0)","1","154",,,"combine",2619
19.518877,,,,,,,,,,,,,,"PC 0x80f68ae","0x1110000000","[Unified Memory CPU page faults]",
19.518922,0.001344,,,,,,,,,,"GeForce GTX 960 (0)",,,4096.000000,"0x1110000000","[Unified Memory Memcpy DtoH]",
19.518924,0.005536,,,,,,,,,,"GeForce GTX 960 (0)",,,61440.000000,"0x1110001000","[Unified Memory Memcpy DtoH]",
19.589025,0.001696,,,,,,,,,,"GeForce GTX 960 (0)",,,8192.000000,"0x1100a83000","[Unified Memory Memcpy HtoD]",
19.589183,0.001280,12,1,1,1024,1,1,8,0,0,"GeForce GTX 960 (0)","1","159",,,"reset",2642
19.589492,0.001088,6,6,1,8,8,1,8,0,0,"GeForce GTX 960 (0)","1","159",,,"reset",2645
19.589793,44.649661,6,6,1,8,8,1,24,0,36,"GeForce GTX 960 (0)","1","160",,,"gaussian_blur",2651
19.590018,56.579225,6,6,1,8,8,1,24,0,100,"GeForce GTX 960 (0)","1","161",,,"gaussian_blur",2656
19.590227,44.844218,6,6,1,8,8,1,24,0,36,"GeForce GTX 960 (0)","1","162",,,"gaussian_blur",2661
19.634570,20.318186,6,6,1,8,8,1,40,72,0,"GeForce GTX 960 (0)","1","160",,,"sobel",2665
19.646715,19.519732,6,6,1,8,8,1,40,72,0,"GeForce GTX 960 (0)","1","161",,,"sobel",2669
19.666356,1.405676,12,1,1,1024,1,1,8,0,0,"GeForce GTX 960 (0)","1","163",,,"minimum",2680
19.666382,2.180834,12,1,1,1024,1,1,8,0,0,"GeForce GTX 960 (0)","1","161",,,"maximum",2674
19.668688,4.185446,12,1,1,1024,1,1,13,0,0,"GeForce GTX 960 (0)","1","161",,,"extend",2687
19.668768,6.129804,12,1,1,1024,1,1,12,0,0,"GeForce GTX 960 (0)","1","162",,,"unsharpen",2694
19.675138,4.474179,12,1,1,1024,1,1,13,0,0,"GeForce GTX 960 (0)","1","161",,,"combine",2702
19.679835,4.479715,12,1,1,1024,1,1,13,0,0,"GeForce GTX 960 (0)","1","159",,,"combine",2710
19.684516,,,,,,,,,,,,,,"PC 0x80f68ae","0x1110000000","[Unified Memory CPU page faults]",
19.684558,0.001184,,,,,,,,,,"GeForce GTX 960 (0)",,,4096.000000,"0x1110000000","[Unified Memory Memcpy DtoH]",
19.684560,0.007008,,,,,,,,,,"GeForce GTX 960 (0)",,,61440.000000,"0x1110001000","[Unified Memory Memcpy DtoH]",
