==21016== NVPROF is profiling process 21016, command: java -classpath /home/users/alberto.parravicini/Documents/graalvm-ce-java8-20.0.0/lib/installer/launcher-common.jar:/home/users/alberto.parravicini/Documents/graalvm-ce-java8-20.0.0/jre/lib/graalvm/graalpython-launcher.jar -XX:MaxHeapSize=24G com.oracle.g
==21016== Profiling application: java -classpath /home/users/alberto.parravicini/Documents/graalvm-ce-java8-20.0.0/lib/installer/launcher-common.jar:/home/users/alberto.parravicini/Documents/graalvm-ce-java8-20.0.0/jre/lib/graalvm/graalpython-launcher.jar -XX:MaxHeapSize=24G com.oracle.g
==21016== Profiling result:
"Start","Duration","Grid X","Grid Y","Grid Z","Block X","Block Y","Block Z","Registers Per Thread","Static SMem","Dynamic SMem","Device","Context","Stream","Unified Memory","Virtual Address","Name","Correlation_ID"
s,ms,,,,,,,,B,B,,,,B,,,
14.706343,0.001664,12,1,1,1024,1,1,8,0,0,"GeForce GTX 960 (0)","1","7",,,"reset",2
14.706420,0.002400,,,,,,,,,,"GeForce GTX 960 (0)",,,8192.000000,"0x1100a83000","[Unified Memory Memcpy HtoD]",
14.708205,0.001184,6,6,1,8,8,1,8,0,0,"GeForce GTX 960 (0)","1","7",,,"reset",4
14.708787,33.797549,6,6,1,8,8,1,24,0,36,"GeForce GTX 960 (0)","1","7",,,"gaussian_blur",6
14.743175,44.822814,6,6,1,8,8,1,24,0,100,"GeForce GTX 960 (0)","1","7",,,"gaussian_blur",8
14.788567,30.490423,6,6,1,8,8,1,24,0,36,"GeForce GTX 960 (0)","1","7",,,"gaussian_blur",10
14.819516,11.000434,6,6,1,8,8,1,40,72,0,"GeForce GTX 960 (0)","1","7",,,"sobel",12
14.830944,11.044626,6,6,1,8,8,1,40,72,0,"GeForce GTX 960 (0)","1","7",,,"sobel",14
14.842856,1.081298,12,1,1,1024,1,1,8,0,0,"GeForce GTX 960 (0)","1","7",,,"maximum",16
14.844245,1.073010,12,1,1,1024,1,1,8,0,0,"GeForce GTX 960 (0)","1","7",,,"minimum",18
14.845570,2.682525,12,1,1,1024,1,1,13,0,0,"GeForce GTX 960 (0)","1","7",,,"extend",20
14.848601,3.532050,12,1,1,1024,1,1,12,0,0,"GeForce GTX 960 (0)","1","7",,,"unsharpen",22
14.852422,4.469159,12,1,1,1024,1,1,13,0,0,"GeForce GTX 960 (0)","1","7",,,"combine",24
14.857214,4.478502,12,1,1,1024,1,1,13,0,0,"GeForce GTX 960 (0)","1","7",,,"combine",26
14.862201,,,,,,,,,,,,,,"PC 0xf27ba8ae","0x1110000000","[Unified Memory CPU page faults]",
14.862418,0.001376,,,,,,,,,,"GeForce GTX 960 (0)",,,4096.000000,"0x1110000000","[Unified Memory Memcpy DtoH]",
14.862419,0.005152,,,,,,,,,,"GeForce GTX 960 (0)",,,61440.000000,"0x1110001000","[Unified Memory Memcpy DtoH]",
15.021180,0.001792,,,,,,,,,,"GeForce GTX 960 (0)",,,8192.000000,"0x1100a83000","[Unified Memory Memcpy HtoD]",
15.021224,0.001024,12,1,1,1024,1,1,8,0,0,"GeForce GTX 960 (0)","1","7",,,"reset",35
15.022012,0.001088,6,6,1,8,8,1,8,0,0,"GeForce GTX 960 (0)","1","7",,,"reset",37
15.022262,30.467383,6,6,1,8,8,1,24,0,36,"GeForce GTX 960 (0)","1","7",,,"gaussian_blur",39
15.053736,40.221722,6,6,1,8,8,1,24,0,100,"GeForce GTX 960 (0)","1","7",,,"gaussian_blur",41
15.094658,30.447864,6,6,1,8,8,1,24,0,36,"GeForce GTX 960 (0)","1","7",,,"gaussian_blur",43
15.125604,11.050897,6,6,1,8,8,1,40,72,0,"GeForce GTX 960 (0)","1","7",,,"sobel",45
15.137220,11.061265,6,6,1,8,8,1,40,72,0,"GeForce GTX 960 (0)","1","7",,,"sobel",47
15.148727,1.081074,12,1,1,1024,1,1,8,0,0,"GeForce GTX 960 (0)","1","7",,,"maximum",49
15.150097,1.070578,12,1,1,1024,1,1,8,0,0,"GeForce GTX 960 (0)","1","7",,,"minimum",51
15.151356,2.687677,12,1,1,1024,1,1,13,0,0,"GeForce GTX 960 (0)","1","7",,,"extend",53
15.154391,3.512019,12,1,1,1024,1,1,12,0,0,"GeForce GTX 960 (0)","1","7",,,"unsharpen",55
15.158250,4.448487,12,1,1,1024,1,1,13,0,0,"GeForce GTX 960 (0)","1","7",,,"combine",57
15.163156,4.471846,12,1,1,1024,1,1,13,0,0,"GeForce GTX 960 (0)","1","7",,,"combine",59
15.167716,,,,,,,,,,,,,,"PC 0xf27ba8ae","0x1110000000","[Unified Memory CPU page faults]",
15.167740,0.001184,,,,,,,,,,"GeForce GTX 960 (0)",,,4096.000000,"0x1110000000","[Unified Memory Memcpy DtoH]",
15.167741,0.005088,,,,,,,,,,"GeForce GTX 960 (0)",,,61440.000000,"0x1110001000","[Unified Memory Memcpy DtoH]",
15.301017,0.001920,,,,,,,,,,"GeForce GTX 960 (0)",,,8192.000000,"0x1100a83000","[Unified Memory Memcpy HtoD]",
15.301057,0.001024,12,1,1,1024,1,1,8,0,0,"GeForce GTX 960 (0)","1","7",,,"reset",68
15.302261,0.001088,6,6,1,8,8,1,8,0,0,"GeForce GTX 960 (0)","1","7",,,"reset",70
15.302643,30.462168,6,6,1,8,8,1,24,0,36,"GeForce GTX 960 (0)","1","7",,,"gaussian_blur",72
15.333614,40.733012,6,6,1,8,8,1,24,0,100,"GeForce GTX 960 (0)","1","7",,,"gaussian_blur",74
15.374860,30.461464,6,6,1,8,8,1,24,0,36,"GeForce GTX 960 (0)","1","7",,,"gaussian_blur",76
15.406119,11.067666,6,6,1,8,8,1,40,72,0,"GeForce GTX 960 (0)","1","7",,,"sobel",78
15.417526,11.033906,6,6,1,8,8,1,40,72,0,"GeForce GTX 960 (0)","1","7",,,"sobel",80
15.428842,1.094290,12,1,1,1024,1,1,8,0,0,"GeForce GTX 960 (0)","1","7",,,"maximum",82
15.430144,1.074770,12,1,1,1024,1,1,8,0,0,"GeForce GTX 960 (0)","1","7",,,"minimum",84
15.431400,2.693149,12,1,1,1024,1,1,13,0,0,"GeForce GTX 960 (0)","1","7",,,"extend",86
15.434265,3.525234,12,1,1,1024,1,1,12,0,0,"GeForce GTX 960 (0)","1","7",,,"unsharpen",88
15.438016,4.439015,12,1,1,1024,1,1,13,0,0,"GeForce GTX 960 (0)","1","7",,,"combine",90
15.442628,4.503878,12,1,1,1024,1,1,13,0,0,"GeForce GTX 960 (0)","1","7",,,"combine",92
15.447194,,,,,,,,,,,,,,"PC 0xf27ba8ae","0x1110000000","[Unified Memory CPU page faults]",
15.447219,0.001184,,,,,,,,,,"GeForce GTX 960 (0)",,,4096.000000,"0x1110000000","[Unified Memory Memcpy DtoH]",
15.447220,0.005120,,,,,,,,,,"GeForce GTX 960 (0)",,,61440.000000,"0x1110001000","[Unified Memory Memcpy DtoH]",
15.554510,0.001760,,,,,,,,,,"GeForce GTX 960 (0)",,,8192.000000,"0x1100a83000","[Unified Memory Memcpy HtoD]",
15.554546,0.001024,12,1,1,1024,1,1,8,0,0,"GeForce GTX 960 (0)","1","7",,,"reset",101
15.555287,0.001056,6,6,1,8,8,1,8,0,0,"GeForce GTX 960 (0)","1","7",,,"reset",103
15.555531,30.430616,6,6,1,8,8,1,24,0,36,"GeForce GTX 960 (0)","1","7",,,"gaussian_blur",105
15.586538,39.962718,6,6,1,8,8,1,24,0,100,"GeForce GTX 960 (0)","1","7",,,"gaussian_blur",107
15.626870,30.451992,6,6,1,8,8,1,24,0,36,"GeForce GTX 960 (0)","1","7",,,"gaussian_blur",109
15.657695,11.010930,6,6,1,8,8,1,40,72,0,"GeForce GTX 960 (0)","1","7",,,"sobel",111
15.669017,11.061010,6,6,1,8,8,1,40,72,0,"GeForce GTX 960 (0)","1","7",,,"sobel",113
15.680352,1.080722,12,1,1,1024,1,1,8,0,0,"GeForce GTX 960 (0)","1","7",,,"maximum",115
15.681590,1.086418,12,1,1,1024,1,1,8,0,0,"GeForce GTX 960 (0)","1","7",,,"minimum",117
15.682862,2.674749,12,1,1,1024,1,1,13,0,0,"GeForce GTX 960 (0)","1","7",,,"extend",119
15.685751,3.520883,12,1,1,1024,1,1,12,0,0,"GeForce GTX 960 (0)","1","7",,,"unsharpen",121
15.689473,4.470022,12,1,1,1024,1,1,13,0,0,"GeForce GTX 960 (0)","1","7",,,"combine",123
15.694219,4.490439,12,1,1,1024,1,1,13,0,0,"GeForce GTX 960 (0)","1","7",,,"combine",125
15.698776,,,,,,,,,,,,,,"PC 0xf27ba8ae","0x1110000000","[Unified Memory CPU page faults]",
15.698799,0.001184,,,,,,,,,,"GeForce GTX 960 (0)",,,4096.000000,"0x1110000000","[Unified Memory Memcpy DtoH]",
15.698800,0.005056,,,,,,,,,,"GeForce GTX 960 (0)",,,61440.000000,"0x1110001000","[Unified Memory Memcpy DtoH]",
15.801029,0.001824,,,,,,,,,,"GeForce GTX 960 (0)",,,8192.000000,"0x1100a83000","[Unified Memory Memcpy HtoD]",
15.801057,0.001056,12,1,1,1024,1,1,8,0,0,"GeForce GTX 960 (0)","1","7",,,"reset",134
15.802006,0.001088,6,6,1,8,8,1,8,0,0,"GeForce GTX 960 (0)","1","7",,,"reset",136
15.802247,30.483799,6,6,1,8,8,1,24,0,36,"GeForce GTX 960 (0)","1","7",,,"gaussian_blur",138
15.833403,40.409815,6,6,1,8,8,1,24,0,100,"GeForce GTX 960 (0)","1","7",,,"gaussian_blur",140
15.874207,30.491223,6,6,1,8,8,1,24,0,36,"GeForce GTX 960 (0)","1","7",,,"gaussian_blur",142
15.905027,11.009618,6,6,1,8,8,1,40,72,0,"GeForce GTX 960 (0)","1","7",,,"sobel",144
15.916364,11.014034,6,6,1,8,8,1,40,72,0,"GeForce GTX 960 (0)","1","7",,,"sobel",146
15.927644,1.080082,12,1,1,1024,1,1,8,0,0,"GeForce GTX 960 (0)","1","7",,,"maximum",148
15.928924,1.071442,12,1,1,1024,1,1,8,0,0,"GeForce GTX 960 (0)","1","7",,,"minimum",150
15.930183,2.695805,12,1,1,1024,1,1,13,0,0,"GeForce GTX 960 (0)","1","7",,,"extend",152
15.933078,3.518226,12,1,1,1024,1,1,12,0,0,"GeForce GTX 960 (0)","1","7",,,"unsharpen",154
15.936823,4.459623,12,1,1,1024,1,1,13,0,0,"GeForce GTX 960 (0)","1","7",,,"combine",156
15.941480,4.495559,12,1,1,1024,1,1,13,0,0,"GeForce GTX 960 (0)","1","7",,,"combine",158
15.946053,,,,,,,,,,,,,,"PC 0xf27ba8ae","0x1110000000","[Unified Memory CPU page faults]",
15.946077,0.001184,,,,,,,,,,"GeForce GTX 960 (0)",,,4096.000000,"0x1110000000","[Unified Memory Memcpy DtoH]",
15.946078,0.005088,,,,,,,,,,"GeForce GTX 960 (0)",,,61440.000000,"0x1110001000","[Unified Memory Memcpy DtoH]",
16.056523,0.001760,,,,,,,,,,"GeForce GTX 960 (0)",,,8192.000000,"0x1100a83000","[Unified Memory Memcpy HtoD]",
16.056557,0.001056,12,1,1,1024,1,1,8,0,0,"GeForce GTX 960 (0)","1","7",,,"reset",167
16.057442,0.001088,6,6,1,8,8,1,8,0,0,"GeForce GTX 960 (0)","1","7",,,"reset",169
16.057708,30.455000,6,6,1,8,8,1,24,0,36,"GeForce GTX 960 (0)","1","7",,,"gaussian_blur",171
16.088488,40.043228,6,6,1,8,8,1,24,0,100,"GeForce GTX 960 (0)","1","7",,,"gaussian_blur",173
16.128892,30.486712,6,6,1,8,8,1,24,0,36,"GeForce GTX 960 (0)","1","7",,,"gaussian_blur",175
16.159850,11.074097,6,6,1,8,8,1,40,72,0,"GeForce GTX 960 (0)","1","7",,,"sobel",177
16.171221,11.052850,6,6,1,8,8,1,40,72,0,"GeForce GTX 960 (0)","1","7",,,"sobel",179
16.182495,1.087346,12,1,1,1024,1,1,8,0,0,"GeForce GTX 960 (0)","1","7",,,"maximum",181
16.183699,1.078290,12,1,1,1024,1,1,8,0,0,"GeForce GTX 960 (0)","1","7",,,"minimum",183
16.184886,2.671518,12,1,1,1024,1,1,13,0,0,"GeForce GTX 960 (0)","1","7",,,"extend",185
16.187692,3.522099,12,1,1,1024,1,1,12,0,0,"GeForce GTX 960 (0)","1","7",,,"unsharpen",187
16.191364,4.446375,12,1,1,1024,1,1,13,0,0,"GeForce GTX 960 (0)","1","7",,,"combine",189
16.195964,4.463494,12,1,1,1024,1,1,13,0,0,"GeForce GTX 960 (0)","1","7",,,"combine",191
16.200482,,,,,,,,,,,,,,"PC 0xf27ba8ae","0x1110000000","[Unified Memory CPU page faults]",
16.200506,0.001184,,,,,,,,,,"GeForce GTX 960 (0)",,,4096.000000,"0x1110000000","[Unified Memory Memcpy DtoH]",
16.200507,0.005120,,,,,,,,,,"GeForce GTX 960 (0)",,,61440.000000,"0x1110001000","[Unified Memory Memcpy DtoH]",
16.291951,0.001728,,,,,,,,,,"GeForce GTX 960 (0)",,,8192.000000,"0x1100a83000","[Unified Memory Memcpy HtoD]",
16.292101,0.001024,12,1,1,1024,1,1,8,0,0,"GeForce GTX 960 (0)","1","7",,,"reset",200
16.292975,0.001088,6,6,1,8,8,1,8,0,0,"GeForce GTX 960 (0)","1","7",,,"reset",202
16.293242,30.478135,6,6,1,8,8,1,24,0,36,"GeForce GTX 960 (0)","1","7",,,"gaussian_blur",204
16.324145,40.273529,6,6,1,8,8,1,24,0,100,"GeForce GTX 960 (0)","1","7",,,"gaussian_blur",206
16.364867,30.491127,6,6,1,8,8,1,24,0,36,"GeForce GTX 960 (0)","1","7",,,"gaussian_blur",208
16.395679,11.024466,6,6,1,8,8,1,40,72,0,"GeForce GTX 960 (0)","1","7",,,"sobel",210
16.407012,11.004466,6,6,1,8,8,1,40,72,0,"GeForce GTX 960 (0)","1","7",,,"sobel",212
16.418331,1.080722,12,1,1,1024,1,1,8,0,0,"GeForce GTX 960 (0)","1","7",,,"maximum",214
16.419543,1.084370,12,1,1,1024,1,1,8,0,0,"GeForce GTX 960 (0)","1","7",,,"minimum",216
16.420779,2.678749,12,1,1,1024,1,1,13,0,0,"GeForce GTX 960 (0)","1","7",,,"extend",218
16.423623,3.525587,12,1,1,1024,1,1,12,0,0,"GeForce GTX 960 (0)","1","7",,,"unsharpen",220
16.427389,4.479782,12,1,1,1024,1,1,13,0,0,"GeForce GTX 960 (0)","1","7",,,"combine",222
16.432082,4.470887,12,1,1,1024,1,1,13,0,0,"GeForce GTX 960 (0)","1","7",,,"combine",224
16.436616,,,,,,,,,,,,,,"PC 0xf27ba8ae","0x1110000000","[Unified Memory CPU page faults]",
16.436641,0.001184,,,,,,,,,,"GeForce GTX 960 (0)",,,4096.000000,"0x1110000000","[Unified Memory Memcpy DtoH]",
16.436642,0.005056,,,,,,,,,,"GeForce GTX 960 (0)",,,61440.000000,"0x1110001000","[Unified Memory Memcpy DtoH]",
16.533926,0.001824,,,,,,,,,,"GeForce GTX 960 (0)",,,8192.000000,"0x1100a83000","[Unified Memory Memcpy HtoD]",
16.533963,0.001024,12,1,1,1024,1,1,8,0,0,"GeForce GTX 960 (0)","1","7",,,"reset",233
16.534715,0.001088,6,6,1,8,8,1,8,0,0,"GeForce GTX 960 (0)","1","7",,,"reset",235
16.534873,30.458776,6,6,1,8,8,1,24,0,36,"GeForce GTX 960 (0)","1","7",,,"gaussian_blur",237
16.565768,40.475767,6,6,1,8,8,1,24,0,100,"GeForce GTX 960 (0)","1","7",,,"gaussian_blur",239
16.606543,30.469784,6,6,1,8,8,1,24,0,36,"GeForce GTX 960 (0)","1","7",,,"gaussian_blur",241
16.637315,11.102385,6,6,1,8,8,1,40,72,0,"GeForce GTX 960 (0)","1","7",,,"sobel",243
16.648700,11.059634,6,6,1,8,8,1,40,72,0,"GeForce GTX 960 (0)","1","7",,,"sobel",245
16.659983,1.090258,12,1,1,1024,1,1,8,0,0,"GeForce GTX 960 (0)","1","7",,,"maximum",247
16.661179,1.086802,12,1,1,1024,1,1,8,0,0,"GeForce GTX 960 (0)","1","7",,,"minimum",249
16.662355,2.674238,12,1,1,1024,1,1,13,0,0,"GeForce GTX 960 (0)","1","7",,,"extend",251
16.665125,3.516115,12,1,1,1024,1,1,12,0,0,"GeForce GTX 960 (0)","1","7",,,"unsharpen",253
16.668723,4.433063,12,1,1,1024,1,1,13,0,0,"GeForce GTX 960 (0)","1","7",,,"combine",255
16.673234,4.491014,12,1,1,1024,1,1,13,0,0,"GeForce GTX 960 (0)","1","7",,,"combine",257
16.677764,,,,,,,,,,,,,,"PC 0xf27ba8ae","0x1110000000","[Unified Memory CPU page faults]",
16.677789,0.001184,,,,,,,,,,"GeForce GTX 960 (0)",,,4096.000000,"0x1110000000","[Unified Memory Memcpy DtoH]",
16.677790,0.005056,,,,,,,,,,"GeForce GTX 960 (0)",,,61440.000000,"0x1110001000","[Unified Memory Memcpy DtoH]",
16.778938,0.001728,,,,,,,,,,"GeForce GTX 960 (0)",,,8192.000000,"0x1100a83000","[Unified Memory Memcpy HtoD]",
16.778971,0.001056,12,1,1,1024,1,1,8,0,0,"GeForce GTX 960 (0)","1","7",,,"reset",266
16.779673,0.001056,6,6,1,8,8,1,8,0,0,"GeForce GTX 960 (0)","1","7",,,"reset",268
16.779848,30.488599,6,6,1,8,8,1,24,0,36,"GeForce GTX 960 (0)","1","7",,,"gaussian_blur",270
16.810734,40.261401,6,6,1,8,8,1,24,0,100,"GeForce GTX 960 (0)","1","7",,,"gaussian_blur",272
16.851397,30.498007,6,6,1,8,8,1,24,0,36,"GeForce GTX 960 (0)","1","7",,,"gaussian_blur",274
16.882373,11.051794,6,6,1,8,8,1,40,72,0,"GeForce GTX 960 (0)","1","7",,,"sobel",276
16.893835,11.044050,6,6,1,8,8,1,40,72,0,"GeForce GTX 960 (0)","1","7",,,"sobel",278
16.905192,1.079474,12,1,1,1024,1,1,8,0,0,"GeForce GTX 960 (0)","1","7",,,"maximum",280
16.906519,1.076850,12,1,1,1024,1,1,8,0,0,"GeForce GTX 960 (0)","1","7",,,"minimum",282
16.907738,2.687454,12,1,1,1024,1,1,13,0,0,"GeForce GTX 960 (0)","1","7",,,"extend",284
16.910616,3.530355,12,1,1,1024,1,1,12,0,0,"GeForce GTX 960 (0)","1","7",,,"unsharpen",286
16.914294,4.459847,12,1,1,1024,1,1,13,0,0,"GeForce GTX 960 (0)","1","7",,,"combine",288
16.918961,4.517574,12,1,1,1024,1,1,13,0,0,"GeForce GTX 960 (0)","1","7",,,"combine",290
16.923553,,,,,,,,,,,,,,"PC 0xf27ba8ae","0x1110000000","[Unified Memory CPU page faults]",
16.923583,0.001216,,,,,,,,,,"GeForce GTX 960 (0)",,,4096.000000,"0x1110000000","[Unified Memory Memcpy DtoH]",
16.923584,0.005088,,,,,,,,,,"GeForce GTX 960 (0)",,,61440.000000,"0x1110001000","[Unified Memory Memcpy DtoH]",
17.015142,0.001728,,,,,,,,,,"GeForce GTX 960 (0)",,,8192.000000,"0x1100a83000","[Unified Memory Memcpy HtoD]",
17.015171,0.001024,12,1,1,1024,1,1,8,0,0,"GeForce GTX 960 (0)","1","7",,,"reset",299
17.015845,0.001088,6,6,1,8,8,1,8,0,0,"GeForce GTX 960 (0)","1","7",,,"reset",301
17.016021,30.499479,6,6,1,8,8,1,24,0,36,"GeForce GTX 960 (0)","1","7",,,"gaussian_blur",303
17.046924,40.194618,6,6,1,8,8,1,24,0,100,"GeForce GTX 960 (0)","1","7",,,"gaussian_blur",305
17.087559,30.495159,6,6,1,8,8,1,24,0,36,"GeForce GTX 960 (0)","1","7",,,"gaussian_blur",307
17.118607,11.036146,6,6,1,8,8,1,40,72,0,"GeForce GTX 960 (0)","1","7",,,"sobel",309
17.130021,11.071602,6,6,1,8,8,1,40,72,0,"GeForce GTX 960 (0)","1","7",,,"sobel",311
17.141373,1.076018,12,1,1,1024,1,1,8,0,0,"GeForce GTX 960 (0)","1","7",,,"maximum",313
17.142593,1.087474,12,1,1,1024,1,1,8,0,0,"GeForce GTX 960 (0)","1","7",,,"minimum",315
17.143808,2.680989,12,1,1,1024,1,1,13,0,0,"GeForce GTX 960 (0)","1","7",,,"extend",317
17.146719,3.508787,12,1,1,1024,1,1,12,0,0,"GeForce GTX 960 (0)","1","7",,,"unsharpen",319
17.150441,4.450151,12,1,1,1024,1,1,13,0,0,"GeForce GTX 960 (0)","1","7",,,"combine",321
17.155028,4.471783,12,1,1,1024,1,1,13,0,0,"GeForce GTX 960 (0)","1","7",,,"combine",323
17.159554,,,,,,,,,,,,,,"PC 0xf27ba8ae","0x1110000000","[Unified Memory CPU page faults]",
17.159585,0.001184,,,,,,,,,,"GeForce GTX 960 (0)",,,4096.000000,"0x1110000000","[Unified Memory Memcpy DtoH]",
17.159586,0.005056,,,,,,,,,,"GeForce GTX 960 (0)",,,61440.000000,"0x1110001000","[Unified Memory Memcpy DtoH]",
17.236744,0.002208,,,,,,,,,,"GeForce GTX 960 (0)",,,8192.000000,"0x1100a83000","[Unified Memory Memcpy HtoD]",
17.236811,0.001024,12,1,1,1024,1,1,8,0,0,"GeForce GTX 960 (0)","1","7",,,"reset",332
17.237779,0.001088,6,6,1,8,8,1,8,0,0,"GeForce GTX 960 (0)","1","7",,,"reset",334
17.238014,30.465976,6,6,1,8,8,1,24,0,36,"GeForce GTX 960 (0)","1","7",,,"gaussian_blur",336
17.268811,40.466710,6,6,1,8,8,1,24,0,100,"GeForce GTX 960 (0)","1","7",,,"gaussian_blur",338
17.309648,30.495095,6,6,1,8,8,1,24,0,36,"GeForce GTX 960 (0)","1","7",,,"gaussian_blur",340
17.340546,11.045553,6,6,1,8,8,1,40,72,0,"GeForce GTX 960 (0)","1","7",,,"sobel",342
17.351888,11.055890,6,6,1,8,8,1,40,72,0,"GeForce GTX 960 (0)","1","7",,,"sobel",344
17.363190,1.081298,12,1,1,1024,1,1,8,0,0,"GeForce GTX 960 (0)","1","7",,,"maximum",346
17.364405,1.087154,12,1,1,1024,1,1,8,0,0,"GeForce GTX 960 (0)","1","7",,,"minimum",348
17.365613,2.690141,12,1,1,1024,1,1,13,0,0,"GeForce GTX 960 (0)","1","7",,,"extend",350
17.368444,3.496787,12,1,1,1024,1,1,12,0,0,"GeForce GTX 960 (0)","1","7",,,"unsharpen",352
17.372107,4.463783,12,1,1,1024,1,1,13,0,0,"GeForce GTX 960 (0)","1","7",,,"combine",354
17.376741,4.487143,12,1,1,1024,1,1,13,0,0,"GeForce GTX 960 (0)","1","7",,,"combine",356
17.381301,,,,,,,,,,,,,,"PC 0xf27ba8ae","0x1110000000","[Unified Memory CPU page faults]",
17.381330,0.001216,,,,,,,,,,"GeForce GTX 960 (0)",,,4096.000000,"0x1110000000","[Unified Memory Memcpy DtoH]",
17.381331,0.005088,,,,,,,,,,"GeForce GTX 960 (0)",,,61440.000000,"0x1110001000","[Unified Memory Memcpy DtoH]",
17.462828,0.001792,,,,,,,,,,"GeForce GTX 960 (0)",,,8192.000000,"0x1100a83000","[Unified Memory Memcpy HtoD]",
17.462866,0.001024,12,1,1,1024,1,1,8,0,0,"GeForce GTX 960 (0)","1","7",,,"reset",365
17.463528,0.001088,6,6,1,8,8,1,8,0,0,"GeForce GTX 960 (0)","1","7",,,"reset",367
17.463677,30.515190,6,6,1,8,8,1,24,0,36,"GeForce GTX 960 (0)","1","7",,,"gaussian_blur",369
17.494595,40.500663,6,6,1,8,8,1,24,0,100,"GeForce GTX 960 (0)","1","7",,,"gaussian_blur",371
17.535383,30.463064,6,6,1,8,8,1,24,0,36,"GeForce GTX 960 (0)","1","7",,,"gaussian_blur",373
17.566117,11.065553,6,6,1,8,8,1,40,72,0,"GeForce GTX 960 (0)","1","7",,,"sobel",375
17.577485,11.035921,6,6,1,8,8,1,40,72,0,"GeForce GTX 960 (0)","1","7",,,"sobel",377
17.588744,1.083090,12,1,1,1024,1,1,8,0,0,"GeForce GTX 960 (0)","1","7",,,"maximum",379
17.589950,1.078322,12,1,1,1024,1,1,8,0,0,"GeForce GTX 960 (0)","1","7",,,"minimum",381
17.591113,2.678878,12,1,1,1024,1,1,13,0,0,"GeForce GTX 960 (0)","1","7",,,"extend",383
17.593879,3.506291,12,1,1,1024,1,1,12,0,0,"GeForce GTX 960 (0)","1","7",,,"unsharpen",385
17.597501,4.448870,12,1,1,1024,1,1,13,0,0,"GeForce GTX 960 (0)","1","7",,,"combine",387
17.602055,4.522054,12,1,1,1024,1,1,13,0,0,"GeForce GTX 960 (0)","1","7",,,"combine",389
17.606613,,,,,,,,,,,,,,"PC 0xf27ba8ae","0x1110000000","[Unified Memory CPU page faults]",
17.606642,0.001184,,,,,,,,,,"GeForce GTX 960 (0)",,,4096.000000,"0x1110000000","[Unified Memory Memcpy DtoH]",
17.606643,0.005056,,,,,,,,,,"GeForce GTX 960 (0)",,,61440.000000,"0x1110001000","[Unified Memory Memcpy DtoH]",
17.697238,0.001824,,,,,,,,,,"GeForce GTX 960 (0)",,,8192.000000,"0x1100a83000","[Unified Memory Memcpy HtoD]",
17.697279,0.001056,12,1,1,1024,1,1,8,0,0,"GeForce GTX 960 (0)","1","7",,,"reset",398
17.698170,0.001088,6,6,1,8,8,1,8,0,0,"GeForce GTX 960 (0)","1","7",,,"reset",400
17.698432,30.475927,6,6,1,8,8,1,24,0,36,"GeForce GTX 960 (0)","1","7",,,"gaussian_blur",402
17.729752,40.342105,6,6,1,8,8,1,24,0,100,"GeForce GTX 960 (0)","1","7",,,"gaussian_blur",404
17.770520,30.502647,6,6,1,8,8,1,24,0,36,"GeForce GTX 960 (0)","1","7",,,"gaussian_blur",406
17.801315,11.067154,6,6,1,8,8,1,40,72,0,"GeForce GTX 960 (0)","1","7",,,"sobel",408
17.812627,11.015634,6,6,1,8,8,1,40,72,0,"GeForce GTX 960 (0)","1","7",,,"sobel",410
17.823865,1.079378,12,1,1,1024,1,1,8,0,0,"GeForce GTX 960 (0)","1","7",,,"maximum",412
17.825083,1.086290,12,1,1,1024,1,1,8,0,0,"GeForce GTX 960 (0)","1","7",,,"minimum",414
17.826286,2.687901,12,1,1,1024,1,1,13,0,0,"GeForce GTX 960 (0)","1","7",,,"extend",416
17.829068,3.504051,12,1,1,1024,1,1,12,0,0,"GeForce GTX 960 (0)","1","7",,,"unsharpen",418
17.832685,4.456647,12,1,1,1024,1,1,13,0,0,"GeForce GTX 960 (0)","1","7",,,"combine",420
17.837284,4.484198,12,1,1,1024,1,1,13,0,0,"GeForce GTX 960 (0)","1","7",,,"combine",422
17.841814,,,,,,,,,,,,,,"PC 0xf27ba8ae","0x1110000000","[Unified Memory CPU page faults]",
17.841844,0.001184,,,,,,,,,,"GeForce GTX 960 (0)",,,4096.000000,"0x1110000000","[Unified Memory Memcpy DtoH]",
17.841845,0.005088,,,,,,,,,,"GeForce GTX 960 (0)",,,61440.000000,"0x1110001000","[Unified Memory Memcpy DtoH]",
17.926334,0.001952,,,,,,,,,,"GeForce GTX 960 (0)",,,8192.000000,"0x1100a83000","[Unified Memory Memcpy HtoD]",
17.926398,0.001056,12,1,1,1024,1,1,8,0,0,"GeForce GTX 960 (0)","1","7",,,"reset",431
17.927090,0.001088,6,6,1,8,8,1,8,0,0,"GeForce GTX 960 (0)","1","7",,,"reset",433
17.927280,30.467448,6,6,1,8,8,1,24,0,36,"GeForce GTX 960 (0)","1","7",,,"gaussian_blur",435
17.958022,40.496502,6,6,1,8,8,1,24,0,100,"GeForce GTX 960 (0)","1","7",,,"gaussian_blur",437
17.998864,30.490295,6,6,1,8,8,1,24,0,36,"GeForce GTX 960 (0)","1","7",,,"gaussian_blur",439
18.029698,11.079249,6,6,1,8,8,1,40,72,0,"GeForce GTX 960 (0)","1","7",,,"sobel",441
18.041025,11.087345,6,6,1,8,8,1,40,72,0,"GeForce GTX 960 (0)","1","7",,,"sobel",443
18.052388,1.088658,12,1,1,1024,1,1,8,0,0,"GeForce GTX 960 (0)","1","7",,,"maximum",445
18.053722,1.073106,12,1,1,1024,1,1,8,0,0,"GeForce GTX 960 (0)","1","7",,,"minimum",447
18.055034,2.697918,12,1,1,1024,1,1,13,0,0,"GeForce GTX 960 (0)","1","7",,,"extend",449
18.057860,3.524115,12,1,1,1024,1,1,12,0,0,"GeForce GTX 960 (0)","1","7",,,"unsharpen",451
18.061560,4.448871,12,1,1,1024,1,1,13,0,0,"GeForce GTX 960 (0)","1","7",,,"combine",453
18.066143,4.491398,12,1,1,1024,1,1,13,0,0,"GeForce GTX 960 (0)","1","7",,,"combine",455
18.070696,,,,,,,,,,,,,,"PC 0xf27ba8ae","0x1110000000","[Unified Memory CPU page faults]",
18.070727,0.001184,,,,,,,,,,"GeForce GTX 960 (0)",,,4096.000000,"0x1110000000","[Unified Memory Memcpy DtoH]",
18.070728,0.005088,,,,,,,,,,"GeForce GTX 960 (0)",,,61440.000000,"0x1110001000","[Unified Memory Memcpy DtoH]",
18.155412,0.001728,,,,,,,,,,"GeForce GTX 960 (0)",,,8192.000000,"0x1100a83000","[Unified Memory Memcpy HtoD]",
18.155562,0.001056,12,1,1,1024,1,1,8,0,0,"GeForce GTX 960 (0)","1","7",,,"reset",464
18.156400,0.001088,6,6,1,8,8,1,8,0,0,"GeForce GTX 960 (0)","1","7",,,"reset",466
18.156603,30.497943,6,6,1,8,8,1,24,0,36,"GeForce GTX 960 (0)","1","7",,,"gaussian_blur",468
18.187640,40.392440,6,6,1,8,8,1,24,0,100,"GeForce GTX 960 (0)","1","7",,,"gaussian_blur",470
18.228353,30.489463,6,6,1,8,8,1,24,0,36,"GeForce GTX 960 (0)","1","7",,,"gaussian_blur",472
18.259311,11.050642,6,6,1,8,8,1,40,72,0,"GeForce GTX 960 (0)","1","7",,,"sobel",474
18.270689,10.969106,6,6,1,8,8,1,40,72,0,"GeForce GTX 960 (0)","1","7",,,"sobel",476
18.281947,1.081938,12,1,1,1024,1,1,8,0,0,"GeForce GTX 960 (0)","1","7",,,"maximum",478
18.283185,1.087410,12,1,1,1024,1,1,8,0,0,"GeForce GTX 960 (0)","1","7",,,"minimum",480
18.284408,2.662302,12,1,1,1024,1,1,13,0,0,"GeForce GTX 960 (0)","1","7",,,"extend",482
18.287223,3.515186,12,1,1,1024,1,1,12,0,0,"GeForce GTX 960 (0)","1","7",,,"unsharpen",484
18.290830,4.449639,12,1,1,1024,1,1,13,0,0,"GeForce GTX 960 (0)","1","7",,,"combine",486
18.295373,4.475430,12,1,1,1024,1,1,13,0,0,"GeForce GTX 960 (0)","1","7",,,"combine",488
18.299888,,,,,,,,,,,,,,"PC 0xf27ba8ae","0x1110000000","[Unified Memory CPU page faults]",
18.299920,0.001184,,,,,,,,,,"GeForce GTX 960 (0)",,,4096.000000,"0x1110000000","[Unified Memory Memcpy DtoH]",
18.299921,0.005088,,,,,,,,,,"GeForce GTX 960 (0)",,,61440.000000,"0x1110001000","[Unified Memory Memcpy DtoH]",
18.376878,0.001856,,,,,,,,,,"GeForce GTX 960 (0)",,,8192.000000,"0x1100a83000","[Unified Memory Memcpy HtoD]",
18.376911,0.001024,12,1,1,1024,1,1,8,0,0,"GeForce GTX 960 (0)","1","7",,,"reset",497
18.377552,0.001056,6,6,1,8,8,1,8,0,0,"GeForce GTX 960 (0)","1","7",,,"reset",499
18.377691,30.429400,6,6,1,8,8,1,24,0,36,"GeForce GTX 960 (0)","1","7",,,"gaussian_blur",501
18.408392,40.098299,6,6,1,8,8,1,24,0,100,"GeForce GTX 960 (0)","1","7",,,"gaussian_blur",503
18.448775,30.434328,6,6,1,8,8,1,24,0,36,"GeForce GTX 960 (0)","1","7",,,"gaussian_blur",505
18.479570,11.108113,6,6,1,8,8,1,40,72,0,"GeForce GTX 960 (0)","1","7",,,"sobel",507
18.490942,11.073265,6,6,1,8,8,1,40,72,0,"GeForce GTX 960 (0)","1","7",,,"sobel",509
18.502238,1.071154,12,1,1,1024,1,1,8,0,0,"GeForce GTX 960 (0)","1","7",,,"maximum",511
18.503438,1.086162,12,1,1,1024,1,1,8,0,0,"GeForce GTX 960 (0)","1","7",,,"minimum",513
18.504611,2.685789,12,1,1,1024,1,1,13,0,0,"GeForce GTX 960 (0)","1","7",,,"extend",515
18.507399,3.501875,12,1,1,1024,1,1,12,0,0,"GeForce GTX 960 (0)","1","7",,,"unsharpen",517
18.511042,4.439207,12,1,1,1024,1,1,13,0,0,"GeForce GTX 960 (0)","1","7",,,"combine",519
18.515598,4.467014,12,1,1,1024,1,1,13,0,0,"GeForce GTX 960 (0)","1","7",,,"combine",521
18.520121,,,,,,,,,,,,,,"PC 0xf27ba8ae","0x1110000000","[Unified Memory CPU page faults]",
18.520154,0.001184,,,,,,,,,,"GeForce GTX 960 (0)",,,4096.000000,"0x1110000000","[Unified Memory Memcpy DtoH]",
18.520155,0.005120,,,,,,,,,,"GeForce GTX 960 (0)",,,61440.000000,"0x1110001000","[Unified Memory Memcpy DtoH]",
18.586629,0.002368,,,,,,,,,,"GeForce GTX 960 (0)",,,8192.000000,"0x1100a83000","[Unified Memory Memcpy HtoD]",
18.586672,0.001056,12,1,1,1024,1,1,8,0,0,"GeForce GTX 960 (0)","1","7",,,"reset",530
18.587493,0.001088,6,6,1,8,8,1,8,0,0,"GeForce GTX 960 (0)","1","7",,,"reset",532
18.587732,30.471127,6,6,1,8,8,1,24,0,36,"GeForce GTX 960 (0)","1","7",,,"gaussian_blur",534
18.618591,40.471415,6,6,1,8,8,1,24,0,100,"GeForce GTX 960 (0)","1","7",,,"gaussian_blur",536
18.659357,30.487448,6,6,1,8,8,1,24,0,36,"GeForce GTX 960 (0)","1","7",,,"gaussian_blur",538
18.690086,11.034673,6,6,1,8,8,1,40,72,0,"GeForce GTX 960 (0)","1","7",,,"sobel",540
18.701338,11.024850,6,6,1,8,8,1,40,72,0,"GeForce GTX 960 (0)","1","7",,,"sobel",542
18.712562,1.101906,12,1,1,1024,1,1,8,0,0,"GeForce GTX 960 (0)","1","7",,,"maximum",544
18.713767,1.072531,12,1,1,1024,1,1,8,0,0,"GeForce GTX 960 (0)","1","7",,,"minimum",546
18.714933,2.682046,12,1,1,1024,1,1,13,0,0,"GeForce GTX 960 (0)","1","7",,,"extend",548
18.717720,3.536786,12,1,1,1024,1,1,12,0,0,"GeForce GTX 960 (0)","1","7",,,"unsharpen",550
18.721408,4.461319,12,1,1,1024,1,1,13,0,0,"GeForce GTX 960 (0)","1","7",,,"combine",552
18.725995,4.477990,12,1,1,1024,1,1,13,0,0,"GeForce GTX 960 (0)","1","7",,,"combine",554
18.730512,,,,,,,,,,,,,,"PC 0xf27ba8ae","0x1110000000","[Unified Memory CPU page faults]",
18.730545,0.001184,,,,,,,,,,"GeForce GTX 960 (0)",,,4096.000000,"0x1110000000","[Unified Memory Memcpy DtoH]",
18.730547,0.005088,,,,,,,,,,"GeForce GTX 960 (0)",,,61440.000000,"0x1110001000","[Unified Memory Memcpy DtoH]",
18.809727,0.002112,,,,,,,,,,"GeForce GTX 960 (0)",,,8192.000000,"0x1100a83000","[Unified Memory Memcpy HtoD]",
18.809777,0.001024,12,1,1,1024,1,1,8,0,0,"GeForce GTX 960 (0)","1","7",,,"reset",563
18.810591,0.001088,6,6,1,8,8,1,8,0,0,"GeForce GTX 960 (0)","1","7",,,"reset",565
18.810797,30.482423,6,6,1,8,8,1,24,0,36,"GeForce GTX 960 (0)","1","7",,,"gaussian_blur",567
18.841607,40.116155,6,6,1,8,8,1,24,0,100,"GeForce GTX 960 (0)","1","7",,,"gaussian_blur",569
18.882110,30.485047,6,6,1,8,8,1,24,0,36,"GeForce GTX 960 (0)","1","7",,,"gaussian_blur",571
18.912969,11.023250,6,6,1,8,8,1,40,72,0,"GeForce GTX 960 (0)","1","7",,,"sobel",573
18.924360,11.080497,6,6,1,8,8,1,40,72,0,"GeForce GTX 960 (0)","1","7",,,"sobel",575
18.935751,1.074802,12,1,1,1024,1,1,8,0,0,"GeForce GTX 960 (0)","1","7",,,"maximum",577
18.937081,1.076978,12,1,1,1024,1,1,8,0,0,"GeForce GTX 960 (0)","1","7",,,"minimum",579
18.938319,2.688157,12,1,1,1024,1,1,13,0,0,"GeForce GTX 960 (0)","1","7",,,"extend",581
18.941143,3.543762,12,1,1,1024,1,1,12,0,0,"GeForce GTX 960 (0)","1","7",,,"unsharpen",583
18.944825,4.465767,12,1,1,1024,1,1,13,0,0,"GeForce GTX 960 (0)","1","7",,,"combine",585
18.949445,4.469222,12,1,1,1024,1,1,13,0,0,"GeForce GTX 960 (0)","1","7",,,"combine",587
18.953983,,,,,,,,,,,,,,"PC 0xf27ba8ae","0x1110000000","[Unified Memory CPU page faults]",
18.954021,0.001184,,,,,,,,,,"GeForce GTX 960 (0)",,,4096.000000,"0x1110000000","[Unified Memory Memcpy DtoH]",
18.954022,0.005120,,,,,,,,,,"GeForce GTX 960 (0)",,,61440.000000,"0x1110001000","[Unified Memory Memcpy DtoH]",
19.040904,0.001728,,,,,,,,,,"GeForce GTX 960 (0)",,,8192.000000,"0x1100a83000","[Unified Memory Memcpy HtoD]",
19.040939,0.001056,12,1,1,1024,1,1,8,0,0,"GeForce GTX 960 (0)","1","7",,,"reset",596
19.041592,0.001088,6,6,1,8,8,1,8,0,0,"GeForce GTX 960 (0)","1","7",,,"reset",598
19.041741,30.485239,6,6,1,8,8,1,24,0,36,"GeForce GTX 960 (0)","1","7",,,"gaussian_blur",600
19.072751,40.414007,6,6,1,8,8,1,24,0,100,"GeForce GTX 960 (0)","1","7",,,"gaussian_blur",602
19.113560,30.461559,6,6,1,8,8,1,24,0,36,"GeForce GTX 960 (0)","1","7",,,"gaussian_blur",604
19.144333,11.007795,6,6,1,8,8,1,40,72,0,"GeForce GTX 960 (0)","1","7",,,"sobel",606
19.155744,10.985139,6,6,1,8,8,1,40,72,0,"GeForce GTX 960 (0)","1","7",,,"sobel",608
19.167082,1.076435,12,1,1,1024,1,1,8,0,0,"GeForce GTX 960 (0)","1","7",,,"maximum",610
19.168330,1.074195,12,1,1,1024,1,1,8,0,0,"GeForce GTX 960 (0)","1","7",,,"minimum",612
19.169623,2.676253,12,1,1,1024,1,1,13,0,0,"GeForce GTX 960 (0)","1","7",,,"extend",614
19.172619,3.508243,12,1,1,1024,1,1,12,0,0,"GeForce GTX 960 (0)","1","7",,,"unsharpen",616
19.176390,4.460134,12,1,1,1024,1,1,13,0,0,"GeForce GTX 960 (0)","1","7",,,"combine",618
19.181097,4.503974,12,1,1,1024,1,1,13,0,0,"GeForce GTX 960 (0)","1","7",,,"combine",620
19.185679,,,,,,,,,,,,,,"PC 0xf27ba8ae","0x1110000000","[Unified Memory CPU page faults]",
19.185718,0.001184,,,,,,,,,,"GeForce GTX 960 (0)",,,4096.000000,"0x1110000000","[Unified Memory Memcpy DtoH]",
19.185719,0.005088,,,,,,,,,,"GeForce GTX 960 (0)",,,61440.000000,"0x1110001000","[Unified Memory Memcpy DtoH]",
19.268246,0.002112,,,,,,,,,,"GeForce GTX 960 (0)",,,8192.000000,"0x1100a83000","[Unified Memory Memcpy HtoD]",
19.268300,0.000992,12,1,1,1024,1,1,8,0,0,"GeForce GTX 960 (0)","1","7",,,"reset",629
19.269266,0.001056,6,6,1,8,8,1,8,0,0,"GeForce GTX 960 (0)","1","7",,,"reset",631
19.269450,30.461784,6,6,1,8,8,1,24,0,36,"GeForce GTX 960 (0)","1","7",,,"gaussian_blur",633
19.300186,40.396600,6,6,1,8,8,1,24,0,100,"GeForce GTX 960 (0)","1","7",,,"gaussian_blur",635
19.340832,30.483672,6,6,1,8,8,1,24,0,36,"GeForce GTX 960 (0)","1","7",,,"gaussian_blur",637
19.371652,11.064850,6,6,1,8,8,1,40,72,0,"GeForce GTX 960 (0)","1","7",,,"sobel",639
19.383016,11.100145,6,6,1,8,8,1,40,72,0,"GeForce GTX 960 (0)","1","7",,,"sobel",641
19.394395,1.090193,12,1,1,1024,1,1,8,0,0,"GeForce GTX 960 (0)","1","7",,,"maximum",643
19.395783,1.065554,12,1,1,1024,1,1,8,0,0,"GeForce GTX 960 (0)","1","7",,,"minimum",645
19.396991,2.680126,12,1,1,1024,1,1,13,0,0,"GeForce GTX 960 (0)","1","7",,,"extend",647
19.399825,3.513234,12,1,1,1024,1,1,12,0,0,"GeForce GTX 960 (0)","1","7",,,"unsharpen",649
19.403497,4.463079,12,1,1,1024,1,1,13,0,0,"GeForce GTX 960 (0)","1","7",,,"combine",651
19.408138,4.466375,12,1,1,1024,1,1,13,0,0,"GeForce GTX 960 (0)","1","7",,,"combine",653
19.412656,,,,,,,,,,,,,,"PC 0xf27ba8ae","0x1110000000","[Unified Memory CPU page faults]",
19.412693,0.001184,,,,,,,,,,"GeForce GTX 960 (0)",,,4096.000000,"0x1110000000","[Unified Memory Memcpy DtoH]",
19.412694,0.005056,,,,,,,,,,"GeForce GTX 960 (0)",,,61440.000000,"0x1110001000","[Unified Memory Memcpy DtoH]",
19.492690,0.001792,,,,,,,,,,"GeForce GTX 960 (0)",,,8192.000000,"0x1100a83000","[Unified Memory Memcpy HtoD]",
19.492755,0.001056,12,1,1,1024,1,1,8,0,0,"GeForce GTX 960 (0)","1","7",,,"reset",662
19.493449,0.001088,6,6,1,8,8,1,8,0,0,"GeForce GTX 960 (0)","1","7",,,"reset",664
19.493608,30.468631,6,6,1,8,8,1,24,0,36,"GeForce GTX 960 (0)","1","7",,,"gaussian_blur",666
19.524443,40.565974,6,6,1,8,8,1,24,0,100,"GeForce GTX 960 (0)","1","7",,,"gaussian_blur",668
19.565388,30.479511,6,6,1,8,8,1,24,0,36,"GeForce GTX 960 (0)","1","7",,,"gaussian_blur",670
19.596225,11.022642,6,6,1,8,8,1,40,72,0,"GeForce GTX 960 (0)","1","7",,,"sobel",672
19.607642,11.039826,6,6,1,8,8,1,40,72,0,"GeForce GTX 960 (0)","1","7",,,"sobel",674
19.618955,1.091378,12,1,1,1024,1,1,8,0,0,"GeForce GTX 960 (0)","1","7",,,"maximum",676
19.620248,1.071379,12,1,1,1024,1,1,8,0,0,"GeForce GTX 960 (0)","1","7",,,"minimum",678
19.621470,2.683997,12,1,1,1024,1,1,13,0,0,"GeForce GTX 960 (0)","1","7",,,"extend",680
19.624273,3.527986,12,1,1,1024,1,1,12,0,0,"GeForce GTX 960 (0)","1","7",,,"unsharpen",682
19.627911,4.480646,12,1,1,1024,1,1,13,0,0,"GeForce GTX 960 (0)","1","7",,,"combine",684
19.632507,4.458823,12,1,1,1024,1,1,13,0,0,"GeForce GTX 960 (0)","1","7",,,"combine",686
19.637023,,,,,,,,,,,,,,"PC 0xf27ba8ae","0x1110000000","[Unified Memory CPU page faults]",
19.637063,0.001184,,,,,,,,,,"GeForce GTX 960 (0)",,,4096.000000,"0x1110000000","[Unified Memory Memcpy DtoH]",
19.637064,0.005088,,,,,,,,,,"GeForce GTX 960 (0)",,,61440.000000,"0x1110001000","[Unified Memory Memcpy DtoH]",
19.723971,0.001888,,,,,,,,,,"GeForce GTX 960 (0)",,,8192.000000,"0x1100a83000","[Unified Memory Memcpy HtoD]",
19.724018,0.001024,12,1,1,1024,1,1,8,0,0,"GeForce GTX 960 (0)","1","7",,,"reset",695
19.724881,0.001088,6,6,1,8,8,1,8,0,0,"GeForce GTX 960 (0)","1","7",,,"reset",697
19.725104,30.479799,6,6,1,8,8,1,24,0,36,"GeForce GTX 960 (0)","1","7",,,"gaussian_blur",699
19.756044,40.096412,6,6,1,8,8,1,24,0,100,"GeForce GTX 960 (0)","1","7",,,"gaussian_blur",701
19.796405,30.483256,6,6,1,8,8,1,24,0,36,"GeForce GTX 960 (0)","1","7",,,"gaussian_blur",703
19.827139,11.053586,6,6,1,8,8,1,40,72,0,"GeForce GTX 960 (0)","1","7",,,"sobel",705
19.838395,11.083826,6,6,1,8,8,1,40,72,0,"GeForce GTX 960 (0)","1","7",,,"sobel",707
19.849652,1.091954,12,1,1,1024,1,1,8,0,0,"GeForce GTX 960 (0)","1","7",,,"maximum",709
19.850831,1.074354,12,1,1,1024,1,1,8,0,0,"GeForce GTX 960 (0)","1","7",,,"minimum",711
19.851986,2.676638,12,1,1,1024,1,1,13,0,0,"GeForce GTX 960 (0)","1","7",,,"extend",713
19.854767,3.486451,12,1,1,1024,1,1,12,0,0,"GeForce GTX 960 (0)","1","7",,,"unsharpen",715
19.858370,4.447431,12,1,1,1024,1,1,13,0,0,"GeForce GTX 960 (0)","1","7",,,"combine",717
19.862929,4.489159,12,1,1,1024,1,1,13,0,0,"GeForce GTX 960 (0)","1","7",,,"combine",719
19.867466,,,,,,,,,,,,,,"PC 0xf27ba8ae","0x1110000000","[Unified Memory CPU page faults]",
19.867505,0.001183,,,,,,,,,,"GeForce GTX 960 (0)",,,4096.000000,"0x1110000000","[Unified Memory Memcpy DtoH]",
19.867506,0.005088,,,,,,,,,,"GeForce GTX 960 (0)",,,61440.000000,"0x1110001000","[Unified Memory Memcpy DtoH]",
19.929128,0.001856,,,,,,,,,,"GeForce GTX 960 (0)",,,8192.000000,"0x1100a83000","[Unified Memory Memcpy HtoD]",
19.929163,0.001056,12,1,1,1024,1,1,8,0,0,"GeForce GTX 960 (0)","1","7",,,"reset",728
19.929815,0.001088,6,6,1,8,8,1,8,0,0,"GeForce GTX 960 (0)","1","7",,,"reset",730
19.930000,30.462679,6,6,1,8,8,1,24,0,36,"GeForce GTX 960 (0)","1","7",,,"gaussian_blur",732
19.960851,40.606835,6,6,1,8,8,1,24,0,100,"GeForce GTX 960 (0)","1","7",,,"gaussian_blur",734
20.001971,30.474422,6,6,1,8,8,1,24,0,36,"GeForce GTX 960 (0)","1","7",,,"gaussian_blur",736
20.032824,11.080113,6,6,1,8,8,1,40,72,0,"GeForce GTX 960 (0)","1","7",,,"sobel",738
20.044155,11.019377,6,6,1,8,8,1,40,72,0,"GeForce GTX 960 (0)","1","7",,,"sobel",740
20.055392,1.079954,12,1,1,1024,1,1,8,0,0,"GeForce GTX 960 (0)","1","7",,,"maximum",742
20.056629,1.066130,12,1,1,1024,1,1,8,0,0,"GeForce GTX 960 (0)","1","7",,,"minimum",744
20.057818,2.683070,12,1,1,1024,1,1,13,0,0,"GeForce GTX 960 (0)","1","7",,,"extend",746
20.060584,3.506611,12,1,1,1024,1,1,12,0,0,"GeForce GTX 960 (0)","1","7",,,"unsharpen",748
20.064169,4.453031,12,1,1,1024,1,1,13,0,0,"GeForce GTX 960 (0)","1","7",,,"combine",750
20.068708,4.496293,12,1,1,1024,1,1,13,0,0,"GeForce GTX 960 (0)","1","7",,,"combine",752
20.073261,,,,,,,,,,,,,,"PC 0xf27ba8ae","0x1110000000","[Unified Memory CPU page faults]",
20.073299,0.001184,,,,,,,,,,"GeForce GTX 960 (0)",,,4096.000000,"0x1110000000","[Unified Memory Memcpy DtoH]",
20.073301,0.005088,,,,,,,,,,"GeForce GTX 960 (0)",,,61440.000000,"0x1110001000","[Unified Memory Memcpy DtoH]",
20.133641,0.001792,,,,,,,,,,"GeForce GTX 960 (0)",,,8192.000000,"0x1100a83000","[Unified Memory Memcpy HtoD]",
20.133677,0.001024,12,1,1,1024,1,1,8,0,0,"GeForce GTX 960 (0)","1","7",,,"reset",761
20.134454,0.001088,6,6,1,8,8,1,8,0,0,"GeForce GTX 960 (0)","1","7",,,"reset",763
20.134681,30.444439,6,6,1,8,8,1,24,0,36,"GeForce GTX 960 (0)","1","7",,,"gaussian_blur",765
20.165388,40.186040,6,6,1,8,8,1,24,0,100,"GeForce GTX 960 (0)","1","7",,,"gaussian_blur",767
20.205811,30.455511,6,6,1,8,8,1,24,0,36,"GeForce GTX 960 (0)","1","7",,,"gaussian_blur",769
20.236521,11.139024,6,6,1,8,8,1,40,72,0,"GeForce GTX 960 (0)","1","7",,,"sobel",771
20.247906,11.092112,6,6,1,8,8,1,40,72,0,"GeForce GTX 960 (0)","1","7",,,"sobel",773
20.259205,1.090833,12,1,1,1024,1,1,8,0,0,"GeForce GTX 960 (0)","1","7",,,"maximum",775
20.260393,1.070642,12,1,1,1024,1,1,8,0,0,"GeForce GTX 960 (0)","1","7",,,"minimum",777
20.261548,2.685758,12,1,1,1024,1,1,13,0,0,"GeForce GTX 960 (0)","1","7",,,"extend",779
20.264312,3.501394,12,1,1,1024,1,1,12,0,0,"GeForce GTX 960 (0)","1","7",,,"unsharpen",781
20.267913,4.484678,12,1,1,1024,1,1,13,0,0,"GeForce GTX 960 (0)","1","7",,,"combine",783
20.272527,4.488358,12,1,1,1024,1,1,13,0,0,"GeForce GTX 960 (0)","1","7",,,"combine",785
20.277060,,,,,,,,,,,,,,"PC 0xf27ba8ae","0x1110000000","[Unified Memory CPU page faults]",
20.277099,0.001216,,,,,,,,,,"GeForce GTX 960 (0)",,,4096.000000,"0x1110000000","[Unified Memory Memcpy DtoH]",
20.277100,0.005088,,,,,,,,,,"GeForce GTX 960 (0)",,,61440.000000,"0x1110001000","[Unified Memory Memcpy DtoH]",
20.346748,0.001952,,,,,,,,,,"GeForce GTX 960 (0)",,,8192.000000,"0x1100a83000","[Unified Memory Memcpy HtoD]",
20.346901,0.001088,12,1,1,1024,1,1,8,0,0,"GeForce GTX 960 (0)","1","7",,,"reset",794
20.347677,0.001088,6,6,1,8,8,1,8,0,0,"GeForce GTX 960 (0)","1","7",,,"reset",796
20.347931,30.460087,6,6,1,8,8,1,24,0,36,"GeForce GTX 960 (0)","1","7",,,"gaussian_blur",798
20.378644,40.505300,6,6,1,8,8,1,24,0,100,"GeForce GTX 960 (0)","1","7",,,"gaussian_blur",800
20.419400,30.469206,6,6,1,8,8,1,24,0,36,"GeForce GTX 960 (0)","1","7",,,"gaussian_blur",802
20.450098,11.052978,6,6,1,8,8,1,40,72,0,"GeForce GTX 960 (0)","1","7",,,"sobel",804
20.461353,11.009714,6,6,1,8,8,1,40,72,0,"GeForce GTX 960 (0)","1","7",,,"sobel",806
20.472570,1.081618,12,1,1,1024,1,1,8,0,0,"GeForce GTX 960 (0)","1","7",,,"maximum",808
20.473775,1.074546,12,1,1,1024,1,1,8,0,0,"GeForce GTX 960 (0)","1","7",,,"minimum",810
20.474960,2.680190,12,1,1,1024,1,1,13,0,0,"GeForce GTX 960 (0)","1","7",,,"extend",812
20.477729,3.501395,12,1,1,1024,1,1,12,0,0,"GeForce GTX 960 (0)","1","7",,,"unsharpen",814
20.481329,4.446663,12,1,1,1024,1,1,13,0,0,"GeForce GTX 960 (0)","1","7",,,"combine",816
20.485951,4.458631,12,1,1,1024,1,1,13,0,0,"GeForce GTX 960 (0)","1","7",,,"combine",818
20.490463,,,,,,,,,,,,,,"PC 0xf27ba8ae","0x1110000000","[Unified Memory CPU page faults]",
20.490503,0.001184,,,,,,,,,,"GeForce GTX 960 (0)",,,4096.000000,"0x1110000000","[Unified Memory Memcpy DtoH]",
20.490504,0.005120,,,,,,,,,,"GeForce GTX 960 (0)",,,61440.000000,"0x1110001000","[Unified Memory Memcpy DtoH]",
20.555015,0.001920,,,,,,,,,,"GeForce GTX 960 (0)",,,8192.000000,"0x1100a83000","[Unified Memory Memcpy HtoD]",
20.555069,0.001056,12,1,1,1024,1,1,8,0,0,"GeForce GTX 960 (0)","1","7",,,"reset",827
20.556215,0.001088,6,6,1,8,8,1,8,0,0,"GeForce GTX 960 (0)","1","7",,,"reset",829
20.556371,30.493718,6,6,1,8,8,1,24,0,36,"GeForce GTX 960 (0)","1","7",,,"gaussian_blur",831
20.587245,40.060506,6,6,1,8,8,1,24,0,100,"GeForce GTX 960 (0)","1","7",,,"gaussian_blur",833
20.627599,30.484406,6,6,1,8,8,1,24,0,36,"GeForce GTX 960 (0)","1","7",,,"gaussian_blur",835
20.658371,11.101296,6,6,1,8,8,1,40,72,0,"GeForce GTX 960 (0)","1","7",,,"sobel",837
20.669706,11.089905,6,6,1,8,8,1,40,72,0,"GeForce GTX 960 (0)","1","7",,,"sobel",839
20.680981,1.080914,12,1,1,1024,1,1,8,0,0,"GeForce GTX 960 (0)","1","7",,,"maximum",841
20.682162,1.068179,12,1,1,1024,1,1,8,0,0,"GeForce GTX 960 (0)","1","7",,,"minimum",843
20.683308,2.687645,12,1,1,1024,1,1,13,0,0,"GeForce GTX 960 (0)","1","7",,,"extend",845
20.686113,3.523763,12,1,1,1024,1,1,12,0,0,"GeForce GTX 960 (0)","1","7",,,"unsharpen",847
20.689778,4.483270,12,1,1,1024,1,1,13,0,0,"GeForce GTX 960 (0)","1","7",,,"combine",849
20.694389,4.506246,12,1,1,1024,1,1,13,0,0,"GeForce GTX 960 (0)","1","7",,,"combine",851
20.698932,,,,,,,,,,,,,,"PC 0xf27ba8ae","0x1110000000","[Unified Memory CPU page faults]",
20.698972,0.001184,,,,,,,,,,"GeForce GTX 960 (0)",,,4096.000000,"0x1110000000","[Unified Memory Memcpy DtoH]",
20.698973,0.005056,,,,,,,,,,"GeForce GTX 960 (0)",,,61440.000000,"0x1110001000","[Unified Memory Memcpy DtoH]",
20.758148,0.001984,,,,,,,,,,"GeForce GTX 960 (0)",,,8192.000000,"0x1100a83000","[Unified Memory Memcpy HtoD]",
20.758184,0.001056,12,1,1,1024,1,1,8,0,0,"GeForce GTX 960 (0)","1","7",,,"reset",860
20.758790,0.001056,6,6,1,8,8,1,8,0,0,"GeForce GTX 960 (0)","1","7",,,"reset",862
20.758936,30.466518,6,6,1,8,8,1,24,0,36,"GeForce GTX 960 (0)","1","7",,,"gaussian_blur",864
20.789672,40.430613,6,6,1,8,8,1,24,0,100,"GeForce GTX 960 (0)","1","7",,,"gaussian_blur",866
20.830346,30.455831,6,6,1,8,8,1,24,0,36,"GeForce GTX 960 (0)","1","7",,,"gaussian_blur",868
20.861035,11.043665,6,6,1,8,8,1,40,72,0,"GeForce GTX 960 (0)","1","7",,,"sobel",870
20.872316,11.008274,6,6,1,8,8,1,40,72,0,"GeForce GTX 960 (0)","1","7",,,"sobel",872
20.883530,1.081234,12,1,1,1024,1,1,8,0,0,"GeForce GTX 960 (0)","1","7",,,"maximum",874
20.884709,1.076818,12,1,1,1024,1,1,8,0,0,"GeForce GTX 960 (0)","1","7",,,"minimum",876
20.885870,2.698621,12,1,1,1024,1,1,13,0,0,"GeForce GTX 960 (0)","1","7",,,"extend",878
20.888687,3.516211,12,1,1,1024,1,1,12,0,0,"GeForce GTX 960 (0)","1","7",,,"unsharpen",880
20.892326,4.471591,12,1,1,1024,1,1,13,0,0,"GeForce GTX 960 (0)","1","7",,,"combine",882
20.896945,4.464454,12,1,1,1024,1,1,13,0,0,"GeForce GTX 960 (0)","1","7",,,"combine",884
20.901467,,,,,,,,,,,,,,"PC 0xf27ba8ae","0x1110000000","[Unified Memory CPU page faults]",
20.901507,0.001248,,,,,,,,,,"GeForce GTX 960 (0)",,,4096.000000,"0x1110000000","[Unified Memory Memcpy DtoH]",
20.901508,0.005120,,,,,,,,,,"GeForce GTX 960 (0)",,,61440.000000,"0x1110001000","[Unified Memory Memcpy DtoH]",
20.968160,0.001760,,,,,,,,,,"GeForce GTX 960 (0)",,,8192.000000,"0x1100a83000","[Unified Memory Memcpy HtoD]",
20.968197,0.001024,12,1,1,1024,1,1,8,0,0,"GeForce GTX 960 (0)","1","7",,,"reset",893
20.968797,0.001088,6,6,1,8,8,1,8,0,0,"GeForce GTX 960 (0)","1","7",,,"reset",895
20.968931,30.432823,6,6,1,8,8,1,24,0,36,"GeForce GTX 960 (0)","1","7",,,"gaussian_blur",897
20.999676,40.231032,6,6,1,8,8,1,24,0,100,"GeForce GTX 960 (0)","1","7",,,"gaussian_blur",899
21.040160,30.445046,6,6,1,8,8,1,24,0,36,"GeForce GTX 960 (0)","1","7",,,"gaussian_blur",901
21.070860,11.126640,6,6,1,8,8,1,40,72,0,"GeForce GTX 960 (0)","1","7",,,"sobel",903
21.082224,11.103089,6,6,1,8,8,1,40,72,0,"GeForce GTX 960 (0)","1","7",,,"sobel",905
21.093534,1.088338,12,1,1,1024,1,1,8,0,0,"GeForce GTX 960 (0)","1","7",,,"maximum",907
21.094719,1.073842,12,1,1,1024,1,1,8,0,0,"GeForce GTX 960 (0)","1","7",,,"minimum",909
21.095873,2.697757,12,1,1,1024,1,1,13,0,0,"GeForce GTX 960 (0)","1","7",,,"extend",911
21.098662,3.530162,12,1,1,1024,1,1,12,0,0,"GeForce GTX 960 (0)","1","7",,,"unsharpen",913
21.102305,4.462086,12,1,1,1024,1,1,13,0,0,"GeForce GTX 960 (0)","1","7",,,"combine",915
21.106934,4.501958,12,1,1,1024,1,1,13,0,0,"GeForce GTX 960 (0)","1","7",,,"combine",917
21.111502,,,,,,,,,,,,,,"PC 0xf27ba8ae","0x1110000000","[Unified Memory CPU page faults]",
21.111543,0.001184,,,,,,,,,,"GeForce GTX 960 (0)",,,4096.000000,"0x1110000000","[Unified Memory Memcpy DtoH]",
21.111545,0.005088,,,,,,,,,,"GeForce GTX 960 (0)",,,61440.000000,"0x1110001000","[Unified Memory Memcpy DtoH]",
21.171730,0.001856,,,,,,,,,,"GeForce GTX 960 (0)",,,8192.000000,"0x1100a83000","[Unified Memory Memcpy HtoD]",
21.171875,0.001024,12,1,1,1024,1,1,8,0,0,"GeForce GTX 960 (0)","1","7",,,"reset",926
21.172508,0.001152,6,6,1,8,8,1,8,0,0,"GeForce GTX 960 (0)","1","7",,,"reset",928
21.172671,30.479574,6,6,1,8,8,1,24,0,36,"GeForce GTX 960 (0)","1","7",,,"gaussian_blur",930
21.203480,40.632371,6,6,1,8,8,1,24,0,100,"GeForce GTX 960 (0)","1","7",,,"gaussian_blur",932
21.244367,30.528342,6,6,1,8,8,1,24,0,36,"GeForce GTX 960 (0)","1","7",,,"gaussian_blur",934
21.275153,11.024113,6,6,1,8,8,1,40,72,0,"GeForce GTX 960 (0)","1","7",,,"sobel",936
21.286354,10.995826,6,6,1,8,8,1,40,72,0,"GeForce GTX 960 (0)","1","7",,,"sobel",938
21.297539,1.080883,12,1,1,1024,1,1,8,0,0,"GeForce GTX 960 (0)","1","7",,,"maximum",940
21.298712,1.074034,12,1,1,1024,1,1,8,0,0,"GeForce GTX 960 (0)","1","7",,,"minimum",942
21.299862,2.686398,12,1,1,1024,1,1,13,0,0,"GeForce GTX 960 (0)","1","7",,,"extend",944
21.302657,3.517651,12,1,1,1024,1,1,12,0,0,"GeForce GTX 960 (0)","1","7",,,"unsharpen",946
21.306274,4.457030,12,1,1,1024,1,1,13,0,0,"GeForce GTX 960 (0)","1","7",,,"combine",948
21.310845,4.471398,12,1,1,1024,1,1,13,0,0,"GeForce GTX 960 (0)","1","7",,,"combine",950
21.315374,,,,,,,,,,,,,,"PC 0xf27ba8ae","0x1110000000","[Unified Memory CPU page faults]",
21.315419,0.001184,,,,,,,,,,"GeForce GTX 960 (0)",,,4096.000000,"0x1110000000","[Unified Memory Memcpy DtoH]",
21.315420,0.005088,,,,,,,,,,"GeForce GTX 960 (0)",,,61440.000000,"0x1110001000","[Unified Memory Memcpy DtoH]",
21.374900,0.001856,,,,,,,,,,"GeForce GTX 960 (0)",,,8192.000000,"0x1100a83000","[Unified Memory Memcpy HtoD]",
21.375006,0.001024,12,1,1,1024,1,1,8,0,0,"GeForce GTX 960 (0)","1","7",,,"reset",959
21.375657,0.001088,6,6,1,8,8,1,8,0,0,"GeForce GTX 960 (0)","1","7",,,"reset",961
21.375810,30.458167,6,6,1,8,8,1,24,0,36,"GeForce GTX 960 (0)","1","7",,,"gaussian_blur",963
21.406581,40.084026,6,6,1,8,8,1,24,0,100,"GeForce GTX 960 (0)","1","7",,,"gaussian_blur",965
21.446931,30.452086,6,6,1,8,8,1,24,0,36,"GeForce GTX 960 (0)","1","7",,,"gaussian_blur",967
21.477618,11.132816,6,6,1,8,8,1,40,72,0,"GeForce GTX 960 (0)","1","7",,,"sobel",969
21.489005,11.103217,6,6,1,8,8,1,40,72,0,"GeForce GTX 960 (0)","1","7",,,"sobel",971
21.500304,1.078642,12,1,1,1024,1,1,8,0,0,"GeForce GTX 960 (0)","1","7",,,"maximum",973
21.501504,1.072243,12,1,1,1024,1,1,8,0,0,"GeForce GTX 960 (0)","1","7",,,"minimum",975
21.502658,2.685437,12,1,1,1024,1,1,13,0,0,"GeForce GTX 960 (0)","1","7",,,"extend",977
21.505437,3.515410,12,1,1,1024,1,1,12,0,0,"GeForce GTX 960 (0)","1","7",,,"unsharpen",979
21.509052,4.435143,12,1,1,1024,1,1,13,0,0,"GeForce GTX 960 (0)","1","7",,,"combine",981
21.513593,4.483622,12,1,1,1024,1,1,13,0,0,"GeForce GTX 960 (0)","1","7",,,"combine",983
21.518111,,,,,,,,,,,,,,"PC 0xf27ba8ae","0x1110000000","[Unified Memory CPU page faults]",
21.518155,0.001216,,,,,,,,,,"GeForce GTX 960 (0)",,,4096.000000,"0x1110000000","[Unified Memory Memcpy DtoH]",
21.518156,0.005088,,,,,,,,,,"GeForce GTX 960 (0)",,,61440.000000,"0x1110001000","[Unified Memory Memcpy DtoH]",
