==13926== NVPROF is profiling process 13926, command: java -classpath /home/users/alberto.parravicini/Documents/graalvm-ce-java8-20.2.0/jre/lib/graalvm/graalpython-launcher.jar:/home/users/alberto.parravicini/Documents/graalvm-ce-java8-20.2.0/jre/lib/graalvm/launcher-common.jar -XX:MaxHeapSize=26G com.oracle
==13926== Profiling application: java -classpath /home/users/alberto.parravicini/Documents/graalvm-ce-java8-20.2.0/jre/lib/graalvm/graalpython-launcher.jar:/home/users/alberto.parravicini/Documents/graalvm-ce-java8-20.2.0/jre/lib/graalvm/launcher-common.jar -XX:MaxHeapSize=26G com.oracle
==13926== Profiling result:
"Start","Duration","Grid X","Grid Y","Grid Z","Block X","Block Y","Block Z","Registers Per Thread","Static SMem","Dynamic SMem","Device","Context","Stream","Unified Memory","Virtual Address","Name","Correlation_ID"
s,ms,,,,,,,,B,B,,,,B,,,
10.317856,0.001024,16,1,1,1024,1,1,16,0,0,"GeForce GTX 1660 SUPER (0)","1","13",,,"reset",7
10.320859,0.000992,8,8,1,8,8,1,16,0,0,"GeForce GTX 1660 SUPER (0)","1","13",,,"reset",10
10.323572,0.001440,,,,,,,,,,"GeForce GTX 1660 SUPER (0)",,,4096.000000,"0x7f1f17800000","[Unified Memory Memcpy HtoD]",
10.324332,26.024669,8,8,1,8,8,1,27,0,36,"GeForce GTX 1660 SUPER (0)","1","14",,,"gaussian_blur",18
10.326190,36.999831,8,8,1,8,8,1,27,0,100,"GeForce GTX 1660 SUPER (0)","1","15",,,"gaussian_blur",25
10.328217,30.956399,8,8,1,8,8,1,27,0,36,"GeForce GTX 1660 SUPER (0)","1","16",,,"gaussian_blur",32
10.351421,8.473472,8,8,1,8,8,1,40,72,0,"GeForce GTX 1660 SUPER (0)","1","14",,,"sobel",37
10.363928,4.746120,8,8,1,8,8,1,40,72,0,"GeForce GTX 1660 SUPER (0)","1","15",,,"sobel",42
10.368797,0.547066,16,1,1,1024,1,1,16,0,0,"GeForce GTX 1660 SUPER (0)","1","17",,,"minimum",55
10.368800,1.007857,16,1,1,1024,1,1,16,0,0,"GeForce GTX 1660 SUPER (0)","1","15",,,"maximum",48
10.369877,1.203579,16,1,1,1024,1,1,17,0,0,"GeForce GTX 1660 SUPER (0)","1","15",,,"extend",62
10.370798,1.463528,16,1,1,1024,1,1,16,0,0,"GeForce GTX 1660 SUPER (0)","1","16",,,"unsharpen",70
10.373735,1.506474,16,1,1,1024,1,1,16,0,0,"GeForce GTX 1660 SUPER (0)","1","15",,,"combine",79
10.375337,1.445223,16,1,1,1024,1,1,16,0,0,"GeForce GTX 1660 SUPER (0)","1","13",,,"combine",87
10.377434,0.001088,,,,,,,,,,"GeForce GTX 1660 SUPER (0)",,,4096.000000,"0x7f1f12000000","[Unified Memory Memcpy DtoH]",
10.377435,0.005280,,,,,,,,,,"GeForce GTX 1660 SUPER (0)",,,61440.000000,"0x7f1f12001000","[Unified Memory Memcpy DtoH]",
10.377901,,,,,,,,,,,,,,"PC 0x5903f3de","0x7f1f12000000","[Unified Memory CPU page faults]",
10.548070,0.000992,16,1,1,1024,1,1,16,0,0,"GeForce GTX 1660 SUPER (0)","1","18",,,"reset",112
10.548322,0.001088,8,8,1,8,8,1,16,0,0,"GeForce GTX 1660 SUPER (0)","1","18",,,"reset",115
10.548671,28.973070,8,8,1,8,8,1,27,0,36,"GeForce GTX 1660 SUPER (0)","1","19",,,"gaussian_blur",121
10.548673,0.079332,,,,,,,,,,"GeForce GTX 1660 SUPER (0)",,,"22","0x7f1f17800000","[Unified Memory GPU page faults]",
10.548736,0.001345,,,,,,,,,,"GeForce GTX 1660 SUPER (0)",,,4096.000000,"0x7f1f17800000","[Unified Memory Memcpy HtoD]",
10.548737,0.005760,,,,,,,,,,"GeForce GTX 1660 SUPER (0)",,,61440.000000,"0x7f1f17801000","[Unified Memory Memcpy HtoD]",
10.548992,37.244516,8,8,1,8,8,1,27,0,100,"GeForce GTX 1660 SUPER (0)","1","20",,,"gaussian_blur",126
10.549489,30.001217,8,8,1,8,8,1,27,0,36,"GeForce GTX 1660 SUPER (0)","1","21",,,"gaussian_blur",131
10.577785,8.821425,8,8,1,8,8,1,40,72,0,"GeForce GTX 1660 SUPER (0)","1","19",,,"sobel",135
10.586358,5.037655,8,8,1,8,8,1,40,72,0,"GeForce GTX 1660 SUPER (0)","1","20",,,"sobel",139
10.591547,0.587133,16,1,1,1024,1,1,16,0,0,"GeForce GTX 1660 SUPER (0)","1","22",,,"minimum",152
10.591557,1.028434,16,1,1,1024,1,1,16,0,0,"GeForce GTX 1660 SUPER (0)","1","20",,,"maximum",145
10.592681,1.476808,16,1,1,1024,1,1,17,0,0,"GeForce GTX 1660 SUPER (0)","1","20",,,"extend",159
10.592704,2.304273,16,1,1,1024,1,1,16,0,0,"GeForce GTX 1660 SUPER (0)","1","21",,,"unsharpen",166
10.595129,1.512202,16,1,1,1024,1,1,16,0,0,"GeForce GTX 1660 SUPER (0)","1","20",,,"combine",174
10.596737,1.459144,16,1,1,1024,1,1,16,0,0,"GeForce GTX 1660 SUPER (0)","1","18",,,"combine",182
10.598472,,,,,,,,,,,,,,"PC 0x5903f3de","0x7f1f12000000","[Unified Memory CPU page faults]",
10.598502,0.000992,,,,,,,,,,"GeForce GTX 1660 SUPER (0)",,,4096.000000,"0x7f1f12000000","[Unified Memory Memcpy DtoH]",
10.598503,0.005376,,,,,,,,,,"GeForce GTX 1660 SUPER (0)",,,61440.000000,"0x7f1f12001000","[Unified Memory Memcpy DtoH]",
10.758674,0.001025,16,1,1,1024,1,1,16,0,0,"GeForce GTX 1660 SUPER (0)","1","23",,,"reset",207
10.758925,0.001024,8,8,1,8,8,1,16,0,0,"GeForce GTX 1660 SUPER (0)","1","23",,,"reset",210
10.759268,28.956173,8,8,1,8,8,1,27,0,36,"GeForce GTX 1660 SUPER (0)","1","24",,,"gaussian_blur",216
10.759269,0.099813,,,,,,,,,,"GeForce GTX 1660 SUPER (0)",,,"22","0x7f1f17800000","[Unified Memory GPU page faults]",
10.759355,0.001376,,,,,,,,,,"GeForce GTX 1660 SUPER (0)",,,4096.000000,"0x7f1f17800000","[Unified Memory Memcpy HtoD]",
10.759357,0.005824,,,,,,,,,,"GeForce GTX 1660 SUPER (0)",,,61440.000000,"0x7f1f17801000","[Unified Memory Memcpy HtoD]",
10.759561,37.070043,8,8,1,8,8,1,27,0,100,"GeForce GTX 1660 SUPER (0)","1","25",,,"gaussian_blur",221
10.759820,29.849657,8,8,1,8,8,1,27,0,36,"GeForce GTX 1660 SUPER (0)","1","26",,,"gaussian_blur",226
10.788334,7.777246,8,8,1,8,8,1,40,72,0,"GeForce GTX 1660 SUPER (0)","1","24",,,"sobel",230
10.796723,4.697542,8,8,1,8,8,1,40,72,0,"GeForce GTX 1660 SUPER (0)","1","25",,,"sobel",234
10.801585,0.556828,16,1,1,1024,1,1,16,0,0,"GeForce GTX 1660 SUPER (0)","1","27",,,"minimum",247
10.801590,1.001586,16,1,1,1024,1,1,16,0,0,"GeForce GTX 1660 SUPER (0)","1","25",,,"maximum",240
10.802694,1.477896,16,1,1,1024,1,1,17,0,0,"GeForce GTX 1660 SUPER (0)","1","25",,,"extend",254
10.802715,2.309585,16,1,1,1024,1,1,16,0,0,"GeForce GTX 1660 SUPER (0)","1","26",,,"unsharpen",261
10.805137,1.483496,16,1,1,1024,1,1,16,0,0,"GeForce GTX 1660 SUPER (0)","1","25",,,"combine",269
10.806689,1.436326,16,1,1,1024,1,1,16,0,0,"GeForce GTX 1660 SUPER (0)","1","23",,,"combine",277
10.808675,,,,,,,,,,,,,,"PC 0x5903f3de","0x7f1f12000000","[Unified Memory CPU page faults]",
10.808714,0.000992,,,,,,,,,,"GeForce GTX 1660 SUPER (0)",,,4096.000000,"0x7f1f12000000","[Unified Memory Memcpy DtoH]",
10.808715,0.005440,,,,,,,,,,"GeForce GTX 1660 SUPER (0)",,,61440.000000,"0x7f1f12001000","[Unified Memory Memcpy DtoH]",
10.926451,0.000992,16,1,1,1024,1,1,16,0,0,"GeForce GTX 1660 SUPER (0)","1","28",,,"reset",302
10.926787,0.000992,8,8,1,8,8,1,16,0,0,"GeForce GTX 1660 SUPER (0)","1","28",,,"reset",305
10.927329,28.770692,8,8,1,8,8,1,27,0,36,"GeForce GTX 1660 SUPER (0)","1","29",,,"gaussian_blur",311
10.927331,0.078596,,,,,,,,,,"GeForce GTX 1660 SUPER (0)",,,"22","0x7f1f17800000","[Unified Memory GPU page faults]",
10.927392,0.001376,,,,,,,,,,"GeForce GTX 1660 SUPER (0)",,,4096.000000,"0x7f1f17800000","[Unified Memory Memcpy HtoD]",
10.927394,0.005760,,,,,,,,,,"GeForce GTX 1660 SUPER (0)",,,61440.000000,"0x7f1f17801000","[Unified Memory Memcpy HtoD]",
10.927754,37.148318,8,8,1,8,8,1,27,0,100,"GeForce GTX 1660 SUPER (0)","1","30",,,"gaussian_blur",316
10.928156,29.879547,8,8,1,8,8,1,27,0,36,"GeForce GTX 1660 SUPER (0)","1","31",,,"gaussian_blur",321
10.956228,7.780990,8,8,1,8,8,1,40,72,0,"GeForce GTX 1660 SUPER (0)","1","29",,,"sobel",325
10.964977,4.729288,8,8,1,8,8,1,40,72,0,"GeForce GTX 1660 SUPER (0)","1","30",,,"sobel",329
10.969896,0.585692,16,1,1,1024,1,1,16,0,0,"GeForce GTX 1660 SUPER (0)","1","32",,,"minimum",342
10.969906,1.032051,16,1,1,1024,1,1,16,0,0,"GeForce GTX 1660 SUPER (0)","1","30",,,"maximum",335
10.971026,1.480009,16,1,1,1024,1,1,17,0,0,"GeForce GTX 1660 SUPER (0)","1","30",,,"extend",349
10.971046,2.325746,16,1,1,1024,1,1,16,0,0,"GeForce GTX 1660 SUPER (0)","1","31",,,"unsharpen",356
10.973488,1.483753,16,1,1,1024,1,1,16,0,0,"GeForce GTX 1660 SUPER (0)","1","30",,,"combine",364
10.975059,1.478728,16,1,1,1024,1,1,16,0,0,"GeForce GTX 1660 SUPER (0)","1","28",,,"combine",372
10.977004,,,,,,,,,,,,,,"PC 0x5903f3de","0x7f1f12000000","[Unified Memory CPU page faults]",
10.977050,0.001056,,,,,,,,,,"GeForce GTX 1660 SUPER (0)",,,4096.000000,"0x7f1f12000000","[Unified Memory Memcpy DtoH]",
10.977051,0.005632,,,,,,,,,,"GeForce GTX 1660 SUPER (0)",,,61440.000000,"0x7f1f12001000","[Unified Memory Memcpy DtoH]",
11.091793,0.000960,16,1,1,1024,1,1,16,0,0,"GeForce GTX 1660 SUPER (0)","1","33",,,"reset",397
11.092076,0.001024,8,8,1,8,8,1,16,0,0,"GeForce GTX 1660 SUPER (0)","1","33",,,"reset",400
11.092471,29.027216,8,8,1,8,8,1,27,0,36,"GeForce GTX 1660 SUPER (0)","1","34",,,"gaussian_blur",406
11.092472,0.088740,,,,,,,,,,"GeForce GTX 1660 SUPER (0)",,,"22","0x7f1f17800000","[Unified Memory GPU page faults]",
11.092548,0.001376,,,,,,,,,,"GeForce GTX 1660 SUPER (0)",,,4096.000000,"0x7f1f17800000","[Unified Memory Memcpy HtoD]",
11.092549,0.005793,,,,,,,,,,"GeForce GTX 1660 SUPER (0)",,,61440.000000,"0x7f1f17801000","[Unified Memory Memcpy HtoD]",
11.092820,37.859874,8,8,1,8,8,1,27,0,100,"GeForce GTX 1660 SUPER (0)","1","35",,,"gaussian_blur",411
11.093089,29.810935,8,8,1,8,8,1,27,0,36,"GeForce GTX 1660 SUPER (0)","1","36",,,"gaussian_blur",416
11.121661,8.208691,8,8,1,8,8,1,40,72,0,"GeForce GTX 1660 SUPER (0)","1","34",,,"sobel",420
11.130757,4.710439,8,8,1,8,8,1,40,72,0,"GeForce GTX 1660 SUPER (0)","1","35",,,"sobel",424
11.135590,0.561916,16,1,1,1024,1,1,16,0,0,"GeForce GTX 1660 SUPER (0)","1","37",,,"minimum",437
11.135595,1.002577,16,1,1,1024,1,1,16,0,0,"GeForce GTX 1660 SUPER (0)","1","35",,,"maximum",430
11.136732,1.464071,16,1,1,1024,1,1,17,0,0,"GeForce GTX 1660 SUPER (0)","1","35",,,"extend",444
11.136782,2.290000,16,1,1,1024,1,1,16,0,0,"GeForce GTX 1660 SUPER (0)","1","36",,,"unsharpen",451
11.139215,1.449927,16,1,1,1024,1,1,16,0,0,"GeForce GTX 1660 SUPER (0)","1","35",,,"combine",459
11.140779,1.479721,16,1,1,1024,1,1,16,0,0,"GeForce GTX 1660 SUPER (0)","1","33",,,"combine",467
11.142540,,,,,,,,,,,,,,"PC 0x5903f3de","0x7f1f12000000","[Unified Memory CPU page faults]",
11.142582,0.001024,,,,,,,,,,"GeForce GTX 1660 SUPER (0)",,,4096.000000,"0x7f1f12000000","[Unified Memory Memcpy DtoH]",
11.142583,0.005408,,,,,,,,,,"GeForce GTX 1660 SUPER (0)",,,61440.000000,"0x7f1f12001000","[Unified Memory Memcpy DtoH]",
11.269141,0.001024,16,1,1,1024,1,1,16,0,0,"GeForce GTX 1660 SUPER (0)","1","38",,,"reset",492
11.269552,0.001024,8,8,1,8,8,1,16,0,0,"GeForce GTX 1660 SUPER (0)","1","38",,,"reset",495
11.272149,27.236696,8,8,1,8,8,1,27,0,36,"GeForce GTX 1660 SUPER (0)","1","39",,,"gaussian_blur",501
11.272150,0.106757,,,,,,,,,,"GeForce GTX 1660 SUPER (0)",,,"22","0x7f1f17800000","[Unified Memory GPU page faults]",
11.272238,0.001344,,,,,,,,,,"GeForce GTX 1660 SUPER (0)",,,4096.000000,"0x7f1f17800000","[Unified Memory Memcpy HtoD]",
11.272239,0.005888,,,,,,,,,,"GeForce GTX 1660 SUPER (0)",,,61440.000000,"0x7f1f17801000","[Unified Memory Memcpy HtoD]",
11.273131,36.525920,8,8,1,8,8,1,27,0,100,"GeForce GTX 1660 SUPER (0)","1","40",,,"gaussian_blur",506
11.275988,29.619374,8,8,1,8,8,1,27,0,36,"GeForce GTX 1660 SUPER (0)","1","41",,,"gaussian_blur",511
11.299512,7.917925,8,8,1,8,8,1,40,72,0,"GeForce GTX 1660 SUPER (0)","1","39",,,"sobel",515
11.309733,4.694278,8,8,1,8,8,1,40,72,0,"GeForce GTX 1660 SUPER (0)","1","40",,,"sobel",519
11.314539,0.551035,16,1,1,1024,1,1,16,0,0,"GeForce GTX 1660 SUPER (0)","1","42",,,"minimum",532
11.314545,0.993393,16,1,1,1024,1,1,16,0,0,"GeForce GTX 1660 SUPER (0)","1","40",,,"maximum",525
11.315599,1.471720,16,1,1,1024,1,1,17,0,0,"GeForce GTX 1660 SUPER (0)","1","40",,,"extend",539
11.315611,2.303921,16,1,1,1024,1,1,16,0,0,"GeForce GTX 1660 SUPER (0)","1","41",,,"unsharpen",546
11.317975,1.483849,16,1,1,1024,1,1,16,0,0,"GeForce GTX 1660 SUPER (0)","1","40",,,"combine",554
11.319545,1.454216,16,1,1,1024,1,1,16,0,0,"GeForce GTX 1660 SUPER (0)","1","38",,,"combine",562
11.321196,,,,,,,,,,,,,,"PC 0x5903f3de","0x7f1f12000000","[Unified Memory CPU page faults]",
11.321235,0.001024,,,,,,,,,,"GeForce GTX 1660 SUPER (0)",,,4096.000000,"0x7f1f12000000","[Unified Memory Memcpy DtoH]",
11.321236,0.005409,,,,,,,,,,"GeForce GTX 1660 SUPER (0)",,,61440.000000,"0x7f1f12001000","[Unified Memory Memcpy DtoH]",
11.447044,0.000992,16,1,1,1024,1,1,16,0,0,"GeForce GTX 1660 SUPER (0)","1","43",,,"reset",587
11.447353,0.001024,8,8,1,8,8,1,16,0,0,"GeForce GTX 1660 SUPER (0)","1","43",,,"reset",590
11.447689,29.033649,8,8,1,8,8,1,27,0,36,"GeForce GTX 1660 SUPER (0)","1","44",,,"gaussian_blur",596
11.447690,0.079268,,,,,,,,,,"GeForce GTX 1660 SUPER (0)",,,"22","0x7f1f17800000","[Unified Memory GPU page faults]",
11.447753,0.001440,,,,,,,,,,"GeForce GTX 1660 SUPER (0)",,,4096.000000,"0x7f1f17800000","[Unified Memory Memcpy HtoD]",
11.447755,0.005760,,,,,,,,,,"GeForce GTX 1660 SUPER (0)",,,61440.000000,"0x7f1f17801000","[Unified Memory Memcpy HtoD]",
11.448007,37.251140,8,8,1,8,8,1,27,0,100,"GeForce GTX 1660 SUPER (0)","1","45",,,"gaussian_blur",601
11.448321,29.805750,8,8,1,8,8,1,27,0,36,"GeForce GTX 1660 SUPER (0)","1","46",,,"gaussian_blur",606
11.476883,7.749373,8,8,1,8,8,1,40,72,0,"GeForce GTX 1660 SUPER (0)","1","44",,,"sobel",610
11.485336,4.702471,8,8,1,8,8,1,40,72,0,"GeForce GTX 1660 SUPER (0)","1","45",,,"sobel",614
11.490193,0.579964,16,1,1,1024,1,1,16,0,0,"GeForce GTX 1660 SUPER (0)","1","47",,,"minimum",627
11.490203,1.026738,16,1,1,1024,1,1,16,0,0,"GeForce GTX 1660 SUPER (0)","1","45",,,"maximum",620
11.491323,1.472936,16,1,1,1024,1,1,17,0,0,"GeForce GTX 1660 SUPER (0)","1","45",,,"extend",634
11.491333,2.315954,16,1,1,1024,1,1,16,0,0,"GeForce GTX 1660 SUPER (0)","1","46",,,"unsharpen",641
11.493737,1.464040,16,1,1,1024,1,1,16,0,0,"GeForce GTX 1660 SUPER (0)","1","45",,,"combine",649
11.495306,1.472297,16,1,1,1024,1,1,16,0,0,"GeForce GTX 1660 SUPER (0)","1","43",,,"combine",657
11.497149,,,,,,,,,,,,,,"PC 0x5903f3de","0x7f1f12000000","[Unified Memory CPU page faults]",
11.497202,0.001089,,,,,,,,,,"GeForce GTX 1660 SUPER (0)",,,4096.000000,"0x7f1f12000000","[Unified Memory Memcpy DtoH]",
11.497203,0.006080,,,,,,,,,,"GeForce GTX 1660 SUPER (0)",,,61440.000000,"0x7f1f12001000","[Unified Memory Memcpy DtoH]",
11.620905,0.001056,16,1,1,1024,1,1,16,0,0,"GeForce GTX 1660 SUPER (0)","1","48",,,"reset",682
11.621570,0.001056,8,8,1,8,8,1,16,0,0,"GeForce GTX 1660 SUPER (0)","1","48",,,"reset",685
11.621967,28.903402,8,8,1,8,8,1,27,0,36,"GeForce GTX 1660 SUPER (0)","1","49",,,"gaussian_blur",691
11.621968,0.075748,,,,,,,,,,"GeForce GTX 1660 SUPER (0)",,,"22","0x7f1f17800000","[Unified Memory GPU page faults]",
11.622028,0.001376,,,,,,,,,,"GeForce GTX 1660 SUPER (0)",,,4096.000000,"0x7f1f17800000","[Unified Memory Memcpy HtoD]",
11.622029,0.005696,,,,,,,,,,"GeForce GTX 1660 SUPER (0)",,,61440.000000,"0x7f1f17801000","[Unified Memory Memcpy HtoD]",
11.622383,37.470639,8,8,1,8,8,1,27,0,100,"GeForce GTX 1660 SUPER (0)","1","50",,,"gaussian_blur",696
11.622679,29.870746,8,8,1,8,8,1,27,0,36,"GeForce GTX 1660 SUPER (0)","1","51",,,"gaussian_blur",701
11.650995,8.094286,8,8,1,8,8,1,40,72,0,"GeForce GTX 1660 SUPER (0)","1","49",,,"sobel",705
11.659929,4.699590,8,8,1,8,8,1,40,72,0,"GeForce GTX 1660 SUPER (0)","1","50",,,"sobel",709
11.664754,0.547706,16,1,1,1024,1,1,16,0,0,"GeForce GTX 1660 SUPER (0)","1","52",,,"minimum",722
11.664759,0.997361,16,1,1,1024,1,1,16,0,0,"GeForce GTX 1660 SUPER (0)","1","50",,,"maximum",715
11.665838,1.475144,16,1,1,1024,1,1,17,0,0,"GeForce GTX 1660 SUPER (0)","1","50",,,"extend",729
11.665853,2.314034,16,1,1,1024,1,1,16,0,0,"GeForce GTX 1660 SUPER (0)","1","51",,,"unsharpen",736
11.668272,1.520331,16,1,1,1024,1,1,16,0,0,"GeForce GTX 1660 SUPER (0)","1","50",,,"combine",744
11.669907,1.460008,16,1,1,1024,1,1,16,0,0,"GeForce GTX 1660 SUPER (0)","1","48",,,"combine",752
11.671652,,,,,,,,,,,,,,"PC 0x5903f3de","0x7f1f12000000","[Unified Memory CPU page faults]",
11.671704,0.001024,,,,,,,,,,"GeForce GTX 1660 SUPER (0)",,,4096.000000,"0x7f1f12000000","[Unified Memory Memcpy DtoH]",
11.671705,0.005472,,,,,,,,,,"GeForce GTX 1660 SUPER (0)",,,61440.000000,"0x7f1f12001000","[Unified Memory Memcpy DtoH]",
11.786676,0.001057,16,1,1,1024,1,1,16,0,0,"GeForce GTX 1660 SUPER (0)","1","53",,,"reset",777
11.786864,0.001056,8,8,1,8,8,1,16,0,0,"GeForce GTX 1660 SUPER (0)","1","53",,,"reset",780
11.787102,28.865833,8,8,1,8,8,1,27,0,36,"GeForce GTX 1660 SUPER (0)","1","54",,,"gaussian_blur",786
11.787103,0.074724,,,,,,,,,,"GeForce GTX 1660 SUPER (0)",,,"22","0x7f1f17800000","[Unified Memory GPU page faults]",
11.787161,0.001376,,,,,,,,,,"GeForce GTX 1660 SUPER (0)",,,4096.000000,"0x7f1f17800000","[Unified Memory Memcpy HtoD]",
11.787163,0.005793,,,,,,,,,,"GeForce GTX 1660 SUPER (0)",,,61440.000000,"0x7f1f17801000","[Unified Memory Memcpy HtoD]",
11.787348,37.278438,8,8,1,8,8,1,27,0,100,"GeForce GTX 1660 SUPER (0)","1","55",,,"gaussian_blur",791
11.787579,29.744947,8,8,1,8,8,1,27,0,36,"GeForce GTX 1660 SUPER (0)","1","56",,,"gaussian_blur",796
11.816103,7.451501,8,8,1,8,8,1,40,72,0,"GeForce GTX 1660 SUPER (0)","1","54",,,"sobel",800
11.824710,4.703175,8,8,1,8,8,1,40,72,0,"GeForce GTX 1660 SUPER (0)","1","55",,,"sobel",804
11.829523,0.550779,16,1,1,1024,1,1,16,0,0,"GeForce GTX 1660 SUPER (0)","1","57",,,"minimum",817
11.829528,0.990993,16,1,1,1024,1,1,16,0,0,"GeForce GTX 1660 SUPER (0)","1","55",,,"maximum",810
11.830598,1.462728,16,1,1,1024,1,1,17,0,0,"GeForce GTX 1660 SUPER (0)","1","55",,,"extend",824
11.830611,2.306354,16,1,1,1024,1,1,16,0,0,"GeForce GTX 1660 SUPER (0)","1","56",,,"unsharpen",831
11.832993,1.518251,16,1,1,1024,1,1,16,0,0,"GeForce GTX 1660 SUPER (0)","1","55",,,"combine",839
11.834612,1.476200,16,1,1,1024,1,1,16,0,0,"GeForce GTX 1660 SUPER (0)","1","53",,,"combine",847
11.836353,,,,,,,,,,,,,,"PC 0x5903f3de","0x7f1f12000000","[Unified Memory CPU page faults]",
11.836401,0.001024,,,,,,,,,,"GeForce GTX 1660 SUPER (0)",,,4096.000000,"0x7f1f12000000","[Unified Memory Memcpy DtoH]",
11.836403,0.005376,,,,,,,,,,"GeForce GTX 1660 SUPER (0)",,,61440.000000,"0x7f1f12001000","[Unified Memory Memcpy DtoH]",
11.926827,0.001024,16,1,1,1024,1,1,16,0,0,"GeForce GTX 1660 SUPER (0)","1","58",,,"reset",872
11.927149,0.001024,8,8,1,8,8,1,16,0,0,"GeForce GTX 1660 SUPER (0)","1","58",,,"reset",875
11.927534,28.745922,8,8,1,8,8,1,27,0,36,"GeForce GTX 1660 SUPER (0)","1","59",,,"gaussian_blur",881
11.927535,0.073635,,,,,,,,,,"GeForce GTX 1660 SUPER (0)",,,"22","0x7f1f17800000","[Unified Memory GPU page faults]",
11.927593,0.001568,,,,,,,,,,"GeForce GTX 1660 SUPER (0)",,,4096.000000,"0x7f1f17800000","[Unified Memory Memcpy HtoD]",
11.927594,0.005728,,,,,,,,,,"GeForce GTX 1660 SUPER (0)",,,61440.000000,"0x7f1f17801000","[Unified Memory Memcpy HtoD]",
11.927872,37.264709,8,8,1,8,8,1,27,0,100,"GeForce GTX 1660 SUPER (0)","1","60",,,"gaussian_blur",886
11.928179,29.933949,8,8,1,8,8,1,27,0,36,"GeForce GTX 1660 SUPER (0)","1","61",,,"gaussian_blur",891
11.956420,7.717275,8,8,1,8,8,1,40,72,0,"GeForce GTX 1660 SUPER (0)","1","59",,,"sobel",895
11.965218,4.691462,8,8,1,8,8,1,40,72,0,"GeForce GTX 1660 SUPER (0)","1","60",,,"sobel",899
11.970033,0.573180,16,1,1,1024,1,1,16,0,0,"GeForce GTX 1660 SUPER (0)","1","62",,,"minimum",912
11.970043,1.016978,16,1,1,1024,1,1,16,0,0,"GeForce GTX 1660 SUPER (0)","1","60",,,"maximum",905
11.971143,1.458535,16,1,1,1024,1,1,17,0,0,"GeForce GTX 1660 SUPER (0)","1","60",,,"extend",919
11.971158,2.308050,16,1,1,1024,1,1,16,0,0,"GeForce GTX 1660 SUPER (0)","1","61",,,"unsharpen",926
11.973558,1.506698,16,1,1,1024,1,1,16,0,0,"GeForce GTX 1660 SUPER (0)","1","60",,,"combine",934
11.975142,1.472904,16,1,1,1024,1,1,16,0,0,"GeForce GTX 1660 SUPER (0)","1","58",,,"combine",942
11.976838,,,,,,,,,,,,,,"PC 0x5903f3de","0x7f1f12000000","[Unified Memory CPU page faults]",
11.976890,0.000992,,,,,,,,,,"GeForce GTX 1660 SUPER (0)",,,4096.000000,"0x7f1f12000000","[Unified Memory Memcpy DtoH]",
11.976891,0.005440,,,,,,,,,,"GeForce GTX 1660 SUPER (0)",,,61440.000000,"0x7f1f12001000","[Unified Memory Memcpy DtoH]",
12.078323,0.001056,16,1,1,1024,1,1,16,0,0,"GeForce GTX 1660 SUPER (0)","1","63",,,"reset",967
12.078804,0.001024,8,8,1,8,8,1,16,0,0,"GeForce GTX 1660 SUPER (0)","1","63",,,"reset",970
12.079168,29.059218,8,8,1,8,8,1,27,0,36,"GeForce GTX 1660 SUPER (0)","1","64",,,"gaussian_blur",976
12.079169,0.090244,,,,,,,,,,"GeForce GTX 1660 SUPER (0)",,,"22","0x7f1f17800000","[Unified Memory GPU page faults]",
12.079246,0.001377,,,,,,,,,,"GeForce GTX 1660 SUPER (0)",,,4096.000000,"0x7f1f17800000","[Unified Memory Memcpy HtoD]",
12.079247,0.005696,,,,,,,,,,"GeForce GTX 1660 SUPER (0)",,,61440.000000,"0x7f1f17801000","[Unified Memory Memcpy HtoD]",
12.079464,37.059675,8,8,1,8,8,1,27,0,100,"GeForce GTX 1660 SUPER (0)","1","65",,,"gaussian_blur",981
12.079706,29.640559,8,8,1,8,8,1,27,0,36,"GeForce GTX 1660 SUPER (0)","1","66",,,"gaussian_blur",986
12.108332,7.631670,8,8,1,8,8,1,40,72,0,"GeForce GTX 1660 SUPER (0)","1","64",,,"sobel",990
12.116600,4.737897,8,8,1,8,8,1,40,72,0,"GeForce GTX 1660 SUPER (0)","1","65",,,"sobel",994
12.121466,0.556476,16,1,1,1024,1,1,16,0,0,"GeForce GTX 1660 SUPER (0)","1","67",,,"minimum",1007
12.121472,1.000465,16,1,1,1024,1,1,16,0,0,"GeForce GTX 1660 SUPER (0)","1","65",,,"maximum",1000
12.122555,1.485385,16,1,1,1024,1,1,17,0,0,"GeForce GTX 1660 SUPER (0)","1","65",,,"extend",1014
12.122568,2.324114,16,1,1,1024,1,1,16,0,0,"GeForce GTX 1660 SUPER (0)","1","66",,,"unsharpen",1021
12.124973,1.467464,16,1,1,1024,1,1,16,0,0,"GeForce GTX 1660 SUPER (0)","1","65",,,"combine",1029
12.126517,1.520331,16,1,1,1024,1,1,16,0,0,"GeForce GTX 1660 SUPER (0)","1","63",,,"combine",1037
12.128351,,,,,,,,,,,,,,"PC 0x5903f3de","0x7f1f12000000","[Unified Memory CPU page faults]",
12.128400,0.001024,,,,,,,,,,"GeForce GTX 1660 SUPER (0)",,,4096.000000,"0x7f1f12000000","[Unified Memory Memcpy DtoH]",
12.128401,0.005344,,,,,,,,,,"GeForce GTX 1660 SUPER (0)",,,61440.000000,"0x7f1f12001000","[Unified Memory Memcpy DtoH]",
12.263997,0.000960,16,1,1,1024,1,1,16,0,0,"GeForce GTX 1660 SUPER (0)","1","68",,,"reset",1062
12.264184,0.001024,8,8,1,8,8,1,16,0,0,"GeForce GTX 1660 SUPER (0)","1","68",,,"reset",1065
12.264677,28.848072,8,8,1,8,8,1,27,0,36,"GeForce GTX 1660 SUPER (0)","1","69",,,"gaussian_blur",1071
12.264678,0.080196,,,,,,,,,,"GeForce GTX 1660 SUPER (0)",,,"22","0x7f1f17800000","[Unified Memory GPU page faults]",
12.264746,0.001376,,,,,,,,,,"GeForce GTX 1660 SUPER (0)",,,4096.000000,"0x7f1f17800000","[Unified Memory Memcpy HtoD]",
12.264747,0.005953,,,,,,,,,,"GeForce GTX 1660 SUPER (0)",,,61440.000000,"0x7f1f17801000","[Unified Memory Memcpy HtoD]",
12.264944,36.996535,8,8,1,8,8,1,27,0,100,"GeForce GTX 1660 SUPER (0)","1","70",,,"gaussian_blur",1076
12.265171,29.719443,8,8,1,8,8,1,27,0,36,"GeForce GTX 1660 SUPER (0)","1","71",,,"gaussian_blur",1081
12.293641,7.547891,8,8,1,8,8,1,40,72,0,"GeForce GTX 1660 SUPER (0)","1","69",,,"sobel",1085
12.302032,4.698439,8,8,1,8,8,1,40,72,0,"GeForce GTX 1660 SUPER (0)","1","70",,,"sobel",1089
12.306880,0.550235,16,1,1,1024,1,1,16,0,0,"GeForce GTX 1660 SUPER (0)","1","72",,,"minimum",1102
12.306887,0.994321,16,1,1,1024,1,1,16,0,0,"GeForce GTX 1660 SUPER (0)","1","70",,,"maximum",1095
12.307971,1.492362,16,1,1,1024,1,1,16,0,0,"GeForce GTX 1660 SUPER (0)","1","71",,,"unsharpen",1116
12.307974,2.531836,16,1,1,1024,1,1,17,0,0,"GeForce GTX 1660 SUPER (0)","1","70",,,"extend",1109
12.310601,1.515819,16,1,1,1024,1,1,16,0,0,"GeForce GTX 1660 SUPER (0)","1","70",,,"combine",1124
12.312199,1.463720,16,1,1,1024,1,1,16,0,0,"GeForce GTX 1660 SUPER (0)","1","68",,,"combine",1132
12.313942,,,,,,,,,,,,,,"PC 0x5903f3de","0x7f1f12000000","[Unified Memory CPU page faults]",
12.313999,0.001024,,,,,,,,,,"GeForce GTX 1660 SUPER (0)",,,4096.000000,"0x7f1f12000000","[Unified Memory Memcpy DtoH]",
12.314000,0.005377,,,,,,,,,,"GeForce GTX 1660 SUPER (0)",,,61440.000000,"0x7f1f12001000","[Unified Memory Memcpy DtoH]",
12.435140,0.000992,16,1,1,1024,1,1,16,0,0,"GeForce GTX 1660 SUPER (0)","1","73",,,"reset",1157
12.435559,0.001024,8,8,1,8,8,1,16,0,0,"GeForce GTX 1660 SUPER (0)","1","73",,,"reset",1160
12.437626,28.124644,8,8,1,8,8,1,27,0,36,"GeForce GTX 1660 SUPER (0)","1","74",,,"gaussian_blur",1166
12.437628,0.158408,,,,,,,,,,"GeForce GTX 1660 SUPER (0)",,,"22","0x7f1f17800000","[Unified Memory GPU page faults]",
12.437758,0.001664,,,,,,,,,,"GeForce GTX 1660 SUPER (0)",,,4096.000000,"0x7f1f17800000","[Unified Memory Memcpy HtoD]",
12.437760,0.008001,,,,,,,,,,"GeForce GTX 1660 SUPER (0)",,,61440.000000,"0x7f1f17801000","[Unified Memory Memcpy HtoD]",
12.438765,37.182976,8,8,1,8,8,1,27,0,100,"GeForce GTX 1660 SUPER (0)","1","75",,,"gaussian_blur",1171
12.439197,30.117670,8,8,1,8,8,1,27,0,36,"GeForce GTX 1660 SUPER (0)","1","76",,,"gaussian_blur",1176
12.465893,7.731323,8,8,1,8,8,1,40,72,0,"GeForce GTX 1660 SUPER (0)","1","74",,,"sobel",1180
12.476052,4.717960,8,8,1,8,8,1,40,72,0,"GeForce GTX 1660 SUPER (0)","1","75",,,"sobel",1184
12.480911,0.552859,16,1,1,1024,1,1,16,0,0,"GeForce GTX 1660 SUPER (0)","1","77",,,"minimum",1197
12.480913,0.999313,16,1,1,1024,1,1,16,0,0,"GeForce GTX 1660 SUPER (0)","1","75",,,"maximum",1190
12.482016,1.471144,16,1,1,1024,1,1,17,0,0,"GeForce GTX 1660 SUPER (0)","1","75",,,"extend",1204
12.482039,2.320530,16,1,1,1024,1,1,16,0,0,"GeForce GTX 1660 SUPER (0)","1","76",,,"unsharpen",1211
12.484482,1.469096,16,1,1,1024,1,1,16,0,0,"GeForce GTX 1660 SUPER (0)","1","75",,,"combine",1219
12.486064,1.477416,16,1,1,1024,1,1,16,0,0,"GeForce GTX 1660 SUPER (0)","1","73",,,"combine",1227
12.487724,,,,,,,,,,,,,,"PC 0x5903f3de","0x7f1f12000000","[Unified Memory CPU page faults]",
12.487779,0.001024,,,,,,,,,,"GeForce GTX 1660 SUPER (0)",,,4096.000000,"0x7f1f12000000","[Unified Memory Memcpy DtoH]",
12.487780,0.005344,,,,,,,,,,"GeForce GTX 1660 SUPER (0)",,,61440.000000,"0x7f1f12001000","[Unified Memory Memcpy DtoH]",
12.603082,0.001024,16,1,1,1024,1,1,16,0,0,"GeForce GTX 1660 SUPER (0)","1","78",,,"reset",1252
12.603326,0.001024,8,8,1,8,8,1,16,0,0,"GeForce GTX 1660 SUPER (0)","1","78",,,"reset",1255
12.603638,28.835623,8,8,1,8,8,1,27,0,36,"GeForce GTX 1660 SUPER (0)","1","79",,,"gaussian_blur",1261
12.603640,0.107782,,,,,,,,,,"GeForce GTX 1660 SUPER (0)",,,"22","0x7f1f17800000","[Unified Memory GPU page faults]",
12.603730,0.001376,,,,,,,,,,"GeForce GTX 1660 SUPER (0)",,,4096.000000,"0x7f1f17800000","[Unified Memory Memcpy HtoD]",
12.603731,0.005664,,,,,,,,,,"GeForce GTX 1660 SUPER (0)",,,61440.000000,"0x7f1f17801000","[Unified Memory Memcpy HtoD]",
12.603927,36.991223,8,8,1,8,8,1,27,0,100,"GeForce GTX 1660 SUPER (0)","1","80",,,"gaussian_blur",1266
12.604191,29.655343,8,8,1,8,8,1,27,0,36,"GeForce GTX 1660 SUPER (0)","1","81",,,"gaussian_blur",1271
12.632590,7.320647,8,8,1,8,8,1,40,72,0,"GeForce GTX 1660 SUPER (0)","1","79",,,"sobel",1275
12.640994,4.708007,8,8,1,8,8,1,40,72,0,"GeForce GTX 1660 SUPER (0)","1","80",,,"sobel",1279
12.645831,0.572572,16,1,1,1024,1,1,16,0,0,"GeForce GTX 1660 SUPER (0)","1","82",,,"minimum",1292
12.645840,1.012146,16,1,1,1024,1,1,16,0,0,"GeForce GTX 1660 SUPER (0)","1","80",,,"maximum",1285
12.646945,1.461415,16,1,1,1024,1,1,17,0,0,"GeForce GTX 1660 SUPER (0)","1","80",,,"extend",1299
12.646960,2.295505,16,1,1,1024,1,1,16,0,0,"GeForce GTX 1660 SUPER (0)","1","81",,,"unsharpen",1306
12.649336,1.503050,16,1,1,1024,1,1,16,0,0,"GeForce GTX 1660 SUPER (0)","1","80",,,"combine",1314
12.650906,1.466088,16,1,1,1024,1,1,16,0,0,"GeForce GTX 1660 SUPER (0)","1","78",,,"combine",1322
12.652560,,,,,,,,,,,,,,"PC 0x5903f3de","0x7f1f12000000","[Unified Memory CPU page faults]",
12.652617,0.000992,,,,,,,,,,"GeForce GTX 1660 SUPER (0)",,,4096.000000,"0x7f1f12000000","[Unified Memory Memcpy DtoH]",
12.652618,0.005472,,,,,,,,,,"GeForce GTX 1660 SUPER (0)",,,61440.000000,"0x7f1f12001000","[Unified Memory Memcpy DtoH]",
12.798318,0.000928,16,1,1,1024,1,1,16,0,0,"GeForce GTX 1660 SUPER (0)","1","83",,,"reset",1347
12.798623,0.000992,8,8,1,8,8,1,16,0,0,"GeForce GTX 1660 SUPER (0)","1","83",,,"reset",1350
12.798936,27.286459,8,8,1,8,8,1,27,0,36,"GeForce GTX 1660 SUPER (0)","1","84",,,"gaussian_blur",1356
12.798937,0.112678,,,,,,,,,,"GeForce GTX 1660 SUPER (0)",,,"22","0x7f1f17800000","[Unified Memory GPU page faults]",
12.799030,0.001312,,,,,,,,,,"GeForce GTX 1660 SUPER (0)",,,4096.000000,"0x7f1f17800000","[Unified Memory Memcpy HtoD]",
12.799032,0.005664,,,,,,,,,,"GeForce GTX 1660 SUPER (0)",,,61440.000000,"0x7f1f17801000","[Unified Memory Memcpy HtoD]",
12.800081,36.304566,8,8,1,8,8,1,27,0,100,"GeForce GTX 1660 SUPER (0)","1","85",,,"gaussian_blur",1361
12.800559,30.005408,8,8,1,8,8,1,27,0,36,"GeForce GTX 1660 SUPER (0)","1","86",,,"gaussian_blur",1366
12.826357,7.768413,8,8,1,8,8,1,40,72,0,"GeForce GTX 1660 SUPER (0)","1","84",,,"sobel",1370
12.836485,4.519453,8,8,1,8,8,1,40,72,0,"GeForce GTX 1660 SUPER (0)","1","85",,,"sobel",1374
12.841164,0.566684,16,1,1,1024,1,1,16,0,0,"GeForce GTX 1660 SUPER (0)","1","87",,,"minimum",1387
12.841175,1.008081,16,1,1,1024,1,1,16,0,0,"GeForce GTX 1660 SUPER (0)","1","85",,,"maximum",1380
12.842301,1.457224,16,1,1,1024,1,1,17,0,0,"GeForce GTX 1660 SUPER (0)","1","85",,,"extend",1394
12.842305,2.297233,16,1,1,1024,1,1,16,0,0,"GeForce GTX 1660 SUPER (0)","1","86",,,"unsharpen",1401
12.844711,1.489449,16,1,1,1024,1,1,16,0,0,"GeForce GTX 1660 SUPER (0)","1","85",,,"combine",1409
12.846305,1.465096,16,1,1,1024,1,1,16,0,0,"GeForce GTX 1660 SUPER (0)","1","83",,,"combine",1417
12.848061,,,,,,,,,,,,,,"PC 0x5903f3de","0x7f1f12000000","[Unified Memory CPU page faults]",
12.848127,0.000960,,,,,,,,,,"GeForce GTX 1660 SUPER (0)",,,4096.000000,"0x7f1f12000000","[Unified Memory Memcpy DtoH]",
12.848128,0.005376,,,,,,,,,,"GeForce GTX 1660 SUPER (0)",,,61440.000000,"0x7f1f12001000","[Unified Memory Memcpy DtoH]",
13.044248,0.000928,16,1,1,1024,1,1,16,0,0,"GeForce GTX 1660 SUPER (0)","1","88",,,"reset",1442
13.044466,0.000960,8,8,1,8,8,1,16,0,0,"GeForce GTX 1660 SUPER (0)","1","88",,,"reset",1445
13.044774,28.699360,8,8,1,8,8,1,27,0,36,"GeForce GTX 1660 SUPER (0)","1","89",,,"gaussian_blur",1451
13.044775,0.108901,,,,,,,,,,"GeForce GTX 1660 SUPER (0)",,,"22","0x7f1f17800000","[Unified Memory GPU page faults]",
13.044865,0.001344,,,,,,,,,,"GeForce GTX 1660 SUPER (0)",,,4096.000000,"0x7f1f17800000","[Unified Memory Memcpy HtoD]",
13.044866,0.005697,,,,,,,,,,"GeForce GTX 1660 SUPER (0)",,,61440.000000,"0x7f1f17801000","[Unified Memory Memcpy HtoD]",
13.045033,36.394042,8,8,1,8,8,1,27,0,100,"GeForce GTX 1660 SUPER (0)","1","90",,,"gaussian_blur",1456
13.045303,29.318334,8,8,1,8,8,1,27,0,36,"GeForce GTX 1660 SUPER (0)","1","91",,,"gaussian_blur",1461
13.073635,7.204546,8,8,1,8,8,1,40,72,0,"GeForce GTX 1660 SUPER (0)","1","89",,,"sobel",1465
13.081544,4.543295,8,8,1,8,8,1,40,72,0,"GeForce GTX 1660 SUPER (0)","1","90",,,"sobel",1469
13.086226,0.544475,16,1,1,1024,1,1,16,0,0,"GeForce GTX 1660 SUPER (0)","1","92",,,"minimum",1482
13.086229,0.982192,16,1,1,1024,1,1,16,0,0,"GeForce GTX 1660 SUPER (0)","1","90",,,"maximum",1475
13.087391,1.433510,16,1,1,1024,1,1,17,0,0,"GeForce GTX 1660 SUPER (0)","1","90",,,"extend",1489
13.087464,2.226253,16,1,1,1024,1,1,16,0,0,"GeForce GTX 1660 SUPER (0)","1","91",,,"unsharpen",1496
13.089866,1.471785,16,1,1,1024,1,1,16,0,0,"GeForce GTX 1660 SUPER (0)","1","90",,,"combine",1504
13.091452,1.464040,16,1,1,1024,1,1,16,0,0,"GeForce GTX 1660 SUPER (0)","1","88",,,"combine",1512
13.093149,,,,,,,,,,,,,,"PC 0x5903f3de","0x7f1f12000000","[Unified Memory CPU page faults]",
13.093218,0.001120,,,,,,,,,,"GeForce GTX 1660 SUPER (0)",,,4096.000000,"0x7f1f12000000","[Unified Memory Memcpy DtoH]",
13.093219,0.005376,,,,,,,,,,"GeForce GTX 1660 SUPER (0)",,,61440.000000,"0x7f1f12001000","[Unified Memory Memcpy DtoH]",
13.243697,0.000960,16,1,1,1024,1,1,16,0,0,"GeForce GTX 1660 SUPER (0)","1","93",,,"reset",1537
13.243952,0.000960,8,8,1,8,8,1,16,0,0,"GeForce GTX 1660 SUPER (0)","1","93",,,"reset",1540
13.244180,28.868873,8,8,1,8,8,1,27,0,36,"GeForce GTX 1660 SUPER (0)","1","94",,,"gaussian_blur",1546
13.244181,0.109925,,,,,,,,,,"GeForce GTX 1660 SUPER (0)",,,"22","0x7f1f17800000","[Unified Memory GPU page faults]",
13.244273,0.001344,,,,,,,,,,"GeForce GTX 1660 SUPER (0)",,,4096.000000,"0x7f1f17800000","[Unified Memory Memcpy HtoD]",
13.244274,0.005728,,,,,,,,,,"GeForce GTX 1660 SUPER (0)",,,61440.000000,"0x7f1f17801000","[Unified Memory Memcpy HtoD]",
13.244395,36.497888,8,8,1,8,8,1,27,0,100,"GeForce GTX 1660 SUPER (0)","1","95",,,"gaussian_blur",1551
13.244583,29.466470,8,8,1,8,8,1,27,0,36,"GeForce GTX 1660 SUPER (0)","1","96",,,"gaussian_blur",1556
13.273171,6.987351,8,8,1,8,8,1,40,72,0,"GeForce GTX 1660 SUPER (0)","1","94",,,"sobel",1560
13.280963,4.496765,8,8,1,8,8,1,40,72,0,"GeForce GTX 1660 SUPER (0)","1","95",,,"sobel",1564
13.285607,0.533594,16,1,1,1024,1,1,16,0,0,"GeForce GTX 1660 SUPER (0)","1","97",,,"minimum",1577
13.285609,0.975184,16,1,1,1024,1,1,16,0,0,"GeForce GTX 1660 SUPER (0)","1","95",,,"maximum",1570
13.286676,1.437479,16,1,1,1024,1,1,17,0,0,"GeForce GTX 1660 SUPER (0)","1","95",,,"extend",1584
13.286692,2.269807,16,1,1,1024,1,1,16,0,0,"GeForce GTX 1660 SUPER (0)","1","96",,,"unsharpen",1591
13.289071,1.518538,16,1,1,1024,1,1,16,0,0,"GeForce GTX 1660 SUPER (0)","1","95",,,"combine",1599
13.290685,1.449959,16,1,1,1024,1,1,16,0,0,"GeForce GTX 1660 SUPER (0)","1","93",,,"combine",1607
13.292345,,,,,,,,,,,,,,"PC 0x5903f3de","0x7f1f12000000","[Unified Memory CPU page faults]",
13.292412,0.001216,,,,,,,,,,"GeForce GTX 1660 SUPER (0)",,,4096.000000,"0x7f1f12000000","[Unified Memory Memcpy DtoH]",
13.292414,0.005312,,,,,,,,,,"GeForce GTX 1660 SUPER (0)",,,61440.000000,"0x7f1f12001000","[Unified Memory Memcpy DtoH]",
13.429334,0.000928,16,1,1,1024,1,1,16,0,0,"GeForce GTX 1660 SUPER (0)","1","98",,,"reset",1632
13.429612,0.000928,8,8,1,8,8,1,16,0,0,"GeForce GTX 1660 SUPER (0)","1","98",,,"reset",1635
13.429893,25.711630,8,8,1,8,8,1,27,0,36,"GeForce GTX 1660 SUPER (0)","1","99",,,"gaussian_blur",1641
13.429894,0.139015,,,,,,,,,,"GeForce GTX 1660 SUPER (0)",,,"22","0x7f1f17800000","[Unified Memory GPU page faults]",
13.430006,0.001408,,,,,,,,,,"GeForce GTX 1660 SUPER (0)",,,4096.000000,"0x7f1f17800000","[Unified Memory Memcpy HtoD]",
13.430007,0.006400,,,,,,,,,,"GeForce GTX 1660 SUPER (0)",,,61440.000000,"0x7f1f17801000","[Unified Memory Memcpy HtoD]",
13.432143,35.980837,8,8,1,8,8,1,27,0,100,"GeForce GTX 1660 SUPER (0)","1","100",,,"gaussian_blur",1646
13.432802,30.843082,8,8,1,8,8,1,27,0,36,"GeForce GTX 1660 SUPER (0)","1","101",,,"gaussian_blur",1651
13.455725,8.384539,8,8,1,8,8,1,40,72,0,"GeForce GTX 1660 SUPER (0)","1","99",,,"sobel",1655
13.468224,4.535007,8,8,1,8,8,1,40,72,0,"GeForce GTX 1660 SUPER (0)","1","100",,,"sobel",1659
13.472866,0.531866,16,1,1,1024,1,1,16,0,0,"GeForce GTX 1660 SUPER (0)","1","102",,,"minimum",1672
13.472872,0.970896,16,1,1,1024,1,1,16,0,0,"GeForce GTX 1660 SUPER (0)","1","100",,,"maximum",1665
13.473925,1.458920,16,1,1,1024,1,1,17,0,0,"GeForce GTX 1660 SUPER (0)","1","100",,,"extend",1679
13.473927,2.312946,16,1,1,1024,1,1,16,0,0,"GeForce GTX 1660 SUPER (0)","1","101",,,"unsharpen",1686
13.476341,1.462247,16,1,1,1024,1,1,16,0,0,"GeForce GTX 1660 SUPER (0)","1","100",,,"combine",1694
13.477898,1.453703,16,1,1,1024,1,1,16,0,0,"GeForce GTX 1660 SUPER (0)","1","98",,,"combine",1702
13.479490,,,,,,,,,,,,,,"PC 0x5903f3de","0x7f1f12000000","[Unified Memory CPU page faults]",
13.479553,0.000960,,,,,,,,,,"GeForce GTX 1660 SUPER (0)",,,4096.000000,"0x7f1f12000000","[Unified Memory Memcpy DtoH]",
13.479554,0.005376,,,,,,,,,,"GeForce GTX 1660 SUPER (0)",,,61440.000000,"0x7f1f12001000","[Unified Memory Memcpy DtoH]",
13.604099,0.000896,16,1,1,1024,1,1,16,0,0,"GeForce GTX 1660 SUPER (0)","1","103",,,"reset",1727
13.604465,0.000960,8,8,1,8,8,1,16,0,0,"GeForce GTX 1660 SUPER (0)","1","103",,,"reset",1730
13.604869,28.688383,8,8,1,8,8,1,27,0,36,"GeForce GTX 1660 SUPER (0)","1","104",,,"gaussian_blur",1736
13.604870,0.097124,,,,,,,,,,"GeForce GTX 1660 SUPER (0)",,,"22","0x7f1f17800000","[Unified Memory GPU page faults]",
13.604948,0.001408,,,,,,,,,,"GeForce GTX 1660 SUPER (0)",,,4096.000000,"0x7f1f17800000","[Unified Memory Memcpy HtoD]",
13.604950,0.006688,,,,,,,,,,"GeForce GTX 1660 SUPER (0)",,,61440.000000,"0x7f1f17801000","[Unified Memory Memcpy HtoD]",
13.605312,36.865809,8,8,1,8,8,1,27,0,100,"GeForce GTX 1660 SUPER (0)","1","105",,,"gaussian_blur",1741
13.605655,29.589708,8,8,1,8,8,1,27,0,36,"GeForce GTX 1660 SUPER (0)","1","106",,,"gaussian_blur",1746
13.633690,7.726971,8,8,1,8,8,1,40,72,0,"GeForce GTX 1660 SUPER (0)","1","104",,,"sobel",1750
13.642258,4.513278,8,8,1,8,8,1,40,72,0,"GeForce GTX 1660 SUPER (0)","1","105",,,"sobel",1754
13.646916,0.574844,16,1,1,1024,1,1,16,0,0,"GeForce GTX 1660 SUPER (0)","1","107",,,"minimum",1767
13.646928,1.009105,16,1,1,1024,1,1,16,0,0,"GeForce GTX 1660 SUPER (0)","1","105",,,"maximum",1760
13.648020,1.457800,16,1,1,1024,1,1,17,0,0,"GeForce GTX 1660 SUPER (0)","1","105",,,"extend",1774
13.648035,2.279216,16,1,1,1024,1,1,16,0,0,"GeForce GTX 1660 SUPER (0)","1","106",,,"unsharpen",1781
13.650405,1.479145,16,1,1,1024,1,1,16,0,0,"GeForce GTX 1660 SUPER (0)","1","105",,,"combine",1789
13.651962,1.462279,16,1,1,1024,1,1,16,0,0,"GeForce GTX 1660 SUPER (0)","1","103",,,"combine",1797
13.653679,,,,,,,,,,,,,,"PC 0x5903f3de","0x7f1f12000000","[Unified Memory CPU page faults]",
13.653761,0.000992,,,,,,,,,,"GeForce GTX 1660 SUPER (0)",,,4096.000000,"0x7f1f12000000","[Unified Memory Memcpy DtoH]",
13.653762,0.005984,,,,,,,,,,"GeForce GTX 1660 SUPER (0)",,,61440.000000,"0x7f1f12001000","[Unified Memory Memcpy DtoH]",
13.767824,0.000896,16,1,1,1024,1,1,16,0,0,"GeForce GTX 1660 SUPER (0)","1","108",,,"reset",1822
13.767978,0.000960,8,8,1,8,8,1,16,0,0,"GeForce GTX 1660 SUPER (0)","1","108",,,"reset",1825
13.768319,28.497847,8,8,1,8,8,1,27,0,36,"GeForce GTX 1660 SUPER (0)","1","109",,,"gaussian_blur",1831
13.768320,0.088805,,,,,,,,,,"GeForce GTX 1660 SUPER (0)",,,"22","0x7f1f17800000","[Unified Memory GPU page faults]",
13.768395,0.001376,,,,,,,,,,"GeForce GTX 1660 SUPER (0)",,,4096.000000,"0x7f1f17800000","[Unified Memory Memcpy HtoD]",
13.768397,0.005729,,,,,,,,,,"GeForce GTX 1660 SUPER (0)",,,61440.000000,"0x7f1f17801000","[Unified Memory Memcpy HtoD]",
13.768588,36.506719,8,8,1,8,8,1,27,0,100,"GeForce GTX 1660 SUPER (0)","1","110",,,"gaussian_blur",1836
13.768805,29.350689,8,8,1,8,8,1,27,0,36,"GeForce GTX 1660 SUPER (0)","1","111",,,"gaussian_blur",1841
13.796924,7.684697,8,8,1,8,8,1,40,72,0,"GeForce GTX 1660 SUPER (0)","1","109",,,"sobel",1845
13.805173,4.545023,8,8,1,8,8,1,40,72,0,"GeForce GTX 1660 SUPER (0)","1","110",,,"sobel",1849
13.809842,0.532730,16,1,1,1024,1,1,16,0,0,"GeForce GTX 1660 SUPER (0)","1","112",,,"minimum",1862
13.809845,0.981104,16,1,1,1024,1,1,16,0,0,"GeForce GTX 1660 SUPER (0)","1","110",,,"maximum",1855
13.810907,1.460200,16,1,1,1024,1,1,17,0,0,"GeForce GTX 1660 SUPER (0)","1","110",,,"extend",1869
13.810909,2.293617,16,1,1,1024,1,1,16,0,0,"GeForce GTX 1660 SUPER (0)","1","111",,,"unsharpen",1876
13.813285,1.485417,16,1,1,1024,1,1,16,0,0,"GeForce GTX 1660 SUPER (0)","1","110",,,"combine",1884
13.814839,1.461064,16,1,1,1024,1,1,16,0,0,"GeForce GTX 1660 SUPER (0)","1","108",,,"combine",1892
13.816518,,,,,,,,,,,,,,"PC 0x5903f3de","0x7f1f12000000","[Unified Memory CPU page faults]",
13.816600,0.001088,,,,,,,,,,"GeForce GTX 1660 SUPER (0)",,,4096.000000,"0x7f1f12000000","[Unified Memory Memcpy DtoH]",
13.816602,0.005984,,,,,,,,,,"GeForce GTX 1660 SUPER (0)",,,61440.000000,"0x7f1f12001000","[Unified Memory Memcpy DtoH]",
13.951129,0.000928,16,1,1,1024,1,1,16,0,0,"GeForce GTX 1660 SUPER (0)","1","113",,,"reset",1917
13.951430,0.000960,8,8,1,8,8,1,16,0,0,"GeForce GTX 1660 SUPER (0)","1","113",,,"reset",1920
13.951795,28.617020,8,8,1,8,8,1,27,0,36,"GeForce GTX 1660 SUPER (0)","1","114",,,"gaussian_blur",1926
13.951796,0.100581,,,,,,,,,,"GeForce GTX 1660 SUPER (0)",,,"22","0x7f1f17800000","[Unified Memory GPU page faults]",
13.951880,0.001344,,,,,,,,,,"GeForce GTX 1660 SUPER (0)",,,4096.000000,"0x7f1f17800000","[Unified Memory Memcpy HtoD]",
13.951882,0.005760,,,,,,,,,,"GeForce GTX 1660 SUPER (0)",,,61440.000000,"0x7f1f17801000","[Unified Memory Memcpy HtoD]",
13.952132,36.910676,8,8,1,8,8,1,27,0,100,"GeForce GTX 1660 SUPER (0)","1","115",,,"gaussian_blur",1931
13.952399,29.381921,8,8,1,8,8,1,27,0,36,"GeForce GTX 1660 SUPER (0)","1","116",,,"gaussian_blur",1936
13.980538,7.742556,8,8,1,8,8,1,40,72,0,"GeForce GTX 1660 SUPER (0)","1","114",,,"sobel",1940
13.989131,4.521182,8,8,1,8,8,1,40,72,0,"GeForce GTX 1660 SUPER (0)","1","115",,,"sobel",1944
13.993795,0.546907,16,1,1,1024,1,1,16,0,0,"GeForce GTX 1660 SUPER (0)","1","117",,,"minimum",1957
13.993803,0.979344,16,1,1,1024,1,1,16,0,0,"GeForce GTX 1660 SUPER (0)","1","115",,,"maximum",1950
13.994897,1.454631,16,1,1,1024,1,1,17,0,0,"GeForce GTX 1660 SUPER (0)","1","115",,,"extend",1964
13.994902,2.298641,16,1,1,1024,1,1,16,0,0,"GeForce GTX 1660 SUPER (0)","1","116",,,"unsharpen",1971
13.997299,1.512234,16,1,1,1024,1,1,16,0,0,"GeForce GTX 1660 SUPER (0)","1","115",,,"combine",1979
13.998915,1.485289,16,1,1,1024,1,1,16,0,0,"GeForce GTX 1660 SUPER (0)","1","113",,,"combine",1987
14.000728,,,,,,,,,,,,,,"PC 0x5903f3de","0x7f1f12000000","[Unified Memory CPU page faults]",
14.000836,0.000961,,,,,,,,,,"GeForce GTX 1660 SUPER (0)",,,4096.000000,"0x7f1f12000000","[Unified Memory Memcpy DtoH]",
14.000837,0.014112,,,,,,,,,,"GeForce GTX 1660 SUPER (0)",,,61440.000000,"0x7f1f12001000","[Unified Memory Memcpy DtoH]",
14.185161,0.000928,16,1,1,1024,1,1,16,0,0,"GeForce GTX 1660 SUPER (0)","1","118",,,"reset",2012
14.185367,0.000992,8,8,1,8,8,1,16,0,0,"GeForce GTX 1660 SUPER (0)","1","118",,,"reset",2015
14.186385,28.507159,8,8,1,8,8,1,27,0,36,"GeForce GTX 1660 SUPER (0)","1","119",,,"gaussian_blur",2021
14.186386,0.089828,,,,,,,,,,"GeForce GTX 1660 SUPER (0)",,,"22","0x7f1f17800000","[Unified Memory GPU page faults]",
14.186463,0.001344,,,,,,,,,,"GeForce GTX 1660 SUPER (0)",,,4096.000000,"0x7f1f17800000","[Unified Memory Memcpy HtoD]",
14.186464,0.005760,,,,,,,,,,"GeForce GTX 1660 SUPER (0)",,,61440.000000,"0x7f1f17801000","[Unified Memory Memcpy HtoD]",
14.186753,36.382585,8,8,1,8,8,1,27,0,100,"GeForce GTX 1660 SUPER (0)","1","120",,,"gaussian_blur",2026
14.187057,29.383682,8,8,1,8,8,1,27,0,36,"GeForce GTX 1660 SUPER (0)","1","121",,,"gaussian_blur",2031
14.215020,7.547410,8,8,1,8,8,1,40,72,0,"GeForce GTX 1660 SUPER (0)","1","119",,,"sobel",2035
14.223226,4.494972,8,8,1,8,8,1,40,72,0,"GeForce GTX 1660 SUPER (0)","1","120",,,"sobel",2039
14.227847,0.575421,16,1,1,1024,1,1,16,0,0,"GeForce GTX 1660 SUPER (0)","1","122",,,"minimum",2052
14.227857,1.009361,16,1,1,1024,1,1,16,0,0,"GeForce GTX 1660 SUPER (0)","1","120",,,"maximum",2045
14.228972,1.437190,16,1,1,1024,1,1,17,0,0,"GeForce GTX 1660 SUPER (0)","1","120",,,"extend",2059
14.228977,2.276944,16,1,1,1024,1,1,16,0,0,"GeForce GTX 1660 SUPER (0)","1","121",,,"unsharpen",2066
14.231360,1.472936,16,1,1,1024,1,1,16,0,0,"GeForce GTX 1660 SUPER (0)","1","120",,,"combine",2074
14.232930,1.468136,16,1,1,1024,1,1,16,0,0,"GeForce GTX 1660 SUPER (0)","1","118",,,"combine",2082
14.234560,,,,,,,,,,,,,,"PC 0x5903f3de","0x7f1f12000000","[Unified Memory CPU page faults]",
14.234642,0.000992,,,,,,,,,,"GeForce GTX 1660 SUPER (0)",,,4096.000000,"0x7f1f12000000","[Unified Memory Memcpy DtoH]",
14.234643,0.005344,,,,,,,,,,"GeForce GTX 1660 SUPER (0)",,,61440.000000,"0x7f1f12001000","[Unified Memory Memcpy DtoH]",
14.404746,0.000896,16,1,1,1024,1,1,16,0,0,"GeForce GTX 1660 SUPER (0)","1","123",,,"reset",2107
14.405007,0.000960,8,8,1,8,8,1,16,0,0,"GeForce GTX 1660 SUPER (0)","1","123",,,"reset",2110
14.405258,28.742051,8,8,1,8,8,1,27,0,36,"GeForce GTX 1660 SUPER (0)","1","124",,,"gaussian_blur",2116
14.405259,0.085541,,,,,,,,,,"GeForce GTX 1660 SUPER (0)",,,"22","0x7f1f17800000","[Unified Memory GPU page faults]",
14.405325,0.001344,,,,,,,,,,"GeForce GTX 1660 SUPER (0)",,,4096.000000,"0x7f1f17800000","[Unified Memory Memcpy HtoD]",
14.405327,0.006368,,,,,,,,,,"GeForce GTX 1660 SUPER (0)",,,61440.000000,"0x7f1f17801000","[Unified Memory Memcpy HtoD]",
14.405518,36.725258,8,8,1,8,8,1,27,0,100,"GeForce GTX 1660 SUPER (0)","1","125",,,"gaussian_blur",2121
14.405700,29.355680,8,8,1,8,8,1,27,0,36,"GeForce GTX 1660 SUPER (0)","1","126",,,"gaussian_blur",2126
14.434541,7.224099,8,8,1,8,8,1,40,72,0,"GeForce GTX 1660 SUPER (0)","1","124",,,"sobel",2130
14.447389,4.527614,8,8,1,8,8,1,40,72,0,"GeForce GTX 1660 SUPER (0)","1","125",,,"sobel",2134
14.452055,0.540922,16,1,1,1024,1,1,16,0,0,"GeForce GTX 1660 SUPER (0)","1","127",,,"minimum",2147
14.452057,0.982896,16,1,1,1024,1,1,16,0,0,"GeForce GTX 1660 SUPER (0)","1","125",,,"maximum",2140
14.453158,1.451527,16,1,1,1024,1,1,17,0,0,"GeForce GTX 1660 SUPER (0)","1","125",,,"extend",2154
14.453161,2.290640,16,1,1,1024,1,1,16,0,0,"GeForce GTX 1660 SUPER (0)","1","126",,,"unsharpen",2161
14.455554,1.479945,16,1,1,1024,1,1,16,0,0,"GeForce GTX 1660 SUPER (0)","1","125",,,"combine",2169
14.457139,1.470696,16,1,1,1024,1,1,16,0,0,"GeForce GTX 1660 SUPER (0)","1","123",,,"combine",2177
14.458789,,,,,,,,,,,,,,"PC 0x5903f3de","0x7f1f12000000","[Unified Memory CPU page faults]",
14.458873,0.001024,,,,,,,,,,"GeForce GTX 1660 SUPER (0)",,,4096.000000,"0x7f1f12000000","[Unified Memory Memcpy DtoH]",
14.458874,0.005377,,,,,,,,,,"GeForce GTX 1660 SUPER (0)",,,61440.000000,"0x7f1f12001000","[Unified Memory Memcpy DtoH]",
14.576281,0.001024,16,1,1,1024,1,1,16,0,0,"GeForce GTX 1660 SUPER (0)","1","128",,,"reset",2202
14.576585,0.001056,8,8,1,8,8,1,16,0,0,"GeForce GTX 1660 SUPER (0)","1","128",,,"reset",2205
14.576908,28.940717,8,8,1,8,8,1,27,0,36,"GeForce GTX 1660 SUPER (0)","1","129",,,"gaussian_blur",2211
14.576909,0.090693,,,,,,,,,,"GeForce GTX 1660 SUPER (0)",,,"22","0x7f1f17800000","[Unified Memory GPU page faults]",
14.576980,0.001728,,,,,,,,,,"GeForce GTX 1660 SUPER (0)",,,4096.000000,"0x7f1f17800000","[Unified Memory Memcpy HtoD]",
14.576982,0.006976,,,,,,,,,,"GeForce GTX 1660 SUPER (0)",,,61440.000000,"0x7f1f17801000","[Unified Memory Memcpy HtoD]",
14.577217,37.663736,8,8,1,8,8,1,27,0,100,"GeForce GTX 1660 SUPER (0)","1","130",,,"gaussian_blur",2216
14.577469,29.732531,8,8,1,8,8,1,27,0,36,"GeForce GTX 1660 SUPER (0)","1","131",,,"gaussian_blur",2221
14.605957,8.193266,8,8,1,8,8,1,40,72,0,"GeForce GTX 1660 SUPER (0)","1","129",,,"sobel",2225
14.614973,4.739017,8,8,1,8,8,1,40,72,0,"GeForce GTX 1660 SUPER (0)","1","130",,,"sobel",2229
14.619853,0.555387,16,1,1,1024,1,1,16,0,0,"GeForce GTX 1660 SUPER (0)","1","132",,,"minimum",2242
14.619859,1.005777,16,1,1,1024,1,1,16,0,0,"GeForce GTX 1660 SUPER (0)","1","130",,,"maximum",2235
14.620958,1.496682,16,1,1,1024,1,1,17,0,0,"GeForce GTX 1660 SUPER (0)","1","130",,,"extend",2249
14.620960,2.343315,16,1,1,1024,1,1,16,0,0,"GeForce GTX 1660 SUPER (0)","1","131",,,"unsharpen",2256
14.623395,1.499689,16,1,1,1024,1,1,16,0,0,"GeForce GTX 1660 SUPER (0)","1","130",,,"combine",2264
14.624981,1.428231,16,1,1,1024,1,1,16,0,0,"GeForce GTX 1660 SUPER (0)","1","128",,,"combine",2272
14.626543,,,,,,,,,,,,,,"PC 0x5903f3de","0x7f1f12000000","[Unified Memory CPU page faults]",
14.626628,0.001056,,,,,,,,,,"GeForce GTX 1660 SUPER (0)",,,4096.000000,"0x7f1f12000000","[Unified Memory Memcpy DtoH]",
14.626629,0.005409,,,,,,,,,,"GeForce GTX 1660 SUPER (0)",,,61440.000000,"0x7f1f12001000","[Unified Memory Memcpy DtoH]",
14.795703,0.001088,16,1,1,1024,1,1,16,0,0,"GeForce GTX 1660 SUPER (0)","1","133",,,"reset",2297
14.795940,0.001024,8,8,1,8,8,1,16,0,0,"GeForce GTX 1660 SUPER (0)","1","133",,,"reset",2300
14.796276,28.950509,8,8,1,8,8,1,27,0,36,"GeForce GTX 1660 SUPER (0)","1","134",,,"gaussian_blur",2306
14.796277,0.095429,,,,,,,,,,"GeForce GTX 1660 SUPER (0)",,,"22","0x7f1f17800000","[Unified Memory GPU page faults]",
14.796353,0.001440,,,,,,,,,,"GeForce GTX 1660 SUPER (0)",,,4096.000000,"0x7f1f17800000","[Unified Memory Memcpy HtoD]",
14.796354,0.007360,,,,,,,,,,"GeForce GTX 1660 SUPER (0)",,,61440.000000,"0x7f1f17801000","[Unified Memory Memcpy HtoD]",
14.796590,36.958005,8,8,1,8,8,1,27,0,100,"GeForce GTX 1660 SUPER (0)","1","135",,,"gaussian_blur",2311
14.796846,29.589772,8,8,1,8,8,1,27,0,36,"GeForce GTX 1660 SUPER (0)","1","136",,,"gaussian_blur",2316
14.825347,7.204833,8,8,1,8,8,1,40,72,0,"GeForce GTX 1660 SUPER (0)","1","134",,,"sobel",2320
14.833623,4.704071,8,8,1,8,8,1,40,72,0,"GeForce GTX 1660 SUPER (0)","1","135",,,"sobel",2324
14.838469,0.551227,16,1,1,1024,1,1,16,0,0,"GeForce GTX 1660 SUPER (0)","1","137",,,"minimum",2337
14.838470,1.002097,16,1,1,1024,1,1,16,0,0,"GeForce GTX 1660 SUPER (0)","1","135",,,"maximum",2330
14.839555,1.462376,16,1,1,1024,1,1,17,0,0,"GeForce GTX 1660 SUPER (0)","1","135",,,"extend",2344
14.839576,2.298705,16,1,1,1024,1,1,16,0,0,"GeForce GTX 1660 SUPER (0)","1","136",,,"unsharpen",2351
14.841964,1.529451,16,1,1,1024,1,1,16,0,0,"GeForce GTX 1660 SUPER (0)","1","135",,,"combine",2359
14.843571,1.455592,16,1,1,1024,1,1,16,0,0,"GeForce GTX 1660 SUPER (0)","1","133",,,"combine",2367
14.845709,,,,,,,,,,,,,,"PC 0x5903f3de","0x7f1f12000000","[Unified Memory CPU page faults]",
14.845797,0.001024,,,,,,,,,,"GeForce GTX 1660 SUPER (0)",,,4096.000000,"0x7f1f12000000","[Unified Memory Memcpy DtoH]",
14.845798,0.005377,,,,,,,,,,"GeForce GTX 1660 SUPER (0)",,,61440.000000,"0x7f1f12001000","[Unified Memory Memcpy DtoH]",
14.945407,0.000992,16,1,1,1024,1,1,16,0,0,"GeForce GTX 1660 SUPER (0)","1","138",,,"reset",2392
14.945593,0.000993,8,8,1,8,8,1,16,0,0,"GeForce GTX 1660 SUPER (0)","1","138",,,"reset",2395
14.945828,29.011856,8,8,1,8,8,1,27,0,36,"GeForce GTX 1660 SUPER (0)","1","139",,,"gaussian_blur",2401
14.945829,0.095429,,,,,,,,,,"GeForce GTX 1660 SUPER (0)",,,"22","0x7f1f17800000","[Unified Memory GPU page faults]",
14.945904,0.001440,,,,,,,,,,"GeForce GTX 1660 SUPER (0)",,,4096.000000,"0x7f1f17800000","[Unified Memory Memcpy HtoD]",
14.945906,0.007136,,,,,,,,,,"GeForce GTX 1660 SUPER (0)",,,61440.000000,"0x7f1f17801000","[Unified Memory Memcpy HtoD]",
14.946077,37.142143,8,8,1,8,8,1,27,0,100,"GeForce GTX 1660 SUPER (0)","1","140",,,"gaussian_blur",2406
14.946273,29.558826,8,8,1,8,8,1,27,0,36,"GeForce GTX 1660 SUPER (0)","1","141",,,"gaussian_blur",2411
14.974950,7.415756,8,8,1,8,8,1,40,72,0,"GeForce GTX 1660 SUPER (0)","1","139",,,"sobel",2415
14.983283,4.705735,8,8,1,8,8,1,40,72,0,"GeForce GTX 1660 SUPER (0)","1","140",,,"sobel",2419
14.988129,0.558971,16,1,1,1024,1,1,16,0,0,"GeForce GTX 1660 SUPER (0)","1","142",,,"minimum",2432
14.988132,1.007185,16,1,1,1024,1,1,16,0,0,"GeForce GTX 1660 SUPER (0)","1","140",,,"maximum",2425
14.989223,1.471209,16,1,1,1024,1,1,17,0,0,"GeForce GTX 1660 SUPER (0)","1","140",,,"extend",2439
14.989240,2.313426,16,1,1,1024,1,1,16,0,0,"GeForce GTX 1660 SUPER (0)","1","141",,,"unsharpen",2446
14.991634,1.522475,16,1,1,1024,1,1,16,0,0,"GeForce GTX 1660 SUPER (0)","1","140",,,"combine",2454
14.993225,1.452903,16,1,1,1024,1,1,16,0,0,"GeForce GTX 1660 SUPER (0)","1","138",,,"combine",2462
14.994810,,,,,,,,,,,,,,"PC 0x5903f3de","0x7f1f12000000","[Unified Memory CPU page faults]",
14.994897,0.001024,,,,,,,,,,"GeForce GTX 1660 SUPER (0)",,,4096.000000,"0x7f1f12000000","[Unified Memory Memcpy DtoH]",
14.994898,0.005344,,,,,,,,,,"GeForce GTX 1660 SUPER (0)",,,61440.000000,"0x7f1f12001000","[Unified Memory Memcpy DtoH]",
15.118076,0.000992,16,1,1,1024,1,1,16,0,0,"GeForce GTX 1660 SUPER (0)","1","143",,,"reset",2487
15.118199,0.001024,8,8,1,8,8,1,16,0,0,"GeForce GTX 1660 SUPER (0)","1","143",,,"reset",2490
15.118504,28.908618,8,8,1,8,8,1,27,0,36,"GeForce GTX 1660 SUPER (0)","1","144",,,"gaussian_blur",2496
15.118505,0.074115,,,,,,,,,,"GeForce GTX 1660 SUPER (0)",,,"22","0x7f1f17800000","[Unified Memory GPU page faults]",
15.118563,0.001505,,,,,,,,,,"GeForce GTX 1660 SUPER (0)",,,4096.000000,"0x7f1f17800000","[Unified Memory Memcpy HtoD]",
15.118564,0.005696,,,,,,,,,,"GeForce GTX 1660 SUPER (0)",,,61440.000000,"0x7f1f17801000","[Unified Memory Memcpy HtoD]",
15.118845,37.275814,8,8,1,8,8,1,27,0,100,"GeForce GTX 1660 SUPER (0)","1","145",,,"gaussian_blur",2501
15.119042,29.714194,8,8,1,8,8,1,27,0,36,"GeForce GTX 1660 SUPER (0)","1","146",,,"gaussian_blur",2506
15.147536,7.638935,8,8,1,8,8,1,40,72,0,"GeForce GTX 1660 SUPER (0)","1","144",,,"sobel",2510
15.156196,4.716904,8,8,1,8,8,1,40,72,0,"GeForce GTX 1660 SUPER (0)","1","145",,,"sobel",2514
15.161027,0.569148,16,1,1,1024,1,1,16,0,0,"GeForce GTX 1660 SUPER (0)","1","147",,,"minimum",2527
15.161037,1.031058,16,1,1,1024,1,1,16,0,0,"GeForce GTX 1660 SUPER (0)","1","145",,,"maximum",2520
15.162171,1.467912,16,1,1,1024,1,1,17,0,0,"GeForce GTX 1660 SUPER (0)","1","145",,,"extend",2534
15.162184,2.319442,16,1,1,1024,1,1,16,0,0,"GeForce GTX 1660 SUPER (0)","1","146",,,"unsharpen",2541
15.164603,1.468840,16,1,1,1024,1,1,16,0,0,"GeForce GTX 1660 SUPER (0)","1","145",,,"combine",2549
15.166168,1.474440,16,1,1,1024,1,1,16,0,0,"GeForce GTX 1660 SUPER (0)","1","143",,,"combine",2557
15.167739,,,,,,,,,,,,,,"PC 0x5903f3de","0x7f1f12000000","[Unified Memory CPU page faults]",
15.167824,0.001216,,,,,,,,,,"GeForce GTX 1660 SUPER (0)",,,4096.000000,"0x7f1f12000000","[Unified Memory Memcpy DtoH]",
15.167825,0.005344,,,,,,,,,,"GeForce GTX 1660 SUPER (0)",,,61440.000000,"0x7f1f12001000","[Unified Memory Memcpy DtoH]",
15.268232,0.000960,16,1,1,1024,1,1,16,0,0,"GeForce GTX 1660 SUPER (0)","1","148",,,"reset",2582
15.268401,0.000992,8,8,1,8,8,1,16,0,0,"GeForce GTX 1660 SUPER (0)","1","148",,,"reset",2585
15.268812,28.913771,8,8,1,8,8,1,27,0,36,"GeForce GTX 1660 SUPER (0)","1","149",,,"gaussian_blur",2591
15.268813,0.087300,,,,,,,,,,"GeForce GTX 1660 SUPER (0)",,,"22","0x7f1f17800000","[Unified Memory GPU page faults]",
15.268885,0.001376,,,,,,,,,,"GeForce GTX 1660 SUPER (0)",,,4096.000000,"0x7f1f17800000","[Unified Memory Memcpy HtoD]",
15.268886,0.006048,,,,,,,,,,"GeForce GTX 1660 SUPER (0)",,,61440.000000,"0x7f1f17801000","[Unified Memory Memcpy HtoD]",
15.269079,37.039929,8,8,1,8,8,1,27,0,100,"GeForce GTX 1660 SUPER (0)","1","150",,,"gaussian_blur",2596
15.269311,29.840472,8,8,1,8,8,1,27,0,36,"GeForce GTX 1660 SUPER (0)","1","151",,,"gaussian_blur",2601
15.297853,7.436012,8,8,1,8,8,1,40,72,0,"GeForce GTX 1660 SUPER (0)","1","149",,,"sobel",2605
15.306211,4.698950,8,8,1,8,8,1,40,72,0,"GeForce GTX 1660 SUPER (0)","1","150",,,"sobel",2609
15.311052,0.558364,16,1,1,1024,1,1,16,0,0,"GeForce GTX 1660 SUPER (0)","1","150",,,"maximum",2615
15.311055,0.991441,16,1,1,1024,1,1,16,0,0,"GeForce GTX 1660 SUPER (0)","1","152",,,"minimum",2622
15.312140,1.477288,16,1,1,1024,1,1,17,0,0,"GeForce GTX 1660 SUPER (0)","1","150",,,"extend",2629
15.312153,2.314354,16,1,1,1024,1,1,16,0,0,"GeForce GTX 1660 SUPER (0)","1","151",,,"unsharpen",2636
15.314577,1.479145,16,1,1,1024,1,1,16,0,0,"GeForce GTX 1660 SUPER (0)","1","150",,,"combine",2644
15.316144,1.473768,16,1,1,1024,1,1,16,0,0,"GeForce GTX 1660 SUPER (0)","1","148",,,"combine",2652
15.317728,,,,,,,,,,,,,,"PC 0x5903f3de","0x7f1f12000000","[Unified Memory CPU page faults]",
15.317819,0.001024,,,,,,,,,,"GeForce GTX 1660 SUPER (0)",,,4096.000000,"0x7f1f12000000","[Unified Memory Memcpy DtoH]",
15.317820,0.005377,,,,,,,,,,"GeForce GTX 1660 SUPER (0)",,,61440.000000,"0x7f1f12001000","[Unified Memory Memcpy DtoH]",
15.434915,0.000960,16,1,1,1024,1,1,16,0,0,"GeForce GTX 1660 SUPER (0)","1","153",,,"reset",2677
15.435231,0.001056,8,8,1,8,8,1,16,0,0,"GeForce GTX 1660 SUPER (0)","1","153",,,"reset",2680
15.435685,28.867049,8,8,1,8,8,1,27,0,36,"GeForce GTX 1660 SUPER (0)","1","154",,,"gaussian_blur",2686
15.435686,0.092197,,,,,,,,,,"GeForce GTX 1660 SUPER (0)",,,"22","0x7f1f17800000","[Unified Memory GPU page faults]",
15.435757,0.001536,,,,,,,,,,"GeForce GTX 1660 SUPER (0)",,,4096.000000,"0x7f1f17800000","[Unified Memory Memcpy HtoD]",
15.435758,0.006528,,,,,,,,,,"GeForce GTX 1660 SUPER (0)",,,61440.000000,"0x7f1f17801000","[Unified Memory Memcpy HtoD]",
15.436033,37.424237,8,8,1,8,8,1,27,0,100,"GeForce GTX 1660 SUPER (0)","1","155",,,"gaussian_blur",2691
15.436337,29.745556,8,8,1,8,8,1,27,0,36,"GeForce GTX 1660 SUPER (0)","1","156",,,"gaussian_blur",2696
15.464672,8.370202,8,8,1,8,8,1,40,72,0,"GeForce GTX 1660 SUPER (0)","1","154",,,"sobel",2700
15.473534,4.720359,8,8,1,8,8,1,40,72,0,"GeForce GTX 1660 SUPER (0)","1","155",,,"sobel",2704
15.478379,0.557052,16,1,1,1024,1,1,16,0,0,"GeForce GTX 1660 SUPER (0)","1","157",,,"minimum",2717
15.478380,1.000145,16,1,1,1024,1,1,16,0,0,"GeForce GTX 1660 SUPER (0)","1","155",,,"maximum",2710
15.479486,1.465800,16,1,1,1024,1,1,17,0,0,"GeForce GTX 1660 SUPER (0)","1","155",,,"extend",2724
15.479501,2.316786,16,1,1,1024,1,1,16,0,0,"GeForce GTX 1660 SUPER (0)","1","156",,,"unsharpen",2731
15.481929,1.494537,16,1,1,1024,1,1,16,0,0,"GeForce GTX 1660 SUPER (0)","1","155",,,"combine",2739
15.483520,1.445895,16,1,1,1024,1,1,16,0,0,"GeForce GTX 1660 SUPER (0)","1","153",,,"combine",2747
15.485149,,,,,,,,,,,,,,"PC 0x5903f3de","0x7f1f12000000","[Unified Memory CPU page faults]",
15.485250,0.001056,,,,,,,,,,"GeForce GTX 1660 SUPER (0)",,,4096.000000,"0x7f1f12000000","[Unified Memory Memcpy DtoH]",
15.485251,0.005408,,,,,,,,,,"GeForce GTX 1660 SUPER (0)",,,61440.000000,"0x7f1f12001000","[Unified Memory Memcpy DtoH]",
15.631269,0.001056,16,1,1,1024,1,1,16,0,0,"GeForce GTX 1660 SUPER (0)","1","158",,,"reset",2772
15.631462,0.001056,8,8,1,8,8,1,16,0,0,"GeForce GTX 1660 SUPER (0)","1","158",,,"reset",2775
15.631665,28.814438,8,8,1,8,8,1,27,0,36,"GeForce GTX 1660 SUPER (0)","1","159",,,"gaussian_blur",2781
15.631666,0.067235,,,,,,,,,,"GeForce GTX 1660 SUPER (0)",,,"22","0x7f1f17800000","[Unified Memory GPU page faults]",
15.631717,0.001344,,,,,,,,,,"GeForce GTX 1660 SUPER (0)",,,4096.000000,"0x7f1f17800000","[Unified Memory Memcpy HtoD]",
15.631718,0.005697,,,,,,,,,,"GeForce GTX 1660 SUPER (0)",,,61440.000000,"0x7f1f17801000","[Unified Memory Memcpy HtoD]",
15.631899,37.303655,8,8,1,8,8,1,27,0,100,"GeForce GTX 1660 SUPER (0)","1","160",,,"gaussian_blur",2786
15.632060,29.524553,8,8,1,8,8,1,27,0,36,"GeForce GTX 1660 SUPER (0)","1","161",,,"gaussian_blur",2791
15.660569,7.763293,8,8,1,8,8,1,40,72,0,"GeForce GTX 1660 SUPER (0)","1","159",,,"sobel",2795
15.669278,4.722888,8,8,1,8,8,1,40,72,0,"GeForce GTX 1660 SUPER (0)","1","160",,,"sobel",2799
15.674188,0.547803,16,1,1,1024,1,1,16,0,0,"GeForce GTX 1660 SUPER (0)","1","162",,,"minimum",2812
15.674194,0.999921,16,1,1,1024,1,1,16,0,0,"GeForce GTX 1660 SUPER (0)","1","160",,,"maximum",2805
15.675292,1.472137,16,1,1,1024,1,1,17,0,0,"GeForce GTX 1660 SUPER (0)","1","160",,,"extend",2819
15.675311,2.311890,16,1,1,1024,1,1,16,0,0,"GeForce GTX 1660 SUPER (0)","1","161",,,"unsharpen",2826
15.677718,1.464424,16,1,1,1024,1,1,16,0,0,"GeForce GTX 1660 SUPER (0)","1","160",,,"combine",2834
15.679270,1.472872,16,1,1,1024,1,1,16,0,0,"GeForce GTX 1660 SUPER (0)","1","158",,,"combine",2842
15.680943,,,,,,,,,,,,,,"PC 0x5903f3de","0x7f1f12000000","[Unified Memory CPU page faults]",
15.681049,0.001056,,,,,,,,,,"GeForce GTX 1660 SUPER (0)",,,4096.000000,"0x7f1f12000000","[Unified Memory Memcpy DtoH]",
15.681050,0.005984,,,,,,,,,,"GeForce GTX 1660 SUPER (0)",,,61440.000000,"0x7f1f12001000","[Unified Memory Memcpy DtoH]",
