==14390== NVPROF is profiling process 14390, command: java -classpath /home/users/alberto.parravicini/Documents/graalvm-ce-java8-20.2.0/jre/lib/graalvm/graalpython-launcher.jar:/home/users/alberto.parravicini/Documents/graalvm-ce-java8-20.2.0/jre/lib/graalvm/launcher-common.jar -XX:MaxHeapSize=26G com.oracle
==14390== Profiling application: java -classpath /home/users/alberto.parravicini/Documents/graalvm-ce-java8-20.2.0/jre/lib/graalvm/graalpython-launcher.jar:/home/users/alberto.parravicini/Documents/graalvm-ce-java8-20.2.0/jre/lib/graalvm/launcher-common.jar -XX:MaxHeapSize=26G com.oracle
==14390== Profiling result:
"Start","Duration","Grid X","Grid Y","Grid Z","Block X","Block Y","Block Z","Registers Per Thread","Static SMem","Dynamic SMem","Device","Context","Stream","Unified Memory","Virtual Address","Name","Correlation_ID"
s,ms,,,,,,,,B,B,,,,B,,,
11.385177,0.001025,16,1,1,1024,1,1,16,0,0,"GeForce GTX 1660 SUPER (0)","1","13",,,"reset",7
11.387903,0.000992,8,8,1,8,8,1,16,0,0,"GeForce GTX 1660 SUPER (0)","1","13",,,"reset",10
11.389475,0.001440,,,,,,,,,,"GeForce GTX 1660 SUPER (0)",,,4096.000000,"0x7fec47800000","[Unified Memory Memcpy HtoD]",
11.390293,26.899567,8,8,1,8,8,1,27,0,36,"GeForce GTX 1660 SUPER (0)","1","14",,,"gaussian_blur",18
11.392063,34.520680,8,8,1,8,8,1,27,0,100,"GeForce GTX 1660 SUPER (0)","1","15",,,"gaussian_blur",25
11.394076,28.027527,8,8,1,8,8,1,27,0,36,"GeForce GTX 1660 SUPER (0)","1","16",,,"gaussian_blur",32
11.425331,8.919832,8,8,1,8,8,1,40,72,0,"GeForce GTX 1660 SUPER (0)","1","14",,,"sobel",37
11.427354,10.119571,8,8,1,8,8,1,40,72,0,"GeForce GTX 1660 SUPER (0)","1","15",,,"sobel",42
11.437599,0.594462,16,1,1,1024,1,1,16,0,0,"GeForce GTX 1660 SUPER (0)","1","17",,,"minimum",55
11.437611,1.041939,16,1,1,1024,1,1,16,0,0,"GeForce GTX 1660 SUPER (0)","1","15",,,"maximum",48
11.438758,1.181659,16,1,1,1024,1,1,17,0,0,"GeForce GTX 1660 SUPER (0)","1","15",,,"extend",62
11.439722,1.397669,16,1,1,1024,1,1,16,0,0,"GeForce GTX 1660 SUPER (0)","1","16",,,"unsharpen",70
11.442153,1.497610,16,1,1,1024,1,1,16,0,0,"GeForce GTX 1660 SUPER (0)","1","15",,,"combine",79
11.443756,1.479273,16,1,1,1024,1,1,16,0,0,"GeForce GTX 1660 SUPER (0)","1","13",,,"combine",87
11.445896,0.001024,,,,,,,,,,"GeForce GTX 1660 SUPER (0)",,,4096.000000,"0x7fec42000000","[Unified Memory Memcpy DtoH]",
11.445897,0.005312,,,,,,,,,,"GeForce GTX 1660 SUPER (0)",,,61440.000000,"0x7fec42001000","[Unified Memory Memcpy DtoH]",
11.446416,,,,,,,,,,,,,,"PC 0x8b1553de","0x7fec42000000","[Unified Memory CPU page faults]",
11.617921,0.001024,16,1,1,1024,1,1,16,0,0,"GeForce GTX 1660 SUPER (0)","1","18",,,"reset",112
11.618286,0.001024,8,8,1,8,8,1,16,0,0,"GeForce GTX 1660 SUPER (0)","1","18",,,"reset",115
11.618823,28.857168,8,8,1,8,8,1,27,0,36,"GeForce GTX 1660 SUPER (0)","1","19",,,"gaussian_blur",121
11.618824,0.076356,,,,,,,,,,"GeForce GTX 1660 SUPER (0)",,,"22","0x7fec47800000","[Unified Memory GPU page faults]",
11.618885,0.001344,,,,,,,,,,"GeForce GTX 1660 SUPER (0)",,,4096.000000,"0x7fec47800000","[Unified Memory Memcpy HtoD]",
11.618886,0.005728,,,,,,,,,,"GeForce GTX 1660 SUPER (0)",,,61440.000000,"0x7fec47801000","[Unified Memory Memcpy HtoD]",
11.619299,37.533276,8,8,1,8,8,1,27,0,100,"GeForce GTX 1660 SUPER (0)","1","20",,,"gaussian_blur",126
11.619884,30.022505,8,8,1,8,8,1,27,0,36,"GeForce GTX 1660 SUPER (0)","1","21",,,"gaussian_blur",131
11.647785,8.733807,8,8,1,8,8,1,40,72,0,"GeForce GTX 1660 SUPER (0)","1","19",,,"sobel",135
11.656908,4.709192,8,8,1,8,8,1,40,72,0,"GeForce GTX 1660 SUPER (0)","1","20",,,"sobel",139
11.661744,0.555835,16,1,1,1024,1,1,16,0,0,"GeForce GTX 1660 SUPER (0)","1","22",,,"minimum",152
11.661751,1.005362,16,1,1,1024,1,1,16,0,0,"GeForce GTX 1660 SUPER (0)","1","20",,,"maximum",145
11.662866,1.482121,16,1,1,1024,1,1,17,0,0,"GeForce GTX 1660 SUPER (0)","1","20",,,"extend",159
11.662869,2.334739,16,1,1,1024,1,1,16,0,0,"GeForce GTX 1660 SUPER (0)","1","21",,,"unsharpen",166
11.665295,1.492169,16,1,1,1024,1,1,16,0,0,"GeForce GTX 1660 SUPER (0)","1","20",,,"combine",174
11.666856,1.436135,16,1,1,1024,1,1,16,0,0,"GeForce GTX 1660 SUPER (0)","1","18",,,"combine",182
11.668577,,,,,,,,,,,,,,"PC 0x8b1553de","0x7fec42000000","[Unified Memory CPU page faults]",
11.668607,0.000992,,,,,,,,,,"GeForce GTX 1660 SUPER (0)",,,4096.000000,"0x7fec42000000","[Unified Memory Memcpy DtoH]",
11.668608,0.005281,,,,,,,,,,"GeForce GTX 1660 SUPER (0)",,,61440.000000,"0x7fec42001000","[Unified Memory Memcpy DtoH]",
11.825086,0.000960,16,1,1,1024,1,1,16,0,0,"GeForce GTX 1660 SUPER (0)","1","23",,,"reset",207
11.825458,0.001056,8,8,1,8,8,1,16,0,0,"GeForce GTX 1660 SUPER (0)","1","23",,,"reset",210
11.825891,28.865489,8,8,1,8,8,1,27,0,36,"GeForce GTX 1660 SUPER (0)","1","24",,,"gaussian_blur",216
11.825893,0.104550,,,,,,,,,,"GeForce GTX 1660 SUPER (0)",,,"22","0x7fec47800000","[Unified Memory GPU page faults]",
11.825980,0.001376,,,,,,,,,,"GeForce GTX 1660 SUPER (0)",,,4096.000000,"0x7fec47800000","[Unified Memory Memcpy HtoD]",
11.825982,0.005728,,,,,,,,,,"GeForce GTX 1660 SUPER (0)",,,61440.000000,"0x7fec47801000","[Unified Memory Memcpy HtoD]",
11.826305,37.371156,8,8,1,8,8,1,27,0,100,"GeForce GTX 1660 SUPER (0)","1","25",,,"gaussian_blur",221
11.826679,29.881123,8,8,1,8,8,1,27,0,36,"GeForce GTX 1660 SUPER (0)","1","26",,,"gaussian_blur",226
11.854892,7.814434,8,8,1,8,8,1,40,72,0,"GeForce GTX 1660 SUPER (0)","1","24",,,"sobel",230
11.863769,4.697416,8,8,1,8,8,1,40,72,0,"GeForce GTX 1660 SUPER (0)","1","25",,,"sobel",234
11.868592,0.555644,16,1,1,1024,1,1,16,0,0,"GeForce GTX 1660 SUPER (0)","1","27",,,"minimum",247
11.868600,1.002609,16,1,1,1024,1,1,16,0,0,"GeForce GTX 1660 SUPER (0)","1","25",,,"maximum",240
11.869706,1.481033,16,1,1,1024,1,1,17,0,0,"GeForce GTX 1660 SUPER (0)","1","25",,,"extend",254
11.869715,2.328499,16,1,1,1024,1,1,16,0,0,"GeForce GTX 1660 SUPER (0)","1","26",,,"unsharpen",261
11.872143,1.488681,16,1,1,1024,1,1,16,0,0,"GeForce GTX 1660 SUPER (0)","1","25",,,"combine",269
11.873718,1.463145,16,1,1,1024,1,1,16,0,0,"GeForce GTX 1660 SUPER (0)","1","23",,,"combine",277
11.875620,,,,,,,,,,,,,,"PC 0x8b1553de","0x7fec42000000","[Unified Memory CPU page faults]",
11.875659,0.001024,,,,,,,,,,"GeForce GTX 1660 SUPER (0)",,,4096.000000,"0x7fec42000000","[Unified Memory Memcpy DtoH]",
11.875660,0.005280,,,,,,,,,,"GeForce GTX 1660 SUPER (0)",,,61440.000000,"0x7fec42001000","[Unified Memory Memcpy DtoH]",
12.006839,0.000992,16,1,1,1024,1,1,16,0,0,"GeForce GTX 1660 SUPER (0)","1","28",,,"reset",302
12.007285,0.000992,8,8,1,8,8,1,16,0,0,"GeForce GTX 1660 SUPER (0)","1","28",,,"reset",305
12.009226,28.491774,8,8,1,8,8,1,27,0,36,"GeForce GTX 1660 SUPER (0)","1","29",,,"gaussian_blur",311
12.009228,0.126150,,,,,,,,,,"GeForce GTX 1660 SUPER (0)",,,"22","0x7fec47800000","[Unified Memory GPU page faults]",
12.009331,0.001344,,,,,,,,,,"GeForce GTX 1660 SUPER (0)",,,4096.000000,"0x7fec47800000","[Unified Memory Memcpy HtoD]",
12.009333,0.006049,,,,,,,,,,"GeForce GTX 1660 SUPER (0)",,,61440.000000,"0x7fec47801000","[Unified Memory Memcpy HtoD]",
12.009903,37.292241,8,8,1,8,8,1,27,0,100,"GeForce GTX 1660 SUPER (0)","1","30",,,"gaussian_blur",316
12.011261,30.329497,8,8,1,8,8,1,27,0,36,"GeForce GTX 1660 SUPER (0)","1","31",,,"gaussian_blur",321
12.037838,7.434095,8,8,1,8,8,1,40,72,0,"GeForce GTX 1660 SUPER (0)","1","29",,,"sobel",325
12.047288,4.705384,8,8,1,8,8,1,40,72,0,"GeForce GTX 1660 SUPER (0)","1","30",,,"sobel",329
12.052134,0.551643,16,1,1,1024,1,1,16,0,0,"GeForce GTX 1660 SUPER (0)","1","32",,,"minimum",342
12.052139,1.010450,16,1,1,1024,1,1,16,0,0,"GeForce GTX 1660 SUPER (0)","1","30",,,"maximum",335
12.053244,1.473801,16,1,1,1024,1,1,17,0,0,"GeForce GTX 1660 SUPER (0)","1","30",,,"extend",349
12.053263,2.318386,16,1,1,1024,1,1,16,0,0,"GeForce GTX 1660 SUPER (0)","1","31",,,"unsharpen",356
12.055684,1.470281,16,1,1,1024,1,1,16,0,0,"GeForce GTX 1660 SUPER (0)","1","30",,,"combine",364
12.057251,1.502314,16,1,1,1024,1,1,16,0,0,"GeForce GTX 1660 SUPER (0)","1","28",,,"combine",372
12.059086,,,,,,,,,,,,,,"PC 0x8b1553de","0x7fec42000000","[Unified Memory CPU page faults]",
12.059127,0.001024,,,,,,,,,,"GeForce GTX 1660 SUPER (0)",,,4096.000000,"0x7fec42000000","[Unified Memory Memcpy DtoH]",
12.059128,0.005281,,,,,,,,,,"GeForce GTX 1660 SUPER (0)",,,61440.000000,"0x7fec42001000","[Unified Memory Memcpy DtoH]",
12.180737,0.000960,16,1,1,1024,1,1,16,0,0,"GeForce GTX 1660 SUPER (0)","1","33",,,"reset",397
12.181047,0.000992,8,8,1,8,8,1,16,0,0,"GeForce GTX 1660 SUPER (0)","1","33",,,"reset",400
12.185280,25.005394,8,8,1,8,8,1,27,0,36,"GeForce GTX 1660 SUPER (0)","1","34",,,"gaussian_blur",406
12.185281,0.121990,,,,,,,,,,"GeForce GTX 1660 SUPER (0)",,,"22","0x7fec47800000","[Unified Memory GPU page faults]",
12.185383,0.001440,,,,,,,,,,"GeForce GTX 1660 SUPER (0)",,,4096.000000,"0x7fec47800000","[Unified Memory Memcpy HtoD]",
12.185385,0.006241,,,,,,,,,,"GeForce GTX 1660 SUPER (0)",,,61440.000000,"0x7fec47801000","[Unified Memory Memcpy HtoD]",
12.187620,36.516234,8,8,1,8,8,1,27,0,100,"GeForce GTX 1660 SUPER (0)","1","35",,,"gaussian_blur",411
12.188987,30.925206,8,8,1,8,8,1,27,0,36,"GeForce GTX 1660 SUPER (0)","1","36",,,"gaussian_blur",416
12.210470,8.806419,8,8,1,8,8,1,40,72,0,"GeForce GTX 1660 SUPER (0)","1","34",,,"sobel",420
12.224260,4.700296,8,8,1,8,8,1,40,72,0,"GeForce GTX 1660 SUPER (0)","1","35",,,"sobel",424
12.229106,0.593021,16,1,1,1024,1,1,16,0,0,"GeForce GTX 1660 SUPER (0)","1","37",,,"minimum",437
12.229118,1.037748,16,1,1,1024,1,1,16,0,0,"GeForce GTX 1660 SUPER (0)","1","35",,,"maximum",430
12.230242,1.468136,16,1,1,1024,1,1,17,0,0,"GeForce GTX 1660 SUPER (0)","1","35",,,"extend",444
12.230244,2.327699,16,1,1,1024,1,1,16,0,0,"GeForce GTX 1660 SUPER (0)","1","36",,,"unsharpen",451
12.232657,1.520331,16,1,1,1024,1,1,16,0,0,"GeForce GTX 1660 SUPER (0)","1","35",,,"combine",459
12.234245,1.499978,16,1,1,1024,1,1,16,0,0,"GeForce GTX 1660 SUPER (0)","1","33",,,"combine",467
12.236060,,,,,,,,,,,,,,"PC 0x8b1553de","0x7fec42000000","[Unified Memory CPU page faults]",
12.236108,0.001024,,,,,,,,,,"GeForce GTX 1660 SUPER (0)",,,4096.000000,"0x7fec42000000","[Unified Memory Memcpy DtoH]",
12.236109,0.005441,,,,,,,,,,"GeForce GTX 1660 SUPER (0)",,,61440.000000,"0x7fec42001000","[Unified Memory Memcpy DtoH]",
12.375468,0.001024,16,1,1,1024,1,1,16,0,0,"GeForce GTX 1660 SUPER (0)","1","38",,,"reset",492
12.375704,0.001024,8,8,1,8,8,1,16,0,0,"GeForce GTX 1660 SUPER (0)","1","38",,,"reset",495
12.375973,28.873649,8,8,1,8,8,1,27,0,36,"GeForce GTX 1660 SUPER (0)","1","39",,,"gaussian_blur",501
12.375975,0.100293,,,,,,,,,,"GeForce GTX 1660 SUPER (0)",,,"22","0x7fec47800000","[Unified Memory GPU page faults]",
12.376058,0.001408,,,,,,,,,,"GeForce GTX 1660 SUPER (0)",,,4096.000000,"0x7fec47800000","[Unified Memory Memcpy HtoD]",
12.376060,0.005728,,,,,,,,,,"GeForce GTX 1660 SUPER (0)",,,61440.000000,"0x7fec47801000","[Unified Memory Memcpy HtoD]",
12.376242,37.519516,8,8,1,8,8,1,27,0,100,"GeForce GTX 1660 SUPER (0)","1","40",,,"gaussian_blur",506
12.376451,29.662551,8,8,1,8,8,1,27,0,36,"GeForce GTX 1660 SUPER (0)","1","41",,,"gaussian_blur",511
12.405012,8.035756,8,8,1,8,8,1,40,72,0,"GeForce GTX 1660 SUPER (0)","1","39",,,"sobel",515
12.413854,4.730282,8,8,1,8,8,1,40,72,0,"GeForce GTX 1660 SUPER (0)","1","40",,,"sobel",519
12.418767,0.603485,16,1,1,1024,1,1,16,0,0,"GeForce GTX 1660 SUPER (0)","1","42",,,"minimum",532
12.418787,1.053812,16,1,1,1024,1,1,16,0,0,"GeForce GTX 1660 SUPER (0)","1","40",,,"maximum",525
12.419916,1.468617,16,1,1,1024,1,1,17,0,0,"GeForce GTX 1660 SUPER (0)","1","40",,,"extend",539
12.419926,2.316370,16,1,1,1024,1,1,16,0,0,"GeForce GTX 1660 SUPER (0)","1","41",,,"unsharpen",546
12.422336,1.526123,16,1,1,1024,1,1,16,0,0,"GeForce GTX 1660 SUPER (0)","1","40",,,"combine",554
12.423957,1.456392,16,1,1,1024,1,1,16,0,0,"GeForce GTX 1660 SUPER (0)","1","38",,,"combine",562
12.425713,,,,,,,,,,,,,,"PC 0x8b1553de","0x7fec42000000","[Unified Memory CPU page faults]",
12.425757,0.001088,,,,,,,,,,"GeForce GTX 1660 SUPER (0)",,,4096.000000,"0x7fec42000000","[Unified Memory Memcpy DtoH]",
12.425758,0.005248,,,,,,,,,,"GeForce GTX 1660 SUPER (0)",,,61440.000000,"0x7fec42001000","[Unified Memory Memcpy DtoH]",
12.583144,0.001024,16,1,1,1024,1,1,16,0,0,"GeForce GTX 1660 SUPER (0)","1","43",,,"reset",587
12.583485,0.001024,8,8,1,8,8,1,16,0,0,"GeForce GTX 1660 SUPER (0)","1","43",,,"reset",590
12.583839,28.875377,8,8,1,8,8,1,27,0,36,"GeForce GTX 1660 SUPER (0)","1","44",,,"gaussian_blur",596
12.583840,0.105189,,,,,,,,,,"GeForce GTX 1660 SUPER (0)",,,"22","0x7fec47800000","[Unified Memory GPU page faults]",
12.583928,0.001344,,,,,,,,,,"GeForce GTX 1660 SUPER (0)",,,4096.000000,"0x7fec47800000","[Unified Memory Memcpy HtoD]",
12.583930,0.005857,,,,,,,,,,"GeForce GTX 1660 SUPER (0)",,,61440.000000,"0x7fec47801000","[Unified Memory Memcpy HtoD]",
12.584181,37.094118,8,8,1,8,8,1,27,0,100,"GeForce GTX 1660 SUPER (0)","1","45",,,"gaussian_blur",601
12.584503,29.811551,8,8,1,8,8,1,27,0,36,"GeForce GTX 1660 SUPER (0)","1","46",,,"gaussian_blur",606
12.612822,7.936968,8,8,1,8,8,1,40,72,0,"GeForce GTX 1660 SUPER (0)","1","44",,,"sobel",610
12.621327,4.760651,8,8,1,8,8,1,40,72,0,"GeForce GTX 1660 SUPER (0)","1","45",,,"sobel",614
12.626198,0.555836,16,1,1,1024,1,1,16,0,0,"GeForce GTX 1660 SUPER (0)","1","47",,,"minimum",627
12.626200,1.001298,16,1,1,1024,1,1,16,0,0,"GeForce GTX 1660 SUPER (0)","1","45",,,"maximum",620
12.627269,1.486825,16,1,1,1024,1,1,17,0,0,"GeForce GTX 1660 SUPER (0)","1","45",,,"extend",634
12.627276,2.330067,16,1,1,1024,1,1,16,0,0,"GeForce GTX 1660 SUPER (0)","1","46",,,"unsharpen",641
12.629675,1.492329,16,1,1,1024,1,1,16,0,0,"GeForce GTX 1660 SUPER (0)","1","45",,,"combine",649
12.631235,1.443943,16,1,1,1024,1,1,16,0,0,"GeForce GTX 1660 SUPER (0)","1","43",,,"combine",657
12.633108,,,,,,,,,,,,,,"PC 0x8b1553de","0x7fec42000000","[Unified Memory CPU page faults]",
12.633161,0.001024,,,,,,,,,,"GeForce GTX 1660 SUPER (0)",,,4096.000000,"0x7fec42000000","[Unified Memory Memcpy DtoH]",
12.633162,0.005248,,,,,,,,,,"GeForce GTX 1660 SUPER (0)",,,61440.000000,"0x7fec42001000","[Unified Memory Memcpy DtoH]",
12.794711,0.000992,16,1,1,1024,1,1,16,0,0,"GeForce GTX 1660 SUPER (0)","1","48",,,"reset",682
12.794985,0.001056,8,8,1,8,8,1,16,0,0,"GeForce GTX 1660 SUPER (0)","1","48",,,"reset",685
12.797550,21.244441,8,8,1,8,8,1,27,0,36,"GeForce GTX 1660 SUPER (0)","1","49",,,"gaussian_blur",691
12.797551,0.077923,,,,,,,,,,"GeForce GTX 1660 SUPER (0)",,,"22","0x7fec47800000","[Unified Memory GPU page faults]",
12.797611,0.001440,,,,,,,,,,"GeForce GTX 1660 SUPER (0)",,,4096.000000,"0x7fec47800000","[Unified Memory Memcpy HtoD]",
12.797613,0.005760,,,,,,,,,,"GeForce GTX 1660 SUPER (0)",,,61440.000000,"0x7fec47801000","[Unified Memory Memcpy HtoD]",
12.803011,35.027872,8,8,1,8,8,1,27,0,100,"GeForce GTX 1660 SUPER (0)","1","50",,,"gaussian_blur",696
12.803588,29.213154,8,8,1,8,8,1,27,0,36,"GeForce GTX 1660 SUPER (0)","1","51",,,"gaussian_blur",701
12.818891,10.399521,8,8,1,8,8,1,40,72,0,"GeForce GTX 1660 SUPER (0)","1","49",,,"sobel",705
12.838159,4.750219,8,8,1,8,8,1,40,72,0,"GeForce GTX 1660 SUPER (0)","1","50",,,"sobel",709
12.843079,0.590813,16,1,1,1024,1,1,16,0,0,"GeForce GTX 1660 SUPER (0)","1","52",,,"minimum",722
12.843091,1.040787,16,1,1,1024,1,1,16,0,0,"GeForce GTX 1660 SUPER (0)","1","50",,,"maximum",715
12.844235,1.477225,16,1,1,1024,1,1,17,0,0,"GeForce GTX 1660 SUPER (0)","1","50",,,"extend",729
12.844256,2.323347,16,1,1,1024,1,1,16,0,0,"GeForce GTX 1660 SUPER (0)","1","51",,,"unsharpen",736
12.846678,1.476873,16,1,1,1024,1,1,16,0,0,"GeForce GTX 1660 SUPER (0)","1","50",,,"combine",744
12.848251,1.485770,16,1,1,1024,1,1,16,0,0,"GeForce GTX 1660 SUPER (0)","1","48",,,"combine",752
12.849918,,,,,,,,,,,,,,"PC 0x8b1553de","0x7fec42000000","[Unified Memory CPU page faults]",
12.849964,0.001024,,,,,,,,,,"GeForce GTX 1660 SUPER (0)",,,4096.000000,"0x7fec42000000","[Unified Memory Memcpy DtoH]",
12.849965,0.005376,,,,,,,,,,"GeForce GTX 1660 SUPER (0)",,,61440.000000,"0x7fec42001000","[Unified Memory Memcpy DtoH]",
12.961819,0.001056,16,1,1,1024,1,1,16,0,0,"GeForce GTX 1660 SUPER (0)","1","53",,,"reset",777
12.961972,0.001056,8,8,1,8,8,1,16,0,0,"GeForce GTX 1660 SUPER (0)","1","53",,,"reset",780
12.962298,29.082875,8,8,1,8,8,1,27,0,36,"GeForce GTX 1660 SUPER (0)","1","54",,,"gaussian_blur",786
12.962299,0.087428,,,,,,,,,,"GeForce GTX 1660 SUPER (0)",,,"22","0x7fec47800000","[Unified Memory GPU page faults]",
12.962371,0.001376,,,,,,,,,,"GeForce GTX 1660 SUPER (0)",,,4096.000000,"0x7fec47800000","[Unified Memory Memcpy HtoD]",
12.962372,0.005696,,,,,,,,,,"GeForce GTX 1660 SUPER (0)",,,61440.000000,"0x7fec47801000","[Unified Memory Memcpy HtoD]",
12.962583,36.982209,8,8,1,8,8,1,27,0,100,"GeForce GTX 1660 SUPER (0)","1","55",,,"gaussian_blur",791
12.962779,29.842208,8,8,1,8,8,1,27,0,36,"GeForce GTX 1660 SUPER (0)","1","56",,,"gaussian_blur",796
12.991478,7.329193,8,8,1,8,8,1,40,72,0,"GeForce GTX 1660 SUPER (0)","1","54",,,"sobel",800
12.999630,4.759819,8,8,1,8,8,1,40,72,0,"GeForce GTX 1660 SUPER (0)","1","55",,,"sobel",804
13.004523,0.579933,16,1,1,1024,1,1,16,0,0,"GeForce GTX 1660 SUPER (0)","1","57",,,"minimum",817
13.004539,1.032755,16,1,1,1024,1,1,16,0,0,"GeForce GTX 1660 SUPER (0)","1","55",,,"maximum",810
13.005656,1.467689,16,1,1,1024,1,1,17,0,0,"GeForce GTX 1660 SUPER (0)","1","55",,,"extend",824
13.005675,2.312882,16,1,1,1024,1,1,16,0,0,"GeForce GTX 1660 SUPER (0)","1","56",,,"unsharpen",831
13.008069,1.508875,16,1,1,1024,1,1,16,0,0,"GeForce GTX 1660 SUPER (0)","1","55",,,"combine",839
13.009683,1.485513,16,1,1,1024,1,1,16,0,0,"GeForce GTX 1660 SUPER (0)","1","53",,,"combine",847
13.011364,,,,,,,,,,,,,,"PC 0x8b1553de","0x7fec42000000","[Unified Memory CPU page faults]",
13.011411,0.001024,,,,,,,,,,"GeForce GTX 1660 SUPER (0)",,,4096.000000,"0x7fec42000000","[Unified Memory Memcpy DtoH]",
13.011412,0.005345,,,,,,,,,,"GeForce GTX 1660 SUPER (0)",,,61440.000000,"0x7fec42001000","[Unified Memory Memcpy DtoH]",
13.113348,0.001056,16,1,1,1024,1,1,16,0,0,"GeForce GTX 1660 SUPER (0)","1","58",,,"reset",872
13.113835,0.001024,8,8,1,8,8,1,16,0,0,"GeForce GTX 1660 SUPER (0)","1","58",,,"reset",875
13.114182,28.972245,8,8,1,8,8,1,27,0,36,"GeForce GTX 1660 SUPER (0)","1","59",,,"gaussian_blur",881
13.114183,0.110117,,,,,,,,,,"GeForce GTX 1660 SUPER (0)",,,"22","0x7fec47800000","[Unified Memory GPU page faults]",
13.114275,0.001344,,,,,,,,,,"GeForce GTX 1660 SUPER (0)",,,4096.000000,"0x7fec47800000","[Unified Memory Memcpy HtoD]",
13.114276,0.005697,,,,,,,,,,"GeForce GTX 1660 SUPER (0)",,,61440.000000,"0x7fec47801000","[Unified Memory Memcpy HtoD]",
13.114490,37.567614,8,8,1,8,8,1,27,0,100,"GeForce GTX 1660 SUPER (0)","1","60",,,"gaussian_blur",886
13.114769,30.105229,8,8,1,8,8,1,27,0,36,"GeForce GTX 1660 SUPER (0)","1","61",,,"gaussian_blur",891
13.143263,8.007051,8,8,1,8,8,1,40,72,0,"GeForce GTX 1660 SUPER (0)","1","59",,,"sobel",895
13.152121,4.737705,8,8,1,8,8,1,40,72,0,"GeForce GTX 1660 SUPER (0)","1","60",,,"sobel",899
13.156988,0.548283,16,1,1,1024,1,1,16,0,0,"GeForce GTX 1660 SUPER (0)","1","62",,,"minimum",912
13.156994,0.991537,16,1,1,1024,1,1,16,0,0,"GeForce GTX 1660 SUPER (0)","1","60",,,"maximum",905
13.158101,1.482377,16,1,1,1024,1,1,17,0,0,"GeForce GTX 1660 SUPER (0)","1","60",,,"extend",919
13.158112,2.328595,16,1,1,1024,1,1,16,0,0,"GeForce GTX 1660 SUPER (0)","1","61",,,"unsharpen",926
13.160554,1.493065,16,1,1,1024,1,1,16,0,0,"GeForce GTX 1660 SUPER (0)","1","60",,,"combine",934
13.162148,1.459944,16,1,1,1024,1,1,16,0,0,"GeForce GTX 1660 SUPER (0)","1","58",,,"combine",942
13.163889,,,,,,,,,,,,,,"PC 0x8b1553de","0x7fec42000000","[Unified Memory CPU page faults]",
13.163946,0.001024,,,,,,,,,,"GeForce GTX 1660 SUPER (0)",,,4096.000000,"0x7fec42000000","[Unified Memory Memcpy DtoH]",
13.163947,0.005280,,,,,,,,,,"GeForce GTX 1660 SUPER (0)",,,61440.000000,"0x7fec42001000","[Unified Memory Memcpy DtoH]",
13.298846,0.000992,16,1,1,1024,1,1,16,0,0,"GeForce GTX 1660 SUPER (0)","1","63",,,"reset",967
13.299337,0.000992,8,8,1,8,8,1,16,0,0,"GeForce GTX 1660 SUPER (0)","1","63",,,"reset",970
13.299773,29.020664,8,8,1,8,8,1,27,0,36,"GeForce GTX 1660 SUPER (0)","1","64",,,"gaussian_blur",976
13.299774,0.087204,,,,,,,,,,"GeForce GTX 1660 SUPER (0)",,,"22","0x7fec47800000","[Unified Memory GPU page faults]",
13.299843,0.001344,,,,,,,,,,"GeForce GTX 1660 SUPER (0)",,,4096.000000,"0x7fec47800000","[Unified Memory Memcpy HtoD]",
13.299844,0.005760,,,,,,,,,,"GeForce GTX 1660 SUPER (0)",,,61440.000000,"0x7fec47801000","[Unified Memory Memcpy HtoD]",
13.300097,37.482714,8,8,1,8,8,1,27,0,100,"GeForce GTX 1660 SUPER (0)","1","65",,,"gaussian_blur",981
13.300378,29.832864,8,8,1,8,8,1,27,0,36,"GeForce GTX 1660 SUPER (0)","1","66",,,"gaussian_blur",986
13.328903,7.841667,8,8,1,8,8,1,40,72,0,"GeForce GTX 1660 SUPER (0)","1","64",,,"sobel",990
13.337656,4.735337,8,8,1,8,8,1,40,72,0,"GeForce GTX 1660 SUPER (0)","1","65",,,"sobel",994
13.342520,0.569180,16,1,1,1024,1,1,16,0,0,"GeForce GTX 1660 SUPER (0)","1","67",,,"minimum",1007
13.342529,1.019987,16,1,1,1024,1,1,16,0,0,"GeForce GTX 1660 SUPER (0)","1","65",,,"maximum",1000
13.343641,1.474665,16,1,1,1024,1,1,17,0,0,"GeForce GTX 1660 SUPER (0)","1","65",,,"extend",1014
13.343654,2.325107,16,1,1,1024,1,1,16,0,0,"GeForce GTX 1660 SUPER (0)","1","66",,,"unsharpen",1021
13.346070,1.521643,16,1,1,1024,1,1,16,0,0,"GeForce GTX 1660 SUPER (0)","1","65",,,"combine",1029
13.347669,1.462664,16,1,1,1024,1,1,16,0,0,"GeForce GTX 1660 SUPER (0)","1","63",,,"combine",1037
13.349316,,,,,,,,,,,,,,"PC 0x8b1553de","0x7fec42000000","[Unified Memory CPU page faults]",
13.349365,0.001024,,,,,,,,,,"GeForce GTX 1660 SUPER (0)",,,4096.000000,"0x7fec42000000","[Unified Memory Memcpy DtoH]",
13.349366,0.005248,,,,,,,,,,"GeForce GTX 1660 SUPER (0)",,,61440.000000,"0x7fec42001000","[Unified Memory Memcpy DtoH]",
13.462457,0.000960,16,1,1,1024,1,1,16,0,0,"GeForce GTX 1660 SUPER (0)","1","68",,,"reset",1062
13.462756,0.001024,8,8,1,8,8,1,16,0,0,"GeForce GTX 1660 SUPER (0)","1","68",,,"reset",1065
13.463364,28.953461,8,8,1,8,8,1,27,0,36,"GeForce GTX 1660 SUPER (0)","1","69",,,"gaussian_blur",1071
13.463365,0.118790,,,,,,,,,,"GeForce GTX 1660 SUPER (0)",,,"22","0x7fec47800000","[Unified Memory GPU page faults]",
13.463470,0.001408,,,,,,,,,,"GeForce GTX 1660 SUPER (0)",,,4096.000000,"0x7fec47800000","[Unified Memory Memcpy HtoD]",
13.463471,0.006752,,,,,,,,,,"GeForce GTX 1660 SUPER (0)",,,61440.000000,"0x7fec47801000","[Unified Memory Memcpy HtoD]",
13.463755,37.070405,8,8,1,8,8,1,27,0,100,"GeForce GTX 1660 SUPER (0)","1","70",,,"gaussian_blur",1076
13.464079,29.644343,8,8,1,8,8,1,27,0,36,"GeForce GTX 1660 SUPER (0)","1","71",,,"gaussian_blur",1081
13.492432,7.976554,8,8,1,8,8,1,40,72,0,"GeForce GTX 1660 SUPER (0)","1","69",,,"sobel",1085
13.500903,4.743082,8,8,1,8,8,1,40,72,0,"GeForce GTX 1660 SUPER (0)","1","70",,,"sobel",1089
13.505791,0.554524,16,1,1,1024,1,1,16,0,0,"GeForce GTX 1660 SUPER (0)","1","72",,,"minimum",1102
13.505798,1.006001,16,1,1,1024,1,1,16,0,0,"GeForce GTX 1660 SUPER (0)","1","70",,,"maximum",1095
13.506900,1.478313,16,1,1,1024,1,1,17,0,0,"GeForce GTX 1660 SUPER (0)","1","70",,,"extend",1109
13.506920,2.306674,16,1,1,1024,1,1,16,0,0,"GeForce GTX 1660 SUPER (0)","1","71",,,"unsharpen",1116
13.509334,1.477961,16,1,1,1024,1,1,16,0,0,"GeForce GTX 1660 SUPER (0)","1","70",,,"combine",1124
13.510890,1.484713,16,1,1,1024,1,1,16,0,0,"GeForce GTX 1660 SUPER (0)","1","68",,,"combine",1132
13.512615,,,,,,,,,,,,,,"PC 0x8b1553de","0x7fec42000000","[Unified Memory CPU page faults]",
13.512678,0.001024,,,,,,,,,,"GeForce GTX 1660 SUPER (0)",,,4096.000000,"0x7fec42000000","[Unified Memory Memcpy DtoH]",
13.512679,0.005569,,,,,,,,,,"GeForce GTX 1660 SUPER (0)",,,61440.000000,"0x7fec42001000","[Unified Memory Memcpy DtoH]",
13.669185,0.000960,16,1,1,1024,1,1,16,0,0,"GeForce GTX 1660 SUPER (0)","1","73",,,"reset",1157
13.669447,0.001024,8,8,1,8,8,1,16,0,0,"GeForce GTX 1660 SUPER (0)","1","73",,,"reset",1160
13.669780,28.969110,8,8,1,8,8,1,27,0,36,"GeForce GTX 1660 SUPER (0)","1","74",,,"gaussian_blur",1166
13.669781,0.078084,,,,,,,,,,"GeForce GTX 1660 SUPER (0)",,,"22","0x7fec47800000","[Unified Memory GPU page faults]",
13.669843,0.001441,,,,,,,,,,"GeForce GTX 1660 SUPER (0)",,,4096.000000,"0x7fec47800000","[Unified Memory Memcpy HtoD]",
13.669845,0.005760,,,,,,,,,,"GeForce GTX 1660 SUPER (0)",,,61440.000000,"0x7fec47801000","[Unified Memory Memcpy HtoD]",
13.670083,36.971937,8,8,1,8,8,1,27,0,100,"GeForce GTX 1660 SUPER (0)","1","75",,,"gaussian_blur",1171
13.670379,29.826208,8,8,1,8,8,1,27,0,36,"GeForce GTX 1660 SUPER (0)","1","76",,,"gaussian_blur",1176
13.698828,7.462352,8,8,1,8,8,1,40,72,0,"GeForce GTX 1660 SUPER (0)","1","74",,,"sobel",1180
13.707147,4.712777,8,8,1,8,8,1,40,72,0,"GeForce GTX 1660 SUPER (0)","1","75",,,"sobel",1184
13.712003,0.558779,16,1,1,1024,1,1,16,0,0,"GeForce GTX 1660 SUPER (0)","1","77",,,"minimum",1197
13.712004,1.012274,16,1,1,1024,1,1,16,0,0,"GeForce GTX 1660 SUPER (0)","1","75",,,"maximum",1190
13.713120,1.503658,16,1,1,1024,1,1,17,0,0,"GeForce GTX 1660 SUPER (0)","1","75",,,"extend",1204
13.713135,2.331027,16,1,1,1024,1,1,16,0,0,"GeForce GTX 1660 SUPER (0)","1","76",,,"unsharpen",1211
13.715565,1.486793,16,1,1,1024,1,1,16,0,0,"GeForce GTX 1660 SUPER (0)","1","75",,,"combine",1219
13.717138,1.457032,16,1,1,1024,1,1,16,0,0,"GeForce GTX 1660 SUPER (0)","1","73",,,"combine",1227
13.718853,,,,,,,,,,,,,,"PC 0x8b1553de","0x7fec42000000","[Unified Memory CPU page faults]",
13.718918,0.001024,,,,,,,,,,"GeForce GTX 1660 SUPER (0)",,,4096.000000,"0x7fec42000000","[Unified Memory Memcpy DtoH]",
13.718919,0.005280,,,,,,,,,,"GeForce GTX 1660 SUPER (0)",,,61440.000000,"0x7fec42001000","[Unified Memory Memcpy DtoH]",
13.885521,0.000992,16,1,1,1024,1,1,16,0,0,"GeForce GTX 1660 SUPER (0)","1","78",,,"reset",1252
13.885815,0.001024,8,8,1,8,8,1,16,0,0,"GeForce GTX 1660 SUPER (0)","1","78",,,"reset",1255
13.886176,28.842480,8,8,1,8,8,1,27,0,36,"GeForce GTX 1660 SUPER (0)","1","79",,,"gaussian_blur",1261
13.886177,0.102565,,,,,,,,,,"GeForce GTX 1660 SUPER (0)",,,"22","0x7fec47800000","[Unified Memory GPU page faults]",
13.886263,0.001376,,,,,,,,,,"GeForce GTX 1660 SUPER (0)",,,4096.000000,"0x7fec47800000","[Unified Memory Memcpy HtoD]",
13.886264,0.005696,,,,,,,,,,"GeForce GTX 1660 SUPER (0)",,,61440.000000,"0x7fec47801000","[Unified Memory Memcpy HtoD]",
13.886495,37.517915,8,8,1,8,8,1,27,0,100,"GeForce GTX 1660 SUPER (0)","1","80",,,"gaussian_blur",1266
13.886790,29.622613,8,8,1,8,8,1,27,0,36,"GeForce GTX 1660 SUPER (0)","1","81",,,"gaussian_blur",1271
13.915115,7.916775,8,8,1,8,8,1,40,72,0,"GeForce GTX 1660 SUPER (0)","1","79",,,"sobel",1275
13.924077,4.716328,8,8,1,8,8,1,40,72,0,"GeForce GTX 1660 SUPER (0)","1","80",,,"sobel",1279
13.928906,0.549083,16,1,1,1024,1,1,16,0,0,"GeForce GTX 1660 SUPER (0)","1","82",,,"minimum",1292
13.928912,0.998641,16,1,1,1024,1,1,16,0,0,"GeForce GTX 1660 SUPER (0)","1","80",,,"maximum",1285
13.929994,1.465673,16,1,1,1024,1,1,17,0,0,"GeForce GTX 1660 SUPER (0)","1","80",,,"extend",1299
13.930012,2.297106,16,1,1,1024,1,1,16,0,0,"GeForce GTX 1660 SUPER (0)","1","81",,,"unsharpen",1306
13.932399,1.481001,16,1,1,1024,1,1,16,0,0,"GeForce GTX 1660 SUPER (0)","1","80",,,"combine",1314
13.933940,1.466537,16,1,1,1024,1,1,16,0,0,"GeForce GTX 1660 SUPER (0)","1","78",,,"combine",1322
13.935673,,,,,,,,,,,,,,"PC 0x8b1553de","0x7fec42000000","[Unified Memory CPU page faults]",
13.935739,0.000992,,,,,,,,,,"GeForce GTX 1660 SUPER (0)",,,4096.000000,"0x7fec42000000","[Unified Memory Memcpy DtoH]",
13.935740,0.005312,,,,,,,,,,"GeForce GTX 1660 SUPER (0)",,,61440.000000,"0x7fec42001000","[Unified Memory Memcpy DtoH]",
14.095163,0.000992,16,1,1,1024,1,1,16,0,0,"GeForce GTX 1660 SUPER (0)","1","83",,,"reset",1347
14.097079,0.000992,8,8,1,8,8,1,16,0,0,"GeForce GTX 1660 SUPER (0)","1","83",,,"reset",1350
14.097424,28.670727,8,8,1,8,8,1,27,0,36,"GeForce GTX 1660 SUPER (0)","1","84",,,"gaussian_blur",1356
14.097425,0.101157,,,,,,,,,,"GeForce GTX 1660 SUPER (0)",,,"22","0x7fec47800000","[Unified Memory GPU page faults]",
14.097511,0.001376,,,,,,,,,,"GeForce GTX 1660 SUPER (0)",,,4096.000000,"0x7fec47800000","[Unified Memory Memcpy HtoD]",
14.097512,0.005760,,,,,,,,,,"GeForce GTX 1660 SUPER (0)",,,61440.000000,"0x7fec47801000","[Unified Memory Memcpy HtoD]",
14.097896,37.442071,8,8,1,8,8,1,27,0,100,"GeForce GTX 1660 SUPER (0)","1","85",,,"gaussian_blur",1361
14.098154,30.035434,8,8,1,8,8,1,27,0,36,"GeForce GTX 1660 SUPER (0)","1","86",,,"gaussian_blur",1366
14.126224,8.663148,8,8,1,8,8,1,40,72,0,"GeForce GTX 1660 SUPER (0)","1","84",,,"sobel",1370
14.135446,4.745931,8,8,1,8,8,1,40,72,0,"GeForce GTX 1660 SUPER (0)","1","85",,,"sobel",1374
14.140312,0.556219,16,1,1,1024,1,1,16,0,0,"GeForce GTX 1660 SUPER (0)","1","87",,,"minimum",1387
14.140320,1.001841,16,1,1,1024,1,1,16,0,0,"GeForce GTX 1660 SUPER (0)","1","85",,,"maximum",1380
14.141429,1.492329,16,1,1,1024,1,1,17,0,0,"GeForce GTX 1660 SUPER (0)","1","85",,,"extend",1394
14.141437,2.335827,16,1,1,1024,1,1,16,0,0,"GeForce GTX 1660 SUPER (0)","1","86",,,"unsharpen",1401
14.143868,1.508010,16,1,1,1024,1,1,16,0,0,"GeForce GTX 1660 SUPER (0)","1","85",,,"combine",1409
14.145475,1.471593,16,1,1,1024,1,1,16,0,0,"GeForce GTX 1660 SUPER (0)","1","83",,,"combine",1417
14.147195,,,,,,,,,,,,,,"PC 0x8b1553de","0x7fec42000000","[Unified Memory CPU page faults]",
14.147260,0.001024,,,,,,,,,,"GeForce GTX 1660 SUPER (0)",,,4096.000000,"0x7fec42000000","[Unified Memory Memcpy DtoH]",
14.147261,0.005249,,,,,,,,,,"GeForce GTX 1660 SUPER (0)",,,61440.000000,"0x7fec42001000","[Unified Memory Memcpy DtoH]",
14.273867,0.000960,16,1,1,1024,1,1,16,0,0,"GeForce GTX 1660 SUPER (0)","1","88",,,"reset",1442
14.274143,0.000992,8,8,1,8,8,1,16,0,0,"GeForce GTX 1660 SUPER (0)","1","88",,,"reset",1445
14.274453,29.061018,8,8,1,8,8,1,27,0,36,"GeForce GTX 1660 SUPER (0)","1","89",,,"gaussian_blur",1451
14.274454,0.074339,,,,,,,,,,"GeForce GTX 1660 SUPER (0)",,,"22","0x7fec47800000","[Unified Memory GPU page faults]",
14.274512,0.001376,,,,,,,,,,"GeForce GTX 1660 SUPER (0)",,,4096.000000,"0x7fec47800000","[Unified Memory Memcpy HtoD]",
14.274514,0.005696,,,,,,,,,,"GeForce GTX 1660 SUPER (0)",,,61440.000000,"0x7fec47801000","[Unified Memory Memcpy HtoD]",
14.274792,37.531420,8,8,1,8,8,1,27,0,100,"GeForce GTX 1660 SUPER (0)","1","90",,,"gaussian_blur",1456
14.275045,30.001064,8,8,1,8,8,1,27,0,36,"GeForce GTX 1660 SUPER (0)","1","91",,,"gaussian_blur",1461
14.303603,7.803297,8,8,1,8,8,1,40,72,0,"GeForce GTX 1660 SUPER (0)","1","89",,,"sobel",1465
14.312417,4.739818,8,8,1,8,8,1,40,72,0,"GeForce GTX 1660 SUPER (0)","1","90",,,"sobel",1469
14.317325,0.547419,16,1,1,1024,1,1,16,0,0,"GeForce GTX 1660 SUPER (0)","1","92",,,"minimum",1482
14.317332,1.002961,16,1,1,1024,1,1,16,0,0,"GeForce GTX 1660 SUPER (0)","1","90",,,"maximum",1475
14.318428,1.481641,16,1,1,1024,1,1,17,0,0,"GeForce GTX 1660 SUPER (0)","1","90",,,"extend",1489
14.318444,2.323955,16,1,1,1024,1,1,16,0,0,"GeForce GTX 1660 SUPER (0)","1","91",,,"unsharpen",1496
14.320858,1.459561,16,1,1,1024,1,1,16,0,0,"GeForce GTX 1660 SUPER (0)","1","90",,,"combine",1504
14.322395,1.497066,16,1,1,1024,1,1,16,0,0,"GeForce GTX 1660 SUPER (0)","1","88",,,"combine",1512
14.324148,,,,,,,,,,,,,,"PC 0x8b1553de","0x7fec42000000","[Unified Memory CPU page faults]",
14.324219,0.000992,,,,,,,,,,"GeForce GTX 1660 SUPER (0)",,,4096.000000,"0x7fec42000000","[Unified Memory Memcpy DtoH]",
14.324220,0.005281,,,,,,,,,,"GeForce GTX 1660 SUPER (0)",,,61440.000000,"0x7fec42001000","[Unified Memory Memcpy DtoH]",
14.460955,0.000992,16,1,1,1024,1,1,16,0,0,"GeForce GTX 1660 SUPER (0)","1","93",,,"reset",1537
14.461137,0.000992,8,8,1,8,8,1,16,0,0,"GeForce GTX 1660 SUPER (0)","1","93",,,"reset",1540
14.461353,28.906067,8,8,1,8,8,1,27,0,36,"GeForce GTX 1660 SUPER (0)","1","94",,,"gaussian_blur",1546
14.461354,0.094277,,,,,,,,,,"GeForce GTX 1660 SUPER (0)",,,"22","0x7fec47800000","[Unified Memory GPU page faults]",
14.461432,0.001376,,,,,,,,,,"GeForce GTX 1660 SUPER (0)",,,4096.000000,"0x7fec47800000","[Unified Memory Memcpy HtoD]",
14.461434,0.005792,,,,,,,,,,"GeForce GTX 1660 SUPER (0)",,,61440.000000,"0x7fec47801000","[Unified Memory Memcpy HtoD]",
14.461604,37.127336,8,8,1,8,8,1,27,0,100,"GeForce GTX 1660 SUPER (0)","1","95",,,"gaussian_blur",1551
14.461850,29.732475,8,8,1,8,8,1,27,0,36,"GeForce GTX 1660 SUPER (0)","1","96",,,"gaussian_blur",1556
14.490391,7.785120,8,8,1,8,8,1,40,72,0,"GeForce GTX 1660 SUPER (0)","1","94",,,"sobel",1560
14.498806,4.730506,8,8,1,8,8,1,40,72,0,"GeForce GTX 1660 SUPER (0)","1","95",,,"sobel",1564
14.503728,0.545883,16,1,1,1024,1,1,16,0,0,"GeForce GTX 1660 SUPER (0)","1","97",,,"minimum",1577
14.503731,1.003186,16,1,1,1024,1,1,16,0,0,"GeForce GTX 1660 SUPER (0)","1","95",,,"maximum",1570
14.504819,1.465800,16,1,1,1024,1,1,17,0,0,"GeForce GTX 1660 SUPER (0)","1","95",,,"extend",1584
14.504843,2.305074,16,1,1,1024,1,1,16,0,0,"GeForce GTX 1660 SUPER (0)","1","96",,,"unsharpen",1591
14.507249,1.506698,16,1,1,1024,1,1,16,0,0,"GeForce GTX 1660 SUPER (0)","1","95",,,"combine",1599
14.508833,1.463016,16,1,1,1024,1,1,16,0,0,"GeForce GTX 1660 SUPER (0)","1","93",,,"combine",1607
14.510413,,,,,,,,,,,,,,"PC 0x8b1553de","0x7fec42000000","[Unified Memory CPU page faults]",
14.510477,0.001024,,,,,,,,,,"GeForce GTX 1660 SUPER (0)",,,4096.000000,"0x7fec42000000","[Unified Memory Memcpy DtoH]",
14.510478,0.005344,,,,,,,,,,"GeForce GTX 1660 SUPER (0)",,,61440.000000,"0x7fec42001000","[Unified Memory Memcpy DtoH]",
14.633738,0.001024,16,1,1,1024,1,1,16,0,0,"GeForce GTX 1660 SUPER (0)","1","98",,,"reset",1632
14.633948,0.001056,8,8,1,8,8,1,16,0,0,"GeForce GTX 1660 SUPER (0)","1","98",,,"reset",1635
14.634289,28.971797,8,8,1,8,8,1,27,0,36,"GeForce GTX 1660 SUPER (0)","1","99",,,"gaussian_blur",1641
14.634290,0.091652,,,,,,,,,,"GeForce GTX 1660 SUPER (0)",,,"22","0x7fec47800000","[Unified Memory GPU page faults]",
14.634365,0.001376,,,,,,,,,,"GeForce GTX 1660 SUPER (0)",,,4096.000000,"0x7fec47800000","[Unified Memory Memcpy HtoD]",
14.634367,0.005729,,,,,,,,,,"GeForce GTX 1660 SUPER (0)",,,61440.000000,"0x7fec47801000","[Unified Memory Memcpy HtoD]",
14.634554,37.749606,8,8,1,8,8,1,27,0,100,"GeForce GTX 1660 SUPER (0)","1","100",,,"gaussian_blur",1646
14.635000,29.955878,8,8,1,8,8,1,27,0,36,"GeForce GTX 1660 SUPER (0)","1","101",,,"gaussian_blur",1651
14.663372,8.184340,8,8,1,8,8,1,40,72,0,"GeForce GTX 1660 SUPER (0)","1","99",,,"sobel",1655
14.672385,4.709801,8,8,1,8,8,1,40,72,0,"GeForce GTX 1660 SUPER (0)","1","100",,,"sobel",1659
14.677237,0.562012,16,1,1,1024,1,1,16,0,0,"GeForce GTX 1660 SUPER (0)","1","102",,,"minimum",1672
14.677239,1.021074,16,1,1,1024,1,1,16,0,0,"GeForce GTX 1660 SUPER (0)","1","100",,,"maximum",1665
14.678358,1.466793,16,1,1,1024,1,1,17,0,0,"GeForce GTX 1660 SUPER (0)","1","100",,,"extend",1679
14.678373,2.310674,16,1,1,1024,1,1,16,0,0,"GeForce GTX 1660 SUPER (0)","1","101",,,"unsharpen",1686
14.680796,1.485641,16,1,1,1024,1,1,16,0,0,"GeForce GTX 1660 SUPER (0)","1","100",,,"combine",1694
14.682369,1.467081,16,1,1,1024,1,1,16,0,0,"GeForce GTX 1660 SUPER (0)","1","98",,,"combine",1702
14.684107,,,,,,,,,,,,,,"PC 0x8b1553de","0x7fec42000000","[Unified Memory CPU page faults]",
14.684185,0.001024,,,,,,,,,,"GeForce GTX 1660 SUPER (0)",,,4096.000000,"0x7fec42000000","[Unified Memory Memcpy DtoH]",
14.684186,0.005216,,,,,,,,,,"GeForce GTX 1660 SUPER (0)",,,61440.000000,"0x7fec42001000","[Unified Memory Memcpy DtoH]",
14.858941,0.000992,16,1,1,1024,1,1,16,0,0,"GeForce GTX 1660 SUPER (0)","1","103",,,"reset",1727
14.859152,0.001056,8,8,1,8,8,1,16,0,0,"GeForce GTX 1660 SUPER (0)","1","103",,,"reset",1730
14.859536,28.872625,8,8,1,8,8,1,27,0,36,"GeForce GTX 1660 SUPER (0)","1","104",,,"gaussian_blur",1736
14.859537,0.115494,,,,,,,,,,"GeForce GTX 1660 SUPER (0)",,,"22","0x7fec47800000","[Unified Memory GPU page faults]",
14.859635,0.001376,,,,,,,,,,"GeForce GTX 1660 SUPER (0)",,,4096.000000,"0x7fec47800000","[Unified Memory Memcpy HtoD]",
14.859637,0.005697,,,,,,,,,,"GeForce GTX 1660 SUPER (0)",,,61440.000000,"0x7fec47801000","[Unified Memory Memcpy HtoD]",
14.859904,37.013314,8,8,1,8,8,1,27,0,100,"GeForce GTX 1660 SUPER (0)","1","105",,,"gaussian_blur",1741
14.860185,29.783102,8,8,1,8,8,1,27,0,36,"GeForce GTX 1660 SUPER (0)","1","106",,,"gaussian_blur",1746
14.888546,8.201269,8,8,1,8,8,1,40,72,0,"GeForce GTX 1660 SUPER (0)","1","104",,,"sobel",1750
14.896994,4.724617,8,8,1,8,8,1,40,72,0,"GeForce GTX 1660 SUPER (0)","1","105",,,"sobel",1754
14.901850,0.558748,16,1,1,1024,1,1,16,0,0,"GeForce GTX 1660 SUPER (0)","1","107",,,"minimum",1767
14.901852,1.001938,16,1,1,1024,1,1,16,0,0,"GeForce GTX 1660 SUPER (0)","1","105",,,"maximum",1760
14.902956,1.468264,16,1,1,1024,1,1,17,0,0,"GeForce GTX 1660 SUPER (0)","1","105",,,"extend",1774
14.902957,2.321651,16,1,1,1024,1,1,16,0,0,"GeForce GTX 1660 SUPER (0)","1","106",,,"unsharpen",1781
14.905389,1.501194,16,1,1,1024,1,1,16,0,0,"GeForce GTX 1660 SUPER (0)","1","105",,,"combine",1789
14.906972,1.458120,16,1,1,1024,1,1,16,0,0,"GeForce GTX 1660 SUPER (0)","1","103",,,"combine",1797
14.908700,,,,,,,,,,,,,,"PC 0x8b1553de","0x7fec42000000","[Unified Memory CPU page faults]",
14.908777,0.001024,,,,,,,,,,"GeForce GTX 1660 SUPER (0)",,,4096.000000,"0x7fec42000000","[Unified Memory Memcpy DtoH]",
14.908778,0.005248,,,,,,,,,,"GeForce GTX 1660 SUPER (0)",,,61440.000000,"0x7fec42001000","[Unified Memory Memcpy DtoH]",
15.024692,0.000992,16,1,1,1024,1,1,16,0,0,"GeForce GTX 1660 SUPER (0)","1","108",,,"reset",1822
15.025002,0.000992,8,8,1,8,8,1,16,0,0,"GeForce GTX 1660 SUPER (0)","1","108",,,"reset",1825
15.025408,29.096156,8,8,1,8,8,1,27,0,36,"GeForce GTX 1660 SUPER (0)","1","109",,,"gaussian_blur",1831
15.025409,0.139495,,,,,,,,,,"GeForce GTX 1660 SUPER (0)",,,"22","0x7fec47800000","[Unified Memory GPU page faults]",
15.025526,0.001472,,,,,,,,,,"GeForce GTX 1660 SUPER (0)",,,4096.000000,"0x7fec47800000","[Unified Memory Memcpy HtoD]",
15.025527,0.006432,,,,,,,,,,"GeForce GTX 1660 SUPER (0)",,,61440.000000,"0x7fec47801000","[Unified Memory Memcpy HtoD]",
15.025736,37.156522,8,8,1,8,8,1,27,0,100,"GeForce GTX 1660 SUPER (0)","1","110",,,"gaussian_blur",1836
15.026018,29.790494,8,8,1,8,8,1,27,0,36,"GeForce GTX 1660 SUPER (0)","1","111",,,"gaussian_blur",1841
15.054608,7.373388,8,8,1,8,8,1,40,72,0,"GeForce GTX 1660 SUPER (0)","1","109",,,"sobel",1845
15.062997,4.727753,8,8,1,8,8,1,40,72,0,"GeForce GTX 1660 SUPER (0)","1","110",,,"sobel",1849
15.067849,0.551868,16,1,1,1024,1,1,16,0,0,"GeForce GTX 1660 SUPER (0)","1","112",,,"minimum",1862
15.067856,0.987537,16,1,1,1024,1,1,16,0,0,"GeForce GTX 1660 SUPER (0)","1","110",,,"maximum",1855
15.068946,1.473672,16,1,1,1024,1,1,17,0,0,"GeForce GTX 1660 SUPER (0)","1","110",,,"extend",1869
15.068950,2.324659,16,1,1,1024,1,1,16,0,0,"GeForce GTX 1660 SUPER (0)","1","111",,,"unsharpen",1876
15.071385,1.492266,16,1,1,1024,1,1,16,0,0,"GeForce GTX 1660 SUPER (0)","1","110",,,"combine",1884
15.072974,1.469641,16,1,1,1024,1,1,16,0,0,"GeForce GTX 1660 SUPER (0)","1","108",,,"combine",1892
15.074644,,,,,,,,,,,,,,"PC 0x8b1553de","0x7fec42000000","[Unified Memory CPU page faults]",
15.074723,0.000992,,,,,,,,,,"GeForce GTX 1660 SUPER (0)",,,4096.000000,"0x7fec42000000","[Unified Memory Memcpy DtoH]",
15.074724,0.005248,,,,,,,,,,"GeForce GTX 1660 SUPER (0)",,,61440.000000,"0x7fec42001000","[Unified Memory Memcpy DtoH]",
15.212776,0.000992,16,1,1,1024,1,1,16,0,0,"GeForce GTX 1660 SUPER (0)","1","113",,,"reset",1917
15.212934,0.001056,8,8,1,8,8,1,16,0,0,"GeForce GTX 1660 SUPER (0)","1","113",,,"reset",1920
15.213144,29.108508,8,8,1,8,8,1,27,0,36,"GeForce GTX 1660 SUPER (0)","1","114",,,"gaussian_blur",1926
15.213146,0.094565,,,,,,,,,,"GeForce GTX 1660 SUPER (0)",,,"22","0x7fec47800000","[Unified Memory GPU page faults]",
15.213224,0.001344,,,,,,,,,,"GeForce GTX 1660 SUPER (0)",,,4096.000000,"0x7fec47800000","[Unified Memory Memcpy HtoD]",
15.213226,0.005792,,,,,,,,,,"GeForce GTX 1660 SUPER (0)",,,61440.000000,"0x7fec47801000","[Unified Memory Memcpy HtoD]",
15.213370,37.092774,8,8,1,8,8,1,27,0,100,"GeForce GTX 1660 SUPER (0)","1","115",,,"gaussian_blur",1931
15.213535,29.662200,8,8,1,8,8,1,27,0,36,"GeForce GTX 1660 SUPER (0)","1","116",,,"gaussian_blur",1936
15.242427,7.635449,8,8,1,8,8,1,40,72,0,"GeForce GTX 1660 SUPER (0)","1","114",,,"sobel",1940
15.250542,4.739594,8,8,1,8,8,1,40,72,0,"GeForce GTX 1660 SUPER (0)","1","115",,,"sobel",1944
15.255424,0.555452,16,1,1,1024,1,1,16,0,0,"GeForce GTX 1660 SUPER (0)","1","117",,,"minimum",1957
15.255426,1.002130,16,1,1,1024,1,1,16,0,0,"GeForce GTX 1660 SUPER (0)","1","115",,,"maximum",1950
15.256521,1.472809,16,1,1,1024,1,1,17,0,0,"GeForce GTX 1660 SUPER (0)","1","115",,,"extend",1964
15.256537,2.315666,16,1,1,1024,1,1,16,0,0,"GeForce GTX 1660 SUPER (0)","1","116",,,"unsharpen",1971
15.258946,1.479593,16,1,1,1024,1,1,16,0,0,"GeForce GTX 1660 SUPER (0)","1","115",,,"combine",1979
15.260512,1.447560,16,1,1,1024,1,1,16,0,0,"GeForce GTX 1660 SUPER (0)","1","113",,,"combine",1987
15.262178,,,,,,,,,,,,,,"PC 0x8b1553de","0x7fec42000000","[Unified Memory CPU page faults]",
15.262263,0.000992,,,,,,,,,,"GeForce GTX 1660 SUPER (0)",,,4096.000000,"0x7fec42000000","[Unified Memory Memcpy DtoH]",
15.262264,0.005280,,,,,,,,,,"GeForce GTX 1660 SUPER (0)",,,61440.000000,"0x7fec42001000","[Unified Memory Memcpy DtoH]",
15.355829,0.000992,16,1,1,1024,1,1,16,0,0,"GeForce GTX 1660 SUPER (0)","1","118",,,"reset",2012
15.355959,0.001024,8,8,1,8,8,1,16,0,0,"GeForce GTX 1660 SUPER (0)","1","118",,,"reset",2015
15.356197,28.930867,8,8,1,8,8,1,27,0,36,"GeForce GTX 1660 SUPER (0)","1","119",,,"gaussian_blur",2021
15.356198,0.098981,,,,,,,,,,"GeForce GTX 1660 SUPER (0)",,,"22","0x7fec47800000","[Unified Memory GPU page faults]",
15.356280,0.001344,,,,,,,,,,"GeForce GTX 1660 SUPER (0)",,,4096.000000,"0x7fec47800000","[Unified Memory Memcpy HtoD]",
15.356281,0.005792,,,,,,,,,,"GeForce GTX 1660 SUPER (0)",,,61440.000000,"0x7fec47801000","[Unified Memory Memcpy HtoD]",
15.356394,37.324113,8,8,1,8,8,1,27,0,100,"GeForce GTX 1660 SUPER (0)","1","120",,,"gaussian_blur",2026
15.356556,29.829344,8,8,1,8,8,1,27,0,36,"GeForce GTX 1660 SUPER (0)","1","121",,,"gaussian_blur",2031
15.385267,8.038605,8,8,1,8,8,1,40,72,0,"GeForce GTX 1660 SUPER (0)","1","119",,,"sobel",2035
15.393808,4.731401,8,8,1,8,8,1,40,72,0,"GeForce GTX 1660 SUPER (0)","1","120",,,"sobel",2039
15.398666,0.550971,16,1,1,1024,1,1,16,0,0,"GeForce GTX 1660 SUPER (0)","1","122",,,"minimum",2052
15.398673,0.996209,16,1,1,1024,1,1,16,0,0,"GeForce GTX 1660 SUPER (0)","1","120",,,"maximum",2045
15.399771,1.471881,16,1,1,1024,1,1,17,0,0,"GeForce GTX 1660 SUPER (0)","1","120",,,"extend",2059
15.399787,2.313778,16,1,1,1024,1,1,16,0,0,"GeForce GTX 1660 SUPER (0)","1","121",,,"unsharpen",2066
15.402210,1.497994,16,1,1,1024,1,1,16,0,0,"GeForce GTX 1660 SUPER (0)","1","120",,,"combine",2074
15.403802,1.492202,16,1,1,1024,1,1,16,0,0,"GeForce GTX 1660 SUPER (0)","1","118",,,"combine",2082
15.405372,,,,,,,,,,,,,,"PC 0x8b1553de","0x7fec42000000","[Unified Memory CPU page faults]",
15.405444,0.001024,,,,,,,,,,"GeForce GTX 1660 SUPER (0)",,,4096.000000,"0x7fec42000000","[Unified Memory Memcpy DtoH]",
15.405445,0.005312,,,,,,,,,,"GeForce GTX 1660 SUPER (0)",,,61440.000000,"0x7fec42001000","[Unified Memory Memcpy DtoH]",
15.521918,0.000992,16,1,1,1024,1,1,16,0,0,"GeForce GTX 1660 SUPER (0)","1","123",,,"reset",2107
15.522219,0.001056,8,8,1,8,8,1,16,0,0,"GeForce GTX 1660 SUPER (0)","1","123",,,"reset",2110
15.522508,29.068571,8,8,1,8,8,1,27,0,36,"GeForce GTX 1660 SUPER (0)","1","124",,,"gaussian_blur",2116
15.522509,0.118981,,,,,,,,,,"GeForce GTX 1660 SUPER (0)",,,"22","0x7fec47800000","[Unified Memory GPU page faults]",
15.522607,0.001440,,,,,,,,,,"GeForce GTX 1660 SUPER (0)",,,4096.000000,"0x7fec47800000","[Unified Memory Memcpy HtoD]",
15.522609,0.006913,,,,,,,,,,"GeForce GTX 1660 SUPER (0)",,,61440.000000,"0x7fec47801000","[Unified Memory Memcpy HtoD]",
15.522762,37.420726,8,8,1,8,8,1,27,0,100,"GeForce GTX 1660 SUPER (0)","1","125",,,"gaussian_blur",2121
15.522997,30.030505,8,8,1,8,8,1,27,0,36,"GeForce GTX 1660 SUPER (0)","1","126",,,"gaussian_blur",2126
15.551693,7.779167,8,8,1,8,8,1,40,72,0,"GeForce GTX 1660 SUPER (0)","1","124",,,"sobel",2130
15.560277,4.760971,8,8,1,8,8,1,40,72,0,"GeForce GTX 1660 SUPER (0)","1","125",,,"sobel",2134
15.565210,0.593725,16,1,1,1024,1,1,16,0,0,"GeForce GTX 1660 SUPER (0)","1","127",,,"minimum",2147
15.565222,1.029587,16,1,1,1024,1,1,16,0,0,"GeForce GTX 1660 SUPER (0)","1","125",,,"maximum",2140
15.566359,1.468425,16,1,1,1024,1,1,17,0,0,"GeForce GTX 1660 SUPER (0)","1","125",,,"extend",2154
15.566377,2.308978,16,1,1,1024,1,1,16,0,0,"GeForce GTX 1660 SUPER (0)","1","126",,,"unsharpen",2161
15.568777,1.488553,16,1,1,1024,1,1,16,0,0,"GeForce GTX 1660 SUPER (0)","1","125",,,"combine",2169
15.570364,1.458312,16,1,1,1024,1,1,16,0,0,"GeForce GTX 1660 SUPER (0)","1","123",,,"combine",2177
15.571914,,,,,,,,,,,,,,"PC 0x8b1553de","0x7fec42000000","[Unified Memory CPU page faults]",
15.571988,0.001024,,,,,,,,,,"GeForce GTX 1660 SUPER (0)",,,4096.000000,"0x7fec42000000","[Unified Memory Memcpy DtoH]",
15.571989,0.005312,,,,,,,,,,"GeForce GTX 1660 SUPER (0)",,,61440.000000,"0x7fec42001000","[Unified Memory Memcpy DtoH]",
15.668580,0.001024,16,1,1,1024,1,1,16,0,0,"GeForce GTX 1660 SUPER (0)","1","128",,,"reset",2202
15.668715,0.001024,8,8,1,8,8,1,16,0,0,"GeForce GTX 1660 SUPER (0)","1","128",,,"reset",2205
15.668929,28.993590,8,8,1,8,8,1,27,0,36,"GeForce GTX 1660 SUPER (0)","1","129",,,"gaussian_blur",2211
15.668930,0.087332,,,,,,,,,,"GeForce GTX 1660 SUPER (0)",,,"22","0x7fec47800000","[Unified Memory GPU page faults]",
15.669004,0.001376,,,,,,,,,,"GeForce GTX 1660 SUPER (0)",,,4096.000000,"0x7fec47800000","[Unified Memory Memcpy HtoD]",
15.669005,0.005729,,,,,,,,,,"GeForce GTX 1660 SUPER (0)",,,61440.000000,"0x7fec47801000","[Unified Memory Memcpy HtoD]",
15.669233,37.894989,8,8,1,8,8,1,27,0,100,"GeForce GTX 1660 SUPER (0)","1","130",,,"gaussian_blur",2216
15.669495,29.810975,8,8,1,8,8,1,27,0,36,"GeForce GTX 1660 SUPER (0)","1","131",,,"gaussian_blur",2221
15.698065,7.900326,8,8,1,8,8,1,40,72,0,"GeForce GTX 1660 SUPER (0)","1","129",,,"sobel",2225
15.707232,4.719880,8,8,1,8,8,1,40,72,0,"GeForce GTX 1660 SUPER (0)","1","130",,,"sobel",2229
15.712154,0.549948,16,1,1,1024,1,1,16,0,0,"GeForce GTX 1660 SUPER (0)","1","132",,,"minimum",2242
15.712156,0.995665,16,1,1,1024,1,1,16,0,0,"GeForce GTX 1660 SUPER (0)","1","130",,,"maximum",2235
15.713273,1.475400,16,1,1,1024,1,1,17,0,0,"GeForce GTX 1660 SUPER (0)","1","130",,,"extend",2249
15.713289,2.316083,16,1,1,1024,1,1,16,0,0,"GeForce GTX 1660 SUPER (0)","1","131",,,"unsharpen",2256
15.715716,1.480137,16,1,1,1024,1,1,16,0,0,"GeForce GTX 1660 SUPER (0)","1","130",,,"combine",2264
15.717282,1.480906,16,1,1,1024,1,1,16,0,0,"GeForce GTX 1660 SUPER (0)","1","128",,,"combine",2272
15.718839,,,,,,,,,,,,,,"PC 0x8b1553de","0x7fec42000000","[Unified Memory CPU page faults]",
15.718915,0.001024,,,,,,,,,,"GeForce GTX 1660 SUPER (0)",,,4096.000000,"0x7fec42000000","[Unified Memory Memcpy DtoH]",
15.718916,0.005376,,,,,,,,,,"GeForce GTX 1660 SUPER (0)",,,61440.000000,"0x7fec42001000","[Unified Memory Memcpy DtoH]",
15.826768,0.001056,16,1,1,1024,1,1,16,0,0,"GeForce GTX 1660 SUPER (0)","1","133",,,"reset",2297
15.826942,0.001024,8,8,1,8,8,1,16,0,0,"GeForce GTX 1660 SUPER (0)","1","133",,,"reset",2300
15.827245,28.929779,8,8,1,8,8,1,27,0,36,"GeForce GTX 1660 SUPER (0)","1","134",,,"gaussian_blur",2306
15.827246,0.104197,,,,,,,,,,"GeForce GTX 1660 SUPER (0)",,,"22","0x7fec47800000","[Unified Memory GPU page faults]",
15.827337,0.001376,,,,,,,,,,"GeForce GTX 1660 SUPER (0)",,,4096.000000,"0x7fec47800000","[Unified Memory Memcpy HtoD]",
15.827339,0.005760,,,,,,,,,,"GeForce GTX 1660 SUPER (0)",,,61440.000000,"0x7fec47801000","[Unified Memory Memcpy HtoD]",
15.827599,37.195083,8,8,1,8,8,1,27,0,100,"GeForce GTX 1660 SUPER (0)","1","135",,,"gaussian_blur",2311
15.827852,29.629206,8,8,1,8,8,1,27,0,36,"GeForce GTX 1660 SUPER (0)","1","136",,,"gaussian_blur",2316
15.856311,7.667034,8,8,1,8,8,1,40,72,0,"GeForce GTX 1660 SUPER (0)","1","134",,,"sobel",2320
15.864869,4.697192,8,8,1,8,8,1,40,72,0,"GeForce GTX 1660 SUPER (0)","1","135",,,"sobel",2324
15.869691,0.553531,16,1,1,1024,1,1,16,0,0,"GeForce GTX 1660 SUPER (0)","1","137",,,"minimum",2337
15.869699,0.990801,16,1,1,1024,1,1,16,0,0,"GeForce GTX 1660 SUPER (0)","1","135",,,"maximum",2330
15.870791,1.464873,16,1,1,1024,1,1,17,0,0,"GeForce GTX 1660 SUPER (0)","1","135",,,"extend",2344
15.870801,2.307634,16,1,1,1024,1,1,16,0,0,"GeForce GTX 1660 SUPER (0)","1","136",,,"unsharpen",2351
15.873214,1.504138,16,1,1,1024,1,1,16,0,0,"GeForce GTX 1660 SUPER (0)","1","135",,,"combine",2359
15.874786,1.454920,16,1,1,1024,1,1,16,0,0,"GeForce GTX 1660 SUPER (0)","1","133",,,"combine",2367
15.876363,,,,,,,,,,,,,,"PC 0x8b1553de","0x7fec42000000","[Unified Memory CPU page faults]",
15.876458,0.001024,,,,,,,,,,"GeForce GTX 1660 SUPER (0)",,,4096.000000,"0x7fec42000000","[Unified Memory Memcpy DtoH]",
15.876459,0.005184,,,,,,,,,,"GeForce GTX 1660 SUPER (0)",,,61440.000000,"0x7fec42001000","[Unified Memory Memcpy DtoH]",
15.991360,0.000992,16,1,1,1024,1,1,16,0,0,"GeForce GTX 1660 SUPER (0)","1","138",,,"reset",2392
15.991556,0.001024,8,8,1,8,8,1,16,0,0,"GeForce GTX 1660 SUPER (0)","1","138",,,"reset",2395
15.991819,29.015352,8,8,1,8,8,1,27,0,36,"GeForce GTX 1660 SUPER (0)","1","139",,,"gaussian_blur",2401
15.991820,0.093669,,,,,,,,,,"GeForce GTX 1660 SUPER (0)",,,"22","0x7fec47800000","[Unified Memory GPU page faults]",
15.991898,0.001376,,,,,,,,,,"GeForce GTX 1660 SUPER (0)",,,4096.000000,"0x7fec47800000","[Unified Memory Memcpy HtoD]",
15.991899,0.005729,,,,,,,,,,"GeForce GTX 1660 SUPER (0)",,,61440.000000,"0x7fec47801000","[Unified Memory Memcpy HtoD]",
15.992059,37.492826,8,8,1,8,8,1,27,0,100,"GeForce GTX 1660 SUPER (0)","1","140",,,"gaussian_blur",2406
15.992277,30.101453,8,8,1,8,8,1,27,0,36,"GeForce GTX 1660 SUPER (0)","1","141",,,"gaussian_blur",2411
16.020952,7.927783,8,8,1,8,8,1,40,72,0,"GeForce GTX 1660 SUPER (0)","1","139",,,"sobel",2415
16.029628,4.742026,8,8,1,8,8,1,40,72,0,"GeForce GTX 1660 SUPER (0)","1","140",,,"sobel",2419
16.034524,0.552411,16,1,1,1024,1,1,16,0,0,"GeForce GTX 1660 SUPER (0)","1","142",,,"minimum",2432
16.034530,0.995281,16,1,1,1024,1,1,16,0,0,"GeForce GTX 1660 SUPER (0)","1","140",,,"maximum",2425
16.035630,1.465257,16,1,1,1024,1,1,17,0,0,"GeForce GTX 1660 SUPER (0)","1","140",,,"extend",2439
16.035655,2.309138,16,1,1,1024,1,1,16,0,0,"GeForce GTX 1660 SUPER (0)","1","141",,,"unsharpen",2446
16.038053,1.516619,16,1,1,1024,1,1,16,0,0,"GeForce GTX 1660 SUPER (0)","1","140",,,"combine",2454
16.039646,1.448808,16,1,1,1024,1,1,16,0,0,"GeForce GTX 1660 SUPER (0)","1","138",,,"combine",2462
16.041191,,,,,,,,,,,,,,"PC 0x8b1553de","0x7fec42000000","[Unified Memory CPU page faults]",
16.041273,0.000992,,,,,,,,,,"GeForce GTX 1660 SUPER (0)",,,4096.000000,"0x7fec42000000","[Unified Memory Memcpy DtoH]",
16.041274,0.005248,,,,,,,,,,"GeForce GTX 1660 SUPER (0)",,,61440.000000,"0x7fec42001000","[Unified Memory Memcpy DtoH]",
16.149618,0.001024,16,1,1,1024,1,1,16,0,0,"GeForce GTX 1660 SUPER (0)","1","143",,,"reset",2487
16.149740,0.000992,8,8,1,8,8,1,16,0,0,"GeForce GTX 1660 SUPER (0)","1","143",,,"reset",2490
16.149931,29.133502,8,8,1,8,8,1,27,0,36,"GeForce GTX 1660 SUPER (0)","1","144",,,"gaussian_blur",2496
16.149932,0.117286,,,,,,,,,,"GeForce GTX 1660 SUPER (0)",,,"22","0x7fec47800000","[Unified Memory GPU page faults]",
16.150030,0.001376,,,,,,,,,,"GeForce GTX 1660 SUPER (0)",,,4096.000000,"0x7fec47800000","[Unified Memory Memcpy HtoD]",
16.150031,0.005761,,,,,,,,,,"GeForce GTX 1660 SUPER (0)",,,61440.000000,"0x7fec47801000","[Unified Memory Memcpy HtoD]",
16.150189,37.467481,8,8,1,8,8,1,27,0,100,"GeForce GTX 1660 SUPER (0)","1","145",,,"gaussian_blur",2501
16.150367,29.824864,8,8,1,8,8,1,27,0,36,"GeForce GTX 1660 SUPER (0)","1","146",,,"gaussian_blur",2506
16.179194,7.692700,8,8,1,8,8,1,40,72,0,"GeForce GTX 1660 SUPER (0)","1","144",,,"sobel",2510
16.187750,4.706376,8,8,1,8,8,1,40,72,0,"GeForce GTX 1660 SUPER (0)","1","145",,,"sobel",2514
16.192602,0.545979,16,1,1,1024,1,1,16,0,0,"GeForce GTX 1660 SUPER (0)","1","147",,,"minimum",2527
16.192608,1.004658,16,1,1,1024,1,1,16,0,0,"GeForce GTX 1660 SUPER (0)","1","145",,,"maximum",2520
16.193704,1.477097,16,1,1,1024,1,1,17,0,0,"GeForce GTX 1660 SUPER (0)","1","145",,,"extend",2534
16.193726,2.302482,16,1,1,1024,1,1,16,0,0,"GeForce GTX 1660 SUPER (0)","1","146",,,"unsharpen",2541
16.196119,1.494249,16,1,1,1024,1,1,16,0,0,"GeForce GTX 1660 SUPER (0)","1","145",,,"combine",2549
16.197690,1.487689,16,1,1,1024,1,1,16,0,0,"GeForce GTX 1660 SUPER (0)","1","143",,,"combine",2557
16.199259,,,,,,,,,,,,,,"PC 0x8b1553de","0x7fec42000000","[Unified Memory CPU page faults]",
16.199343,0.001024,,,,,,,,,,"GeForce GTX 1660 SUPER (0)",,,4096.000000,"0x7fec42000000","[Unified Memory Memcpy DtoH]",
16.199344,0.005280,,,,,,,,,,"GeForce GTX 1660 SUPER (0)",,,61440.000000,"0x7fec42001000","[Unified Memory Memcpy DtoH]",
16.312676,0.000992,16,1,1,1024,1,1,16,0,0,"GeForce GTX 1660 SUPER (0)","1","148",,,"reset",2582
16.312862,0.000992,8,8,1,8,8,1,16,0,0,"GeForce GTX 1660 SUPER (0)","1","148",,,"reset",2585
16.313383,28.963541,8,8,1,8,8,1,27,0,36,"GeForce GTX 1660 SUPER (0)","1","149",,,"gaussian_blur",2591
16.313384,0.097669,,,,,,,,,,"GeForce GTX 1660 SUPER (0)",,,"22","0x7fec47800000","[Unified Memory GPU page faults]",
16.313464,0.001344,,,,,,,,,,"GeForce GTX 1660 SUPER (0)",,,4096.000000,"0x7fec47800000","[Unified Memory Memcpy HtoD]",
16.313466,0.005952,,,,,,,,,,"GeForce GTX 1660 SUPER (0)",,,61440.000000,"0x7fec47801000","[Unified Memory Memcpy HtoD]",
16.313664,37.380948,8,8,1,8,8,1,27,0,100,"GeForce GTX 1660 SUPER (0)","1","150",,,"gaussian_blur",2596
16.313908,29.890499,8,8,1,8,8,1,27,0,36,"GeForce GTX 1660 SUPER (0)","1","151",,,"gaussian_blur",2601
16.342457,7.699708,8,8,1,8,8,1,40,72,0,"GeForce GTX 1660 SUPER (0)","1","149",,,"sobel",2605
16.351108,4.620772,8,8,1,8,8,1,40,72,0,"GeForce GTX 1660 SUPER (0)","1","150",,,"sobel",2609
16.355823,0.533274,16,1,1,1024,1,1,16,0,0,"GeForce GTX 1660 SUPER (0)","1","152",,,"minimum",2622
16.355825,0.976912,16,1,1,1024,1,1,16,0,0,"GeForce GTX 1660 SUPER (0)","1","150",,,"maximum",2615
16.356883,1.454024,16,1,1,1024,1,1,17,0,0,"GeForce GTX 1660 SUPER (0)","1","150",,,"extend",2629
16.356886,2.298674,16,1,1,1024,1,1,16,0,0,"GeForce GTX 1660 SUPER (0)","1","151",,,"unsharpen",2636
16.359263,1.476553,16,1,1,1024,1,1,16,0,0,"GeForce GTX 1660 SUPER (0)","1","150",,,"combine",2644
16.360807,1.428646,16,1,1,1024,1,1,16,0,0,"GeForce GTX 1660 SUPER (0)","1","148",,,"combine",2652
16.362403,,,,,,,,,,,,,,"PC 0x8b1553de","0x7fec42000000","[Unified Memory CPU page faults]",
16.362499,0.000961,,,,,,,,,,"GeForce GTX 1660 SUPER (0)",,,4096.000000,"0x7fec42000000","[Unified Memory Memcpy DtoH]",
16.362500,0.005280,,,,,,,,,,"GeForce GTX 1660 SUPER (0)",,,61440.000000,"0x7fec42001000","[Unified Memory Memcpy DtoH]",
16.531879,0.000928,16,1,1,1024,1,1,16,0,0,"GeForce GTX 1660 SUPER (0)","1","153",,,"reset",2677
16.532150,0.000928,8,8,1,8,8,1,16,0,0,"GeForce GTX 1660 SUPER (0)","1","153",,,"reset",2680
16.532550,28.628741,8,8,1,8,8,1,27,0,36,"GeForce GTX 1660 SUPER (0)","1","154",,,"gaussian_blur",2686
16.532551,0.113957,,,,,,,,,,"GeForce GTX 1660 SUPER (0)",,,"22","0x7fec47800000","[Unified Memory GPU page faults]",
16.532652,0.001344,,,,,,,,,,"GeForce GTX 1660 SUPER (0)",,,4096.000000,"0x7fec47800000","[Unified Memory Memcpy HtoD]",
16.532653,0.005728,,,,,,,,,,"GeForce GTX 1660 SUPER (0)",,,61440.000000,"0x7fec47801000","[Unified Memory Memcpy HtoD]",
16.532886,36.691123,8,8,1,8,8,1,27,0,100,"GeForce GTX 1660 SUPER (0)","1","155",,,"gaussian_blur",2691
16.533228,29.598453,8,8,1,8,8,1,27,0,36,"GeForce GTX 1660 SUPER (0)","1","156",,,"gaussian_blur",2696
16.561275,7.982250,8,8,1,8,8,1,40,72,0,"GeForce GTX 1660 SUPER (0)","1","154",,,"sobel",2700
16.569650,4.491998,8,8,1,8,8,1,40,72,0,"GeForce GTX 1660 SUPER (0)","1","155",,,"sobel",2704
16.574268,0.563388,16,1,1,1024,1,1,16,0,0,"GeForce GTX 1660 SUPER (0)","1","157",,,"minimum",2717
16.574276,0.993937,16,1,1,1024,1,1,16,0,0,"GeForce GTX 1660 SUPER (0)","1","155",,,"maximum",2710
16.575353,1.445607,16,1,1,1024,1,1,17,0,0,"GeForce GTX 1660 SUPER (0)","1","155",,,"extend",2724
16.575365,2.274641,16,1,1,1024,1,1,16,0,0,"GeForce GTX 1660 SUPER (0)","1","156",,,"unsharpen",2731
16.577716,1.530476,16,1,1,1024,1,1,16,0,0,"GeForce GTX 1660 SUPER (0)","1","155",,,"combine",2739
16.579315,1.443207,16,1,1,1024,1,1,16,0,0,"GeForce GTX 1660 SUPER (0)","1","153",,,"combine",2747
16.580938,,,,,,,,,,,,,,"PC 0x8b1553de","0x7fec42000000","[Unified Memory CPU page faults]",
16.581042,0.001056,,,,,,,,,,"GeForce GTX 1660 SUPER (0)",,,4096.000000,"0x7fec42000000","[Unified Memory Memcpy DtoH]",
16.581044,0.005441,,,,,,,,,,"GeForce GTX 1660 SUPER (0)",,,61440.000000,"0x7fec42001000","[Unified Memory Memcpy DtoH]",
16.712611,0.000929,16,1,1,1024,1,1,16,0,0,"GeForce GTX 1660 SUPER (0)","1","158",,,"reset",2772
16.712807,0.000992,8,8,1,8,8,1,16,0,0,"GeForce GTX 1660 SUPER (0)","1","158",,,"reset",2775
16.713008,28.679943,8,8,1,8,8,1,27,0,36,"GeForce GTX 1660 SUPER (0)","1","159",,,"gaussian_blur",2781
16.713009,0.095013,,,,,,,,,,"GeForce GTX 1660 SUPER (0)",,,"22","0x7fec47800000","[Unified Memory GPU page faults]",
16.713088,0.001344,,,,,,,,,,"GeForce GTX 1660 SUPER (0)",,,4096.000000,"0x7fec47800000","[Unified Memory Memcpy HtoD]",
16.713089,0.005696,,,,,,,,,,"GeForce GTX 1660 SUPER (0)",,,61440.000000,"0x7fec47801000","[Unified Memory Memcpy HtoD]",
16.713232,36.802904,8,8,1,8,8,1,27,0,100,"GeForce GTX 1660 SUPER (0)","1","160",,,"gaussian_blur",2786
16.713397,29.570516,8,8,1,8,8,1,27,0,36,"GeForce GTX 1660 SUPER (0)","1","161",,,"gaussian_blur",2791
16.741794,7.397261,8,8,1,8,8,1,40,72,0,"GeForce GTX 1660 SUPER (0)","1","159",,,"sobel",2795
16.750096,4.528928,8,8,1,8,8,1,40,72,0,"GeForce GTX 1660 SUPER (0)","1","160",,,"sobel",2799
16.754744,0.546683,16,1,1,1024,1,1,16,0,0,"GeForce GTX 1660 SUPER (0)","1","162",,,"minimum",2812
16.754746,0.976656,16,1,1,1024,1,1,16,0,0,"GeForce GTX 1660 SUPER (0)","1","160",,,"maximum",2805
16.755792,1.444231,16,1,1,1024,1,1,17,0,0,"GeForce GTX 1660 SUPER (0)","1","160",,,"extend",2819
16.755806,2.285009,16,1,1,1024,1,1,16,0,0,"GeForce GTX 1660 SUPER (0)","1","161",,,"unsharpen",2826
16.758168,1.508394,16,1,1,1024,1,1,16,0,0,"GeForce GTX 1660 SUPER (0)","1","160",,,"combine",2834
16.759745,1.486665,16,1,1,1024,1,1,16,0,0,"GeForce GTX 1660 SUPER (0)","1","158",,,"combine",2842
16.761307,,,,,,,,,,,,,,"PC 0x8b1553de","0x7fec42000000","[Unified Memory CPU page faults]",
16.761398,0.001024,,,,,,,,,,"GeForce GTX 1660 SUPER (0)",,,4096.000000,"0x7fec42000000","[Unified Memory Memcpy DtoH]",
16.761399,0.005281,,,,,,,,,,"GeForce GTX 1660 SUPER (0)",,,61440.000000,"0x7fec42001000","[Unified Memory Memcpy DtoH]",
