==15152== NVPROF is profiling process 15152, command: java -classpath /home/users/alberto.parravicini/Documents/graalvm-ce-java8-20.2.0/jre/lib/graalvm/graalpython-launcher.jar:/home/users/alberto.parravicini/Documents/graalvm-ce-java8-20.2.0/jre/lib/graalvm/launcher-common.jar -XX:MaxHeapSize=26G com.oracle
==15152== Profiling application: java -classpath /home/users/alberto.parravicini/Documents/graalvm-ce-java8-20.2.0/jre/lib/graalvm/graalpython-launcher.jar:/home/users/alberto.parravicini/Documents/graalvm-ce-java8-20.2.0/jre/lib/graalvm/launcher-common.jar -XX:MaxHeapSize=26G com.oracle
==15152== Profiling result:
"Start","Duration","Grid X","Grid Y","Grid Z","Block X","Block Y","Block Z","Registers Per Thread","Static SMem","Dynamic SMem","Device","Context","Stream","Unified Memory","Virtual Address","Name","Correlation_ID"
s,ms,,,,,,,,B,B,,,,B,,,
10.492628,0.001024,16,1,1,1024,1,1,16,0,0,"GeForce GTX 1660 SUPER (0)","1","7",,,"reset",6
10.493650,0.000928,8,8,1,8,8,1,16,0,0,"GeForce GTX 1660 SUPER (0)","1","7",,,"reset",8
10.494825,0.001664,,,,,,,,,,"GeForce GTX 1660 SUPER (0)",,,4096.000000,"0x7fb037800000","[Unified Memory Memcpy HtoD]",
10.495443,13.350930,8,8,1,8,8,1,27,0,36,"GeForce GTX 1660 SUPER (0)","1","7",,,"gaussian_blur",16
10.510097,21.473027,8,8,1,8,8,1,27,0,100,"GeForce GTX 1660 SUPER (0)","1","7",,,"gaussian_blur",22
10.532823,13.453559,8,8,1,8,8,1,27,0,36,"GeForce GTX 1660 SUPER (0)","1","7",,,"gaussian_blur",28
10.547180,4.737994,8,8,1,8,8,1,40,72,0,"GeForce GTX 1660 SUPER (0)","1","7",,,"sobel",32
10.552899,4.746506,8,8,1,8,8,1,40,72,0,"GeForce GTX 1660 SUPER (0)","1","7",,,"sobel",36
10.558159,0.540603,16,1,1,1024,1,1,16,0,0,"GeForce GTX 1660 SUPER (0)","1","7",,,"maximum",40
10.559003,0.535803,16,1,1,1024,1,1,16,0,0,"GeForce GTX 1660 SUPER (0)","1","7",,,"minimum",44
10.559936,1.130392,16,1,1,1024,1,1,17,0,0,"GeForce GTX 1660 SUPER (0)","1","7",,,"extend",46
10.562078,1.196603,16,1,1,1024,1,1,16,0,0,"GeForce GTX 1660 SUPER (0)","1","7",,,"unsharpen",50
10.564165,1.477161,16,1,1,1024,1,1,16,0,0,"GeForce GTX 1660 SUPER (0)","1","7",,,"combine",54
10.565958,1.466089,16,1,1,1024,1,1,16,0,0,"GeForce GTX 1660 SUPER (0)","1","7",,,"combine",56
10.567448,0.001088,,,,,,,,,,"GeForce GTX 1660 SUPER (0)",,,4096.000000,"0x7fb032000000","[Unified Memory Memcpy DtoH]",
10.567449,0.005408,,,,,,,,,,"GeForce GTX 1660 SUPER (0)",,,61440.000000,"0x7fb032001000","[Unified Memory Memcpy DtoH]",
10.567924,,,,,,,,,,,,,,"PC 0x6f8893de","0x7fb032000000","[Unified Memory CPU page faults]",
10.783304,0.001024,16,1,1,1024,1,1,16,0,0,"GeForce GTX 1660 SUPER (0)","1","7",,,"reset",69
10.783650,0.000928,8,8,1,8,8,1,16,0,0,"GeForce GTX 1660 SUPER (0)","1","7",,,"reset",71
10.784040,13.642401,8,8,1,8,8,1,27,0,36,"GeForce GTX 1660 SUPER (0)","1","7",,,"gaussian_blur",73
10.784041,0.088260,,,,,,,,,,"GeForce GTX 1660 SUPER (0)",,,"22","0x7fb037800000","[Unified Memory GPU page faults]",
10.784111,0.001376,,,,,,,,,,"GeForce GTX 1660 SUPER (0)",,,4096.000000,"0x7fb037800000","[Unified Memory Memcpy HtoD]",
10.784113,0.005728,,,,,,,,,,"GeForce GTX 1660 SUPER (0)",,,61440.000000,"0x7fb037801000","[Unified Memory Memcpy HtoD]",
10.798149,21.344349,8,8,1,8,8,1,27,0,100,"GeForce GTX 1660 SUPER (0)","1","7",,,"gaussian_blur",75
10.820131,13.396789,8,8,1,8,8,1,27,0,36,"GeForce GTX 1660 SUPER (0)","1","7",,,"gaussian_blur",77
10.833989,4.691591,8,8,1,8,8,1,40,72,0,"GeForce GTX 1660 SUPER (0)","1","7",,,"sobel",79
10.839094,4.705640,8,8,1,8,8,1,40,72,0,"GeForce GTX 1660 SUPER (0)","1","7",,,"sobel",81
10.844295,0.542555,16,1,1,1024,1,1,16,0,0,"GeForce GTX 1660 SUPER (0)","1","7",,,"maximum",85
10.845131,0.540762,16,1,1,1024,1,1,16,0,0,"GeForce GTX 1660 SUPER (0)","1","7",,,"minimum",89
10.845884,1.133112,16,1,1,1024,1,1,17,0,0,"GeForce GTX 1660 SUPER (0)","1","7",,,"extend",91
10.847212,1.187291,16,1,1,1024,1,1,16,0,0,"GeForce GTX 1660 SUPER (0)","1","7",,,"unsharpen",93
10.848620,1.505066,16,1,1,1024,1,1,16,0,0,"GeForce GTX 1660 SUPER (0)","1","7",,,"combine",95
10.850413,1.451400,16,1,1,1024,1,1,16,0,0,"GeForce GTX 1660 SUPER (0)","1","7",,,"combine",97
10.851972,,,,,,,,,,,,,,"PC 0x6f8893de","0x7fb032000000","[Unified Memory CPU page faults]",
10.852017,0.001056,,,,,,,,,,"GeForce GTX 1660 SUPER (0)",,,4096.000000,"0x7fb032000000","[Unified Memory Memcpy DtoH]",
10.852018,0.005601,,,,,,,,,,"GeForce GTX 1660 SUPER (0)",,,61440.000000,"0x7fb032001000","[Unified Memory Memcpy DtoH]",
10.987813,0.000992,16,1,1,1024,1,1,16,0,0,"GeForce GTX 1660 SUPER (0)","1","7",,,"reset",110
10.989103,0.000960,8,8,1,8,8,1,16,0,0,"GeForce GTX 1660 SUPER (0)","1","7",,,"reset",112
10.989657,13.487481,8,8,1,8,8,1,27,0,36,"GeForce GTX 1660 SUPER (0)","1","7",,,"gaussian_blur",114
10.989658,0.093253,,,,,,,,,,"GeForce GTX 1660 SUPER (0)",,,"22","0x7fb037800000","[Unified Memory GPU page faults]",
10.989730,0.001568,,,,,,,,,,"GeForce GTX 1660 SUPER (0)",,,4096.000000,"0x7fb037800000","[Unified Memory Memcpy HtoD]",
10.989731,0.005728,,,,,,,,,,"GeForce GTX 1660 SUPER (0)",,,61440.000000,"0x7fb037801000","[Unified Memory Memcpy HtoD]",
11.003784,21.670669,8,8,1,8,8,1,27,0,100,"GeForce GTX 1660 SUPER (0)","1","7",,,"gaussian_blur",116
11.025766,13.387509,8,8,1,8,8,1,27,0,36,"GeForce GTX 1660 SUPER (0)","1","7",,,"gaussian_blur",118
11.039439,4.726569,8,8,1,8,8,1,40,72,0,"GeForce GTX 1660 SUPER (0)","1","7",,,"sobel",120
11.044357,4.718377,8,8,1,8,8,1,40,72,0,"GeForce GTX 1660 SUPER (0)","1","7",,,"sobel",122
11.049335,0.537850,16,1,1,1024,1,1,16,0,0,"GeForce GTX 1660 SUPER (0)","1","7",,,"maximum",126
11.050042,0.532378,16,1,1,1024,1,1,16,0,0,"GeForce GTX 1660 SUPER (0)","1","7",,,"minimum",130
11.050707,1.125080,16,1,1,1024,1,1,17,0,0,"GeForce GTX 1660 SUPER (0)","1","7",,,"extend",132
11.051942,1.202364,16,1,1,1024,1,1,16,0,0,"GeForce GTX 1660 SUPER (0)","1","7",,,"unsharpen",134
11.053338,1.514475,16,1,1,1024,1,1,16,0,0,"GeForce GTX 1660 SUPER (0)","1","7",,,"combine",136
11.054971,1.449383,16,1,1,1024,1,1,16,0,0,"GeForce GTX 1660 SUPER (0)","1","7",,,"combine",138
11.056461,,,,,,,,,,,,,,"PC 0x6f8893de","0x7fb032000000","[Unified Memory CPU page faults]",
11.056495,0.001024,,,,,,,,,,"GeForce GTX 1660 SUPER (0)",,,4096.000000,"0x7fb032000000","[Unified Memory Memcpy DtoH]",
11.056496,0.005472,,,,,,,,,,"GeForce GTX 1660 SUPER (0)",,,61440.000000,"0x7fb032001000","[Unified Memory Memcpy DtoH]",
11.206054,0.001024,16,1,1,1024,1,1,16,0,0,"GeForce GTX 1660 SUPER (0)","1","7",,,"reset",151
11.206218,0.000928,8,8,1,8,8,1,16,0,0,"GeForce GTX 1660 SUPER (0)","1","7",,,"reset",153
11.206368,13.536252,8,8,1,8,8,1,27,0,36,"GeForce GTX 1660 SUPER (0)","1","7",,,"gaussian_blur",155
11.206369,0.103845,,,,,,,,,,"GeForce GTX 1660 SUPER (0)",,,"22","0x7fb037800000","[Unified Memory GPU page faults]",
11.206457,0.001345,,,,,,,,,,"GeForce GTX 1660 SUPER (0)",,,4096.000000,"0x7fb037800000","[Unified Memory Memcpy HtoD]",
11.206458,0.005728,,,,,,,,,,"GeForce GTX 1660 SUPER (0)",,,61440.000000,"0x7fb037801000","[Unified Memory Memcpy HtoD]",
11.220309,21.664588,8,8,1,8,8,1,27,0,100,"GeForce GTX 1660 SUPER (0)","1","7",,,"gaussian_blur",157
11.242306,13.846891,8,8,1,8,8,1,27,0,36,"GeForce GTX 1660 SUPER (0)","1","7",,,"gaussian_blur",159
11.257370,4.680359,8,8,1,8,8,1,40,72,0,"GeForce GTX 1660 SUPER (0)","1","7",,,"sobel",161
11.262352,4.693447,8,8,1,8,8,1,40,72,0,"GeForce GTX 1660 SUPER (0)","1","7",,,"sobel",163
11.267394,0.538523,16,1,1,1024,1,1,16,0,0,"GeForce GTX 1660 SUPER (0)","1","7",,,"maximum",167
11.268138,0.534587,16,1,1,1024,1,1,16,0,0,"GeForce GTX 1660 SUPER (0)","1","7",,,"minimum",171
11.268814,1.140536,16,1,1,1024,1,1,17,0,0,"GeForce GTX 1660 SUPER (0)","1","7",,,"extend",173
11.270472,1.181947,16,1,1,1024,1,1,16,0,0,"GeForce GTX 1660 SUPER (0)","1","7",,,"unsharpen",175
11.271853,1.513611,16,1,1,1024,1,1,16,0,0,"GeForce GTX 1660 SUPER (0)","1","7",,,"combine",177
11.273845,1.476009,16,1,1,1024,1,1,16,0,0,"GeForce GTX 1660 SUPER (0)","1","7",,,"combine",179
11.275412,,,,,,,,,,,,,,"PC 0x6f8893de","0x7fb032000000","[Unified Memory CPU page faults]",
11.275459,0.001024,,,,,,,,,,"GeForce GTX 1660 SUPER (0)",,,4096.000000,"0x7fb032000000","[Unified Memory Memcpy DtoH]",
11.275460,0.005441,,,,,,,,,,"GeForce GTX 1660 SUPER (0)",,,61440.000000,"0x7fb032001000","[Unified Memory Memcpy DtoH]",
11.451961,0.001024,16,1,1,1024,1,1,16,0,0,"GeForce GTX 1660 SUPER (0)","1","7",,,"reset",192
11.452213,0.000929,8,8,1,8,8,1,16,0,0,"GeForce GTX 1660 SUPER (0)","1","7",,,"reset",194
11.452416,13.449944,8,8,1,8,8,1,27,0,36,"GeForce GTX 1660 SUPER (0)","1","7",,,"gaussian_blur",196
11.452417,0.108326,,,,,,,,,,"GeForce GTX 1660 SUPER (0)",,,"22","0x7fb037800000","[Unified Memory GPU page faults]",
11.452508,0.001344,,,,,,,,,,"GeForce GTX 1660 SUPER (0)",,,4096.000000,"0x7fb037800000","[Unified Memory Memcpy HtoD]",
11.452509,0.005696,,,,,,,,,,"GeForce GTX 1660 SUPER (0)",,,61440.000000,"0x7fb037801000","[Unified Memory Memcpy HtoD]",
11.466262,21.378431,8,8,1,8,8,1,27,0,100,"GeForce GTX 1660 SUPER (0)","1","7",,,"gaussian_blur",198
11.488006,13.333714,8,8,1,8,8,1,27,0,36,"GeForce GTX 1660 SUPER (0)","1","7",,,"gaussian_blur",200
11.501645,4.718953,8,8,1,8,8,1,40,72,0,"GeForce GTX 1660 SUPER (0)","1","7",,,"sobel",202
11.506541,4.720553,8,8,1,8,8,1,40,72,0,"GeForce GTX 1660 SUPER (0)","1","7",,,"sobel",204
11.511515,0.553851,16,1,1,1024,1,1,16,0,0,"GeForce GTX 1660 SUPER (0)","1","7",,,"maximum",208
11.512255,0.536123,16,1,1,1024,1,1,16,0,0,"GeForce GTX 1660 SUPER (0)","1","7",,,"minimum",212
11.512929,1.128599,16,1,1,1024,1,1,17,0,0,"GeForce GTX 1660 SUPER (0)","1","7",,,"extend",214
11.514188,1.195483,16,1,1,1024,1,1,16,0,0,"GeForce GTX 1660 SUPER (0)","1","7",,,"unsharpen",216
11.515507,1.476072,16,1,1,1024,1,1,16,0,0,"GeForce GTX 1660 SUPER (0)","1","7",,,"combine",218
11.517104,1.466729,16,1,1,1024,1,1,16,0,0,"GeForce GTX 1660 SUPER (0)","1","7",,,"combine",220
11.518628,,,,,,,,,,,,,,"PC 0x6f8893de","0x7fb032000000","[Unified Memory CPU page faults]",
11.518678,0.001088,,,,,,,,,,"GeForce GTX 1660 SUPER (0)",,,4096.000000,"0x7fb032000000","[Unified Memory Memcpy DtoH]",
11.518679,0.005440,,,,,,,,,,"GeForce GTX 1660 SUPER (0)",,,61440.000000,"0x7fb032001000","[Unified Memory Memcpy DtoH]",
11.703698,0.001024,16,1,1,1024,1,1,16,0,0,"GeForce GTX 1660 SUPER (0)","1","7",,,"reset",233
11.703989,0.000928,8,8,1,8,8,1,16,0,0,"GeForce GTX 1660 SUPER (0)","1","7",,,"reset",235
11.704204,13.439767,8,8,1,8,8,1,27,0,36,"GeForce GTX 1660 SUPER (0)","1","7",,,"gaussian_blur",237
11.704205,0.106629,,,,,,,,,,"GeForce GTX 1660 SUPER (0)",,,"22","0x7fb037800000","[Unified Memory GPU page faults]",
11.704294,0.001344,,,,,,,,,,"GeForce GTX 1660 SUPER (0)",,,4096.000000,"0x7fb037800000","[Unified Memory Memcpy HtoD]",
11.704295,0.005761,,,,,,,,,,"GeForce GTX 1660 SUPER (0)",,,61440.000000,"0x7fb037801000","[Unified Memory Memcpy HtoD]",
11.718004,21.326844,8,8,1,8,8,1,27,0,100,"GeForce GTX 1660 SUPER (0)","1","7",,,"gaussian_blur",239
11.739638,13.388532,8,8,1,8,8,1,27,0,36,"GeForce GTX 1660 SUPER (0)","1","7",,,"gaussian_blur",241
11.753374,4.691496,8,8,1,8,8,1,40,72,0,"GeForce GTX 1660 SUPER (0)","1","7",,,"sobel",243
11.758239,4.686600,8,8,1,8,8,1,40,72,0,"GeForce GTX 1660 SUPER (0)","1","7",,,"sobel",245
11.763215,0.550427,16,1,1,1024,1,1,16,0,0,"GeForce GTX 1660 SUPER (0)","1","7",,,"maximum",249
11.763929,0.540795,16,1,1,1024,1,1,16,0,0,"GeForce GTX 1660 SUPER (0)","1","7",,,"minimum",253
11.764592,1.126455,16,1,1,1024,1,1,17,0,0,"GeForce GTX 1660 SUPER (0)","1","7",,,"extend",255
11.765840,1.197051,16,1,1,1024,1,1,16,0,0,"GeForce GTX 1660 SUPER (0)","1","7",,,"unsharpen",257
11.767157,1.494954,16,1,1,1024,1,1,16,0,0,"GeForce GTX 1660 SUPER (0)","1","7",,,"combine",259
11.768765,1.443047,16,1,1,1024,1,1,16,0,0,"GeForce GTX 1660 SUPER (0)","1","7",,,"combine",261
11.770260,,,,,,,,,,,,,,"PC 0x6f8893de","0x7fb032000000","[Unified Memory CPU page faults]",
11.770311,0.001088,,,,,,,,,,"GeForce GTX 1660 SUPER (0)",,,4096.000000,"0x7fb032000000","[Unified Memory Memcpy DtoH]",
11.770312,0.005440,,,,,,,,,,"GeForce GTX 1660 SUPER (0)",,,61440.000000,"0x7fb032001000","[Unified Memory Memcpy DtoH]",
11.900029,0.000992,16,1,1,1024,1,1,16,0,0,"GeForce GTX 1660 SUPER (0)","1","7",,,"reset",274
11.900342,0.000928,8,8,1,8,8,1,16,0,0,"GeForce GTX 1660 SUPER (0)","1","7",,,"reset",276
11.900601,13.821066,8,8,1,8,8,1,27,0,36,"GeForce GTX 1660 SUPER (0)","1","7",,,"gaussian_blur",278
11.900602,0.108165,,,,,,,,,,"GeForce GTX 1660 SUPER (0)",,,"22","0x7fb037800000","[Unified Memory GPU page faults]",
11.900687,0.001408,,,,,,,,,,"GeForce GTX 1660 SUPER (0)",,,4096.000000,"0x7fb037800000","[Unified Memory Memcpy HtoD]",
11.900688,0.006657,,,,,,,,,,"GeForce GTX 1660 SUPER (0)",,,61440.000000,"0x7fb037801000","[Unified Memory Memcpy HtoD]",
11.914696,21.804308,8,8,1,8,8,1,27,0,100,"GeForce GTX 1660 SUPER (0)","1","7",,,"gaussian_blur",280
11.936722,13.319281,8,8,1,8,8,1,27,0,36,"GeForce GTX 1660 SUPER (0)","1","7",,,"gaussian_blur",282
11.950269,4.690696,8,8,1,8,8,1,40,72,0,"GeForce GTX 1660 SUPER (0)","1","7",,,"sobel",284
11.955105,4.718344,8,8,1,8,8,1,40,72,0,"GeForce GTX 1660 SUPER (0)","1","7",,,"sobel",286
11.960446,0.544603,16,1,1,1024,1,1,16,0,0,"GeForce GTX 1660 SUPER (0)","1","7",,,"maximum",290
11.961104,0.533914,16,1,1,1024,1,1,16,0,0,"GeForce GTX 1660 SUPER (0)","1","7",,,"minimum",294
11.961724,1.128728,16,1,1,1024,1,1,17,0,0,"GeForce GTX 1660 SUPER (0)","1","7",,,"extend",296
11.962946,1.192154,16,1,1,1024,1,1,16,0,0,"GeForce GTX 1660 SUPER (0)","1","7",,,"unsharpen",298
11.964227,1.458952,16,1,1,1024,1,1,16,0,0,"GeForce GTX 1660 SUPER (0)","1","7",,,"combine",300
11.965790,1.456456,16,1,1,1024,1,1,16,0,0,"GeForce GTX 1660 SUPER (0)","1","7",,,"combine",302
11.967276,,,,,,,,,,,,,,"PC 0x6f8893de","0x7fb032000000","[Unified Memory CPU page faults]",
11.967320,0.001024,,,,,,,,,,"GeForce GTX 1660 SUPER (0)",,,4096.000000,"0x7fb032000000","[Unified Memory Memcpy DtoH]",
11.967321,0.005505,,,,,,,,,,"GeForce GTX 1660 SUPER (0)",,,61440.000000,"0x7fb032001000","[Unified Memory Memcpy DtoH]",
12.075024,0.000992,16,1,1,1024,1,1,16,0,0,"GeForce GTX 1660 SUPER (0)","1","7",,,"reset",315
12.075323,0.000960,8,8,1,8,8,1,16,0,0,"GeForce GTX 1660 SUPER (0)","1","7",,,"reset",317
12.075494,13.882349,8,8,1,8,8,1,27,0,36,"GeForce GTX 1660 SUPER (0)","1","7",,,"gaussian_blur",319
12.075495,0.094693,,,,,,,,,,"GeForce GTX 1660 SUPER (0)",,,"22","0x7fb037800000","[Unified Memory GPU page faults]",
12.075568,0.001344,,,,,,,,,,"GeForce GTX 1660 SUPER (0)",,,4096.000000,"0x7fb037800000","[Unified Memory Memcpy HtoD]",
12.075570,0.005728,,,,,,,,,,"GeForce GTX 1660 SUPER (0)",,,61440.000000,"0x7fb037801000","[Unified Memory Memcpy HtoD]",
12.089749,20.730366,8,8,1,8,8,1,27,0,100,"GeForce GTX 1660 SUPER (0)","1","7",,,"gaussian_blur",321
12.110772,13.363219,8,8,1,8,8,1,27,0,36,"GeForce GTX 1660 SUPER (0)","1","7",,,"gaussian_blur",323
12.124523,4.692679,8,8,1,8,8,1,40,72,0,"GeForce GTX 1660 SUPER (0)","1","7",,,"sobel",325
12.129499,4.702088,8,8,1,8,8,1,40,72,0,"GeForce GTX 1660 SUPER (0)","1","7",,,"sobel",327
12.134529,0.542842,16,1,1,1024,1,1,16,0,0,"GeForce GTX 1660 SUPER (0)","1","7",,,"maximum",331
12.135248,0.527354,16,1,1,1024,1,1,16,0,0,"GeForce GTX 1660 SUPER (0)","1","7",,,"minimum",335
12.135894,1.126391,16,1,1,1024,1,1,17,0,0,"GeForce GTX 1660 SUPER (0)","1","7",,,"extend",337
12.137154,1.206076,16,1,1,1024,1,1,16,0,0,"GeForce GTX 1660 SUPER (0)","1","7",,,"unsharpen",339
12.138475,1.482089,16,1,1,1024,1,1,16,0,0,"GeForce GTX 1660 SUPER (0)","1","7",,,"combine",341
12.140073,1.480809,16,1,1,1024,1,1,16,0,0,"GeForce GTX 1660 SUPER (0)","1","7",,,"combine",343
12.141607,,,,,,,,,,,,,,"PC 0x6f8893de","0x7fb032000000","[Unified Memory CPU page faults]",
12.141662,0.001056,,,,,,,,,,"GeForce GTX 1660 SUPER (0)",,,4096.000000,"0x7fb032000000","[Unified Memory Memcpy DtoH]",
12.141663,0.005537,,,,,,,,,,"GeForce GTX 1660 SUPER (0)",,,61440.000000,"0x7fb032001000","[Unified Memory Memcpy DtoH]",
12.238403,0.001024,16,1,1,1024,1,1,16,0,0,"GeForce GTX 1660 SUPER (0)","1","7",,,"reset",356
12.238629,0.000960,8,8,1,8,8,1,16,0,0,"GeForce GTX 1660 SUPER (0)","1","7",,,"reset",358
12.238777,13.553373,8,8,1,8,8,1,27,0,36,"GeForce GTX 1660 SUPER (0)","1","7",,,"gaussian_blur",360
12.238778,0.114118,,,,,,,,,,"GeForce GTX 1660 SUPER (0)",,,"22","0x7fb037800000","[Unified Memory GPU page faults]",
12.238869,0.001376,,,,,,,,,,"GeForce GTX 1660 SUPER (0)",,,4096.000000,"0x7fb037800000","[Unified Memory Memcpy HtoD]",
12.238871,0.005824,,,,,,,,,,"GeForce GTX 1660 SUPER (0)",,,61440.000000,"0x7fb037801000","[Unified Memory Memcpy HtoD]",
12.253172,21.889624,8,8,1,8,8,1,27,0,100,"GeForce GTX 1660 SUPER (0)","1","7",,,"gaussian_blur",362
12.275365,13.259630,8,8,1,8,8,1,27,0,36,"GeForce GTX 1660 SUPER (0)","1","7",,,"gaussian_blur",364
12.289143,4.712584,8,8,1,8,8,1,40,72,0,"GeForce GTX 1660 SUPER (0)","1","7",,,"sobel",366
12.294018,4.720745,8,8,1,8,8,1,40,72,0,"GeForce GTX 1660 SUPER (0)","1","7",,,"sobel",368
12.298894,0.542586,16,1,1,1024,1,1,16,0,0,"GeForce GTX 1660 SUPER (0)","1","7",,,"maximum",372
12.299526,0.542842,16,1,1,1024,1,1,16,0,0,"GeForce GTX 1660 SUPER (0)","1","7",,,"minimum",376
12.300133,1.130295,16,1,1,1024,1,1,17,0,0,"GeForce GTX 1660 SUPER (0)","1","7",,,"extend",378
12.301327,1.207035,16,1,1,1024,1,1,16,0,0,"GeForce GTX 1660 SUPER (0)","1","7",,,"unsharpen",380
12.302595,1.457736,16,1,1,1024,1,1,16,0,0,"GeForce GTX 1660 SUPER (0)","1","7",,,"combine",382
12.304138,1.455848,16,1,1,1024,1,1,16,0,0,"GeForce GTX 1660 SUPER (0)","1","7",,,"combine",384
12.305632,,,,,,,,,,,,,,"PC 0x6f8893de","0x7fb032000000","[Unified Memory CPU page faults]",
12.305680,0.001056,,,,,,,,,,"GeForce GTX 1660 SUPER (0)",,,4096.000000,"0x7fb032000000","[Unified Memory Memcpy DtoH]",
12.305681,0.005473,,,,,,,,,,"GeForce GTX 1660 SUPER (0)",,,61440.000000,"0x7fb032001000","[Unified Memory Memcpy DtoH]",
12.419458,0.001024,16,1,1,1024,1,1,16,0,0,"GeForce GTX 1660 SUPER (0)","1","7",,,"reset",397
12.419630,0.000928,8,8,1,8,8,1,16,0,0,"GeForce GTX 1660 SUPER (0)","1","7",,,"reset",399
12.419788,13.847371,8,8,1,8,8,1,27,0,36,"GeForce GTX 1660 SUPER (0)","1","7",,,"gaussian_blur",401
12.419789,0.097701,,,,,,,,,,"GeForce GTX 1660 SUPER (0)",,,"22","0x7fb037800000","[Unified Memory GPU page faults]",
12.419869,0.001408,,,,,,,,,,"GeForce GTX 1660 SUPER (0)",,,4096.000000,"0x7fb037800000","[Unified Memory Memcpy HtoD]",
12.419870,0.005696,,,,,,,,,,"GeForce GTX 1660 SUPER (0)",,,61440.000000,"0x7fb037801000","[Unified Memory Memcpy HtoD]",
12.433910,21.082608,8,8,1,8,8,1,27,0,100,"GeForce GTX 1660 SUPER (0)","1","7",,,"gaussian_blur",403
12.455350,12.846138,8,8,1,8,8,1,27,0,36,"GeForce GTX 1660 SUPER (0)","1","7",,,"gaussian_blur",405
12.468440,4.505022,8,8,1,8,8,1,40,72,0,"GeForce GTX 1660 SUPER (0)","1","7",,,"sobel",407
12.473095,4.534335,8,8,1,8,8,1,40,72,0,"GeForce GTX 1660 SUPER (0)","1","7",,,"sobel",409
12.477813,0.541211,16,1,1,1024,1,1,16,0,0,"GeForce GTX 1660 SUPER (0)","1","7",,,"maximum",413
12.478485,0.530426,16,1,1,1024,1,1,16,0,0,"GeForce GTX 1660 SUPER (0)","1","7",,,"minimum",417
12.479113,1.094774,16,1,1,1024,1,1,17,0,0,"GeForce GTX 1660 SUPER (0)","1","7",,,"extend",419
12.480411,1.180858,16,1,1,1024,1,1,16,0,0,"GeForce GTX 1660 SUPER (0)","1","7",,,"unsharpen",421
12.481709,1.502730,16,1,1,1024,1,1,16,0,0,"GeForce GTX 1660 SUPER (0)","1","7",,,"combine",423
12.483399,1.410214,16,1,1,1024,1,1,16,0,0,"GeForce GTX 1660 SUPER (0)","1","7",,,"combine",425
12.484851,,,,,,,,,,,,,,"PC 0x6f8893de","0x7fb032000000","[Unified Memory CPU page faults]",
12.484907,0.001248,,,,,,,,,,"GeForce GTX 1660 SUPER (0)",,,4096.000000,"0x7fb032000000","[Unified Memory Memcpy DtoH]",
12.484908,0.005473,,,,,,,,,,"GeForce GTX 1660 SUPER (0)",,,61440.000000,"0x7fb032001000","[Unified Memory Memcpy DtoH]",
12.629302,0.000960,16,1,1,1024,1,1,16,0,0,"GeForce GTX 1660 SUPER (0)","1","7",,,"reset",438
12.629524,0.000864,8,8,1,8,8,1,16,0,0,"GeForce GTX 1660 SUPER (0)","1","7",,,"reset",440
12.629696,13.021090,8,8,1,8,8,1,27,0,36,"GeForce GTX 1660 SUPER (0)","1","7",,,"gaussian_blur",442
12.629697,0.139975,,,,,,,,,,"GeForce GTX 1660 SUPER (0)",,,"22","0x7fb037800000","[Unified Memory GPU page faults]",
12.629814,0.001472,,,,,,,,,,"GeForce GTX 1660 SUPER (0)",,,4096.000000,"0x7fb037800000","[Unified Memory Memcpy HtoD]",
12.629815,0.006112,,,,,,,,,,"GeForce GTX 1660 SUPER (0)",,,61440.000000,"0x7fb037801000","[Unified Memory Memcpy HtoD]",
12.642973,20.418735,8,8,1,8,8,1,27,0,100,"GeForce GTX 1660 SUPER (0)","1","7",,,"gaussian_blur",444
12.663684,12.858107,8,8,1,8,8,1,27,0,36,"GeForce GTX 1660 SUPER (0)","1","7",,,"gaussian_blur",446
12.676834,4.572674,8,8,1,8,8,1,40,72,0,"GeForce GTX 1660 SUPER (0)","1","7",,,"sobel",448
12.681624,4.564065,8,8,1,8,8,1,40,72,0,"GeForce GTX 1660 SUPER (0)","1","7",,,"sobel",450
12.686384,0.534394,16,1,1,1024,1,1,16,0,0,"GeForce GTX 1660 SUPER (0)","1","7",,,"maximum",454
12.687041,0.529850,16,1,1,1024,1,1,16,0,0,"GeForce GTX 1660 SUPER (0)","1","7",,,"minimum",458
12.687656,1.092342,16,1,1,1024,1,1,17,0,0,"GeForce GTX 1660 SUPER (0)","1","7",,,"extend",460
12.688835,1.171418,16,1,1,1024,1,1,16,0,0,"GeForce GTX 1660 SUPER (0)","1","7",,,"unsharpen",462
12.690077,1.465961,16,1,1,1024,1,1,16,0,0,"GeForce GTX 1660 SUPER (0)","1","7",,,"combine",464
12.691608,1.442791,16,1,1,1024,1,1,16,0,0,"GeForce GTX 1660 SUPER (0)","1","7",,,"combine",466
12.693075,,,,,,,,,,,,,,"PC 0x6f8893de","0x7fb032000000","[Unified Memory CPU page faults]",
12.693128,0.001024,,,,,,,,,,"GeForce GTX 1660 SUPER (0)",,,4096.000000,"0x7fb032000000","[Unified Memory Memcpy DtoH]",
12.693129,0.005408,,,,,,,,,,"GeForce GTX 1660 SUPER (0)",,,61440.000000,"0x7fb032001000","[Unified Memory Memcpy DtoH]",
12.808567,0.000928,16,1,1,1024,1,1,16,0,0,"GeForce GTX 1660 SUPER (0)","1","7",,,"reset",479
12.808813,0.000864,8,8,1,8,8,1,16,0,0,"GeForce GTX 1660 SUPER (0)","1","7",,,"reset",481
12.808988,13.406389,8,8,1,8,8,1,27,0,36,"GeForce GTX 1660 SUPER (0)","1","7",,,"gaussian_blur",483
12.808988,0.131143,,,,,,,,,,"GeForce GTX 1660 SUPER (0)",,,"22","0x7fb037800000","[Unified Memory GPU page faults]",
12.809099,0.001376,,,,,,,,,,"GeForce GTX 1660 SUPER (0)",,,4096.000000,"0x7fb037800000","[Unified Memory Memcpy HtoD]",
12.809101,0.006048,,,,,,,,,,"GeForce GTX 1660 SUPER (0)",,,61440.000000,"0x7fb037801000","[Unified Memory Memcpy HtoD]",
12.822770,20.785089,8,8,1,8,8,1,27,0,100,"GeForce GTX 1660 SUPER (0)","1","7",,,"gaussian_blur",485
12.843885,13.077926,8,8,1,8,8,1,27,0,36,"GeForce GTX 1660 SUPER (0)","1","7",,,"gaussian_blur",487
12.857328,4.423738,8,8,1,8,8,1,40,72,0,"GeForce GTX 1660 SUPER (0)","1","7",,,"sobel",489
12.861996,4.428378,8,8,1,8,8,1,40,72,0,"GeForce GTX 1660 SUPER (0)","1","7",,,"sobel",491
12.866746,0.529210,16,1,1,1024,1,1,16,0,0,"GeForce GTX 1660 SUPER (0)","1","7",,,"maximum",495
12.867454,0.517434,16,1,1,1024,1,1,16,0,0,"GeForce GTX 1660 SUPER (0)","1","7",,,"minimum",499
12.868112,1.078293,16,1,1,1024,1,1,17,0,0,"GeForce GTX 1660 SUPER (0)","1","7",,,"extend",501
12.869315,1.168986,16,1,1,1024,1,1,16,0,0,"GeForce GTX 1660 SUPER (0)","1","7",,,"unsharpen",503
12.870648,1.459144,16,1,1,1024,1,1,16,0,0,"GeForce GTX 1660 SUPER (0)","1","7",,,"combine",505
12.872228,1.447335,16,1,1,1024,1,1,16,0,0,"GeForce GTX 1660 SUPER (0)","1","7",,,"combine",507
12.873716,,,,,,,,,,,,,,"PC 0x6f8893de","0x7fb032000000","[Unified Memory CPU page faults]",
12.873772,0.000992,,,,,,,,,,"GeForce GTX 1660 SUPER (0)",,,4096.000000,"0x7fb032000000","[Unified Memory Memcpy DtoH]",
12.873773,0.005408,,,,,,,,,,"GeForce GTX 1660 SUPER (0)",,,61440.000000,"0x7fb032001000","[Unified Memory Memcpy DtoH]",
13.025161,0.000960,16,1,1,1024,1,1,16,0,0,"GeForce GTX 1660 SUPER (0)","1","7",,,"reset",520
13.025338,0.000832,8,8,1,8,8,1,16,0,0,"GeForce GTX 1660 SUPER (0)","1","7",,,"reset",522
13.025464,12.322367,8,8,1,8,8,1,27,0,36,"GeForce GTX 1660 SUPER (0)","1","7",,,"gaussian_blur",524
13.025465,0.108485,,,,,,,,,,"GeForce GTX 1660 SUPER (0)",,,"22","0x7fb037800000","[Unified Memory GPU page faults]",
13.025555,0.001312,,,,,,,,,,"GeForce GTX 1660 SUPER (0)",,,4096.000000,"0x7fb037800000","[Unified Memory Memcpy HtoD]",
13.025556,0.005952,,,,,,,,,,"GeForce GTX 1660 SUPER (0)",,,61440.000000,"0x7fb037801000","[Unified Memory Memcpy HtoD]",
13.038106,19.933752,8,8,1,8,8,1,27,0,100,"GeForce GTX 1660 SUPER (0)","1","7",,,"gaussian_blur",526
13.058258,12.560140,8,8,1,8,8,1,27,0,36,"GeForce GTX 1660 SUPER (0)","1","7",,,"gaussian_blur",528
13.070972,4.436570,8,8,1,8,8,1,40,72,0,"GeForce GTX 1660 SUPER (0)","1","7",,,"sobel",530
13.075513,4.446747,8,8,1,8,8,1,40,72,0,"GeForce GTX 1660 SUPER (0)","1","7",,,"sobel",532
13.080159,0.526650,16,1,1,1024,1,1,16,0,0,"GeForce GTX 1660 SUPER (0)","1","7",,,"maximum",536
13.080778,0.522586,16,1,1,1024,1,1,16,0,0,"GeForce GTX 1660 SUPER (0)","1","7",,,"minimum",540
13.081370,1.072437,16,1,1,1024,1,1,17,0,0,"GeForce GTX 1660 SUPER (0)","1","7",,,"extend",542
13.082562,1.197755,16,1,1,1024,1,1,16,0,0,"GeForce GTX 1660 SUPER (0)","1","7",,,"unsharpen",544
13.083910,1.481033,16,1,1,1024,1,1,16,0,0,"GeForce GTX 1660 SUPER (0)","1","7",,,"combine",546
13.085558,1.479241,16,1,1,1024,1,1,16,0,0,"GeForce GTX 1660 SUPER (0)","1","7",,,"combine",548
13.087073,,,,,,,,,,,,,,"PC 0x6f8893de","0x7fb032000000","[Unified Memory CPU page faults]",
13.087135,0.000992,,,,,,,,,,"GeForce GTX 1660 SUPER (0)",,,4096.000000,"0x7fb032000000","[Unified Memory Memcpy DtoH]",
13.087136,0.005504,,,,,,,,,,"GeForce GTX 1660 SUPER (0)",,,61440.000000,"0x7fb032001000","[Unified Memory Memcpy DtoH]",
13.193383,0.000960,16,1,1,1024,1,1,16,0,0,"GeForce GTX 1660 SUPER (0)","1","7",,,"reset",561
13.193551,0.000832,8,8,1,8,8,1,16,0,0,"GeForce GTX 1660 SUPER (0)","1","7",,,"reset",563
13.193689,12.576492,8,8,1,8,8,1,27,0,36,"GeForce GTX 1660 SUPER (0)","1","7",,,"gaussian_blur",565
13.193690,0.084292,,,,,,,,,,"GeForce GTX 1660 SUPER (0)",,,"22","0x7fb037800000","[Unified Memory GPU page faults]",
13.193760,0.001344,,,,,,,,,,"GeForce GTX 1660 SUPER (0)",,,4096.000000,"0x7fb037800000","[Unified Memory Memcpy HtoD]",
13.193761,0.005664,,,,,,,,,,"GeForce GTX 1660 SUPER (0)",,,61440.000000,"0x7fb037801000","[Unified Memory Memcpy HtoD]",
13.206548,20.280841,8,8,1,8,8,1,27,0,100,"GeForce GTX 1660 SUPER (0)","1","7",,,"gaussian_blur",567
13.227052,12.563692,8,8,1,8,8,1,27,0,36,"GeForce GTX 1660 SUPER (0)","1","7",,,"gaussian_blur",569
13.239789,4.408378,8,8,1,8,8,1,40,72,0,"GeForce GTX 1660 SUPER (0)","1","7",,,"sobel",571
13.244430,4.418330,8,8,1,8,8,1,40,72,0,"GeForce GTX 1660 SUPER (0)","1","7",,,"sobel",573
13.249156,0.531290,16,1,1,1024,1,1,16,0,0,"GeForce GTX 1660 SUPER (0)","1","7",,,"maximum",577
13.249851,0.531419,16,1,1,1024,1,1,16,0,0,"GeForce GTX 1660 SUPER (0)","1","7",,,"minimum",581
13.250507,1.069621,16,1,1,1024,1,1,17,0,0,"GeForce GTX 1660 SUPER (0)","1","7",,,"extend",583
13.251694,1.155385,16,1,1,1024,1,1,16,0,0,"GeForce GTX 1660 SUPER (0)","1","7",,,"unsharpen",585
13.252948,1.497514,16,1,1,1024,1,1,16,0,0,"GeForce GTX 1660 SUPER (0)","1","7",,,"combine",587
13.254556,1.447207,16,1,1,1024,1,1,16,0,0,"GeForce GTX 1660 SUPER (0)","1","7",,,"combine",589
13.256039,,,,,,,,,,,,,,"PC 0x6f8893de","0x7fb032000000","[Unified Memory CPU page faults]",
13.256105,0.000928,,,,,,,,,,"GeForce GTX 1660 SUPER (0)",,,4096.000000,"0x7fb032000000","[Unified Memory Memcpy DtoH]",
13.256106,0.005408,,,,,,,,,,"GeForce GTX 1660 SUPER (0)",,,61440.000000,"0x7fb032001000","[Unified Memory Memcpy DtoH]",
13.484467,0.000864,16,1,1,1024,1,1,16,0,0,"GeForce GTX 1660 SUPER (0)","1","7",,,"reset",602
13.484613,0.000768,8,8,1,8,8,1,16,0,0,"GeForce GTX 1660 SUPER (0)","1","7",,,"reset",604
13.484734,11.297133,8,8,1,8,8,1,27,0,36,"GeForce GTX 1660 SUPER (0)","1","7",,,"gaussian_blur",606
13.484735,0.094693,,,,,,,,,,"GeForce GTX 1660 SUPER (0)",,,"22","0x7fb037800000","[Unified Memory GPU page faults]",
13.484814,0.001280,,,,,,,,,,"GeForce GTX 1660 SUPER (0)",,,4096.000000,"0x7fb037800000","[Unified Memory Memcpy HtoD]",
13.484815,0.005632,,,,,,,,,,"GeForce GTX 1660 SUPER (0)",,,61440.000000,"0x7fb037801000","[Unified Memory Memcpy HtoD]",
13.496247,18.464463,8,8,1,8,8,1,27,0,100,"GeForce GTX 1660 SUPER (0)","1","7",,,"gaussian_blur",608
13.514988,10.886457,8,8,1,8,8,1,27,0,36,"GeForce GTX 1660 SUPER (0)","1","7",,,"gaussian_blur",610
13.526039,4.107562,8,8,1,8,8,1,40,72,0,"GeForce GTX 1660 SUPER (0)","1","7",,,"sobel",612
13.530235,4.115307,8,8,1,8,8,1,40,72,0,"GeForce GTX 1660 SUPER (0)","1","7",,,"sobel",614
13.534483,0.509497,16,1,1,1024,1,1,16,0,0,"GeForce GTX 1660 SUPER (0)","1","7",,,"maximum",618
13.535096,0.489849,16,1,1,1024,1,1,16,0,0,"GeForce GTX 1660 SUPER (0)","1","7",,,"minimum",622
13.537622,1.009490,16,1,1,1024,1,1,17,0,0,"GeForce GTX 1660 SUPER (0)","1","7",,,"extend",624
13.538761,1.150041,16,1,1,1024,1,1,16,0,0,"GeForce GTX 1660 SUPER (0)","1","7",,,"unsharpen",626
13.540003,1.441576,16,1,1,1024,1,1,16,0,0,"GeForce GTX 1660 SUPER (0)","1","7",,,"combine",628
13.541527,1.438727,16,1,1,1024,1,1,16,0,0,"GeForce GTX 1660 SUPER (0)","1","7",,,"combine",630
13.542975,,,,,,,,,,,,,,"PC 0x6f8893de","0x7fb032000000","[Unified Memory CPU page faults]",
13.543039,0.000928,,,,,,,,,,"GeForce GTX 1660 SUPER (0)",,,4096.000000,"0x7fb032000000","[Unified Memory Memcpy DtoH]",
13.543040,0.005409,,,,,,,,,,"GeForce GTX 1660 SUPER (0)",,,61440.000000,"0x7fb032001000","[Unified Memory Memcpy DtoH]",
13.657102,0.000800,16,1,1,1024,1,1,16,0,0,"GeForce GTX 1660 SUPER (0)","1","7",,,"reset",643
13.657350,0.000736,8,8,1,8,8,1,16,0,0,"GeForce GTX 1660 SUPER (0)","1","7",,,"reset",645
13.657498,11.737763,8,8,1,8,8,1,27,0,36,"GeForce GTX 1660 SUPER (0)","1","7",,,"gaussian_blur",647
13.657499,0.149640,,,,,,,,,,"GeForce GTX 1660 SUPER (0)",,,"22","0x7fb037800000","[Unified Memory GPU page faults]",
13.657624,0.001280,,,,,,,,,,"GeForce GTX 1660 SUPER (0)",,,4096.000000,"0x7fb037800000","[Unified Memory Memcpy HtoD]",
13.657625,0.006144,,,,,,,,,,"GeForce GTX 1660 SUPER (0)",,,61440.000000,"0x7fb037801000","[Unified Memory Memcpy HtoD]",
13.677390,17.700073,8,8,1,8,8,1,27,0,100,"GeForce GTX 1660 SUPER (0)","1","7",,,"gaussian_blur",649
13.695352,11.149414,8,8,1,8,8,1,27,0,36,"GeForce GTX 1660 SUPER (0)","1","7",,,"gaussian_blur",651
13.706742,4.060168,8,8,1,8,8,1,40,72,0,"GeForce GTX 1660 SUPER (0)","1","7",,,"sobel",653
13.711057,4.075945,8,8,1,8,8,1,40,72,0,"GeForce GTX 1660 SUPER (0)","1","7",,,"sobel",655
13.715469,0.507257,16,1,1,1024,1,1,16,0,0,"GeForce GTX 1660 SUPER (0)","1","7",,,"maximum",659
13.716120,0.503737,16,1,1,1024,1,1,16,0,0,"GeForce GTX 1660 SUPER (0)","1","7",,,"minimum",663
13.716717,1.016466,16,1,1,1024,1,1,17,0,0,"GeForce GTX 1660 SUPER (0)","1","7",,,"extend",665
13.717851,1.182074,16,1,1,1024,1,1,16,0,0,"GeForce GTX 1660 SUPER (0)","1","7",,,"unsharpen",667
13.719126,1.448872,16,1,1,1024,1,1,16,0,0,"GeForce GTX 1660 SUPER (0)","1","7",,,"combine",669
13.720671,1.421894,16,1,1,1024,1,1,16,0,0,"GeForce GTX 1660 SUPER (0)","1","7",,,"combine",671
13.722148,,,,,,,,,,,,,,"PC 0x6f8893de","0x7fb032000000","[Unified Memory CPU page faults]",
13.722223,0.000928,,,,,,,,,,"GeForce GTX 1660 SUPER (0)",,,4096.000000,"0x7fb032000000","[Unified Memory Memcpy DtoH]",
13.722224,0.005377,,,,,,,,,,"GeForce GTX 1660 SUPER (0)",,,61440.000000,"0x7fb032001000","[Unified Memory Memcpy DtoH]",
13.805210,0.000832,16,1,1,1024,1,1,16,0,0,"GeForce GTX 1660 SUPER (0)","1","7",,,"reset",684
13.805432,0.000768,8,8,1,8,8,1,16,0,0,"GeForce GTX 1660 SUPER (0)","1","7",,,"reset",686
13.805570,11.316686,8,8,1,8,8,1,27,0,36,"GeForce GTX 1660 SUPER (0)","1","7",,,"gaussian_blur",688
13.805571,0.118053,,,,,,,,,,"GeForce GTX 1660 SUPER (0)",,,"22","0x7fb037800000","[Unified Memory GPU page faults]",
13.805667,0.001281,,,,,,,,,,"GeForce GTX 1660 SUPER (0)",,,4096.000000,"0x7fb037800000","[Unified Memory Memcpy HtoD]",
13.805669,0.005696,,,,,,,,,,"GeForce GTX 1660 SUPER (0)",,,61440.000000,"0x7fb037801000","[Unified Memory Memcpy HtoD]",
13.817152,18.430637,8,8,1,8,8,1,27,0,100,"GeForce GTX 1660 SUPER (0)","1","7",,,"gaussian_blur",690
13.835848,11.532025,8,8,1,8,8,1,27,0,36,"GeForce GTX 1660 SUPER (0)","1","7",,,"gaussian_blur",692
13.847619,4.106538,8,8,1,8,8,1,40,72,0,"GeForce GTX 1660 SUPER (0)","1","7",,,"sobel",694
13.851905,4.116171,8,8,1,8,8,1,40,72,0,"GeForce GTX 1660 SUPER (0)","1","7",,,"sobel",696
13.856169,0.512153,16,1,1,1024,1,1,16,0,0,"GeForce GTX 1660 SUPER (0)","1","7",,,"maximum",700
13.856769,0.497881,16,1,1,1024,1,1,16,0,0,"GeForce GTX 1660 SUPER (0)","1","7",,,"minimum",704
13.857327,1.011794,16,1,1,1024,1,1,17,0,0,"GeForce GTX 1660 SUPER (0)","1","7",,,"extend",706
13.858411,1.167194,16,1,1,1024,1,1,16,0,0,"GeForce GTX 1660 SUPER (0)","1","7",,,"unsharpen",708
13.859639,1.489577,16,1,1,1024,1,1,16,0,0,"GeForce GTX 1660 SUPER (0)","1","7",,,"combine",710
13.861184,1.419174,16,1,1,1024,1,1,16,0,0,"GeForce GTX 1660 SUPER (0)","1","7",,,"combine",712
13.862605,,,,,,,,,,,,,,"PC 0x6f8893de","0x7fb032000000","[Unified Memory CPU page faults]",
13.862672,0.000896,,,,,,,,,,"GeForce GTX 1660 SUPER (0)",,,4096.000000,"0x7fb032000000","[Unified Memory Memcpy DtoH]",
13.862673,0.005409,,,,,,,,,,"GeForce GTX 1660 SUPER (0)",,,61440.000000,"0x7fb032001000","[Unified Memory Memcpy DtoH]",
13.973875,0.000800,16,1,1,1024,1,1,16,0,0,"GeForce GTX 1660 SUPER (0)","1","7",,,"reset",725
13.973988,0.000768,8,8,1,8,8,1,16,0,0,"GeForce GTX 1660 SUPER (0)","1","7",,,"reset",727
13.974095,11.949869,8,8,1,8,8,1,27,0,36,"GeForce GTX 1660 SUPER (0)","1","7",,,"gaussian_blur",729
13.974096,0.116102,,,,,,,,,,"GeForce GTX 1660 SUPER (0)",,,"22","0x7fb037800000","[Unified Memory GPU page faults]",
13.974192,0.001280,,,,,,,,,,"GeForce GTX 1660 SUPER (0)",,,4096.000000,"0x7fb037800000","[Unified Memory Memcpy HtoD]",
13.974193,0.005600,,,,,,,,,,"GeForce GTX 1660 SUPER (0)",,,61440.000000,"0x7fb037801000","[Unified Memory Memcpy HtoD]",
13.986264,18.405548,8,8,1,8,8,1,27,0,100,"GeForce GTX 1660 SUPER (0)","1","7",,,"gaussian_blur",731
14.004906,11.563066,8,8,1,8,8,1,27,0,36,"GeForce GTX 1660 SUPER (0)","1","7",,,"gaussian_blur",733
14.016649,4.067689,8,8,1,8,8,1,40,72,0,"GeForce GTX 1660 SUPER (0)","1","7",,,"sobel",735
14.020823,4.067625,8,8,1,8,8,1,40,72,0,"GeForce GTX 1660 SUPER (0)","1","7",,,"sobel",737
14.025027,0.506969,16,1,1,1024,1,1,16,0,0,"GeForce GTX 1660 SUPER (0)","1","7",,,"maximum",741
14.025619,0.495385,16,1,1,1024,1,1,16,0,0,"GeForce GTX 1660 SUPER (0)","1","7",,,"minimum",745
14.026170,1.012402,16,1,1,1024,1,1,17,0,0,"GeForce GTX 1660 SUPER (0)","1","7",,,"extend",747
14.027241,1.172794,16,1,1,1024,1,1,16,0,0,"GeForce GTX 1660 SUPER (0)","1","7",,,"unsharpen",749
14.028467,1.461096,16,1,1,1024,1,1,16,0,0,"GeForce GTX 1660 SUPER (0)","1","7",,,"combine",751
14.029995,1.469993,16,1,1,1024,1,1,16,0,0,"GeForce GTX 1660 SUPER (0)","1","7",,,"combine",753
14.031472,,,,,,,,,,,,,,"PC 0x6f8893de","0x7fb032000000","[Unified Memory CPU page faults]",
14.031540,0.000928,,,,,,,,,,"GeForce GTX 1660 SUPER (0)",,,4096.000000,"0x7fb032000000","[Unified Memory Memcpy DtoH]",
14.031541,0.005344,,,,,,,,,,"GeForce GTX 1660 SUPER (0)",,,61440.000000,"0x7fb032001000","[Unified Memory Memcpy DtoH]",
14.146997,0.000832,16,1,1,1024,1,1,16,0,0,"GeForce GTX 1660 SUPER (0)","1","7",,,"reset",766
14.147213,0.000736,8,8,1,8,8,1,16,0,0,"GeForce GTX 1660 SUPER (0)","1","7",,,"reset",768
14.147414,11.419347,8,8,1,8,8,1,27,0,36,"GeForce GTX 1660 SUPER (0)","1","7",,,"gaussian_blur",770
14.147415,0.115045,,,,,,,,,,"GeForce GTX 1660 SUPER (0)",,,"22","0x7fb037800000","[Unified Memory GPU page faults]",
14.147513,0.001312,,,,,,,,,,"GeForce GTX 1660 SUPER (0)",,,4096.000000,"0x7fb037800000","[Unified Memory Memcpy HtoD]",
14.147514,0.006081,,,,,,,,,,"GeForce GTX 1660 SUPER (0)",,,61440.000000,"0x7fb037801000","[Unified Memory Memcpy HtoD]",
14.159221,18.431245,8,8,1,8,8,1,27,0,100,"GeForce GTX 1660 SUPER (0)","1","7",,,"gaussian_blur",772
14.177945,11.293549,8,8,1,8,8,1,27,0,36,"GeForce GTX 1660 SUPER (0)","1","7",,,"gaussian_blur",774
14.189504,4.096618,8,8,1,8,8,1,40,72,0,"GeForce GTX 1660 SUPER (0)","1","7",,,"sobel",776
14.193725,4.105547,8,8,1,8,8,1,40,72,0,"GeForce GTX 1660 SUPER (0)","1","7",,,"sobel",778
14.198902,0.507737,16,1,1,1024,1,1,16,0,0,"GeForce GTX 1660 SUPER (0)","1","7",,,"maximum",782
14.199617,0.497784,16,1,1,1024,1,1,16,0,0,"GeForce GTX 1660 SUPER (0)","1","7",,,"minimum",786
14.200238,1.010322,16,1,1,1024,1,1,17,0,0,"GeForce GTX 1660 SUPER (0)","1","7",,,"extend",788
14.201379,1.190522,16,1,1,1024,1,1,16,0,0,"GeForce GTX 1660 SUPER (0)","1","7",,,"unsharpen",790
14.202663,1.440231,16,1,1,1024,1,1,16,0,0,"GeForce GTX 1660 SUPER (0)","1","7",,,"combine",792
14.204189,1.427431,16,1,1,1024,1,1,16,0,0,"GeForce GTX 1660 SUPER (0)","1","7",,,"combine",794
14.205630,,,,,,,,,,,,,,"PC 0x6f8893de","0x7fb032000000","[Unified Memory CPU page faults]",
14.205706,0.000928,,,,,,,,,,"GeForce GTX 1660 SUPER (0)",,,4096.000000,"0x7fb032000000","[Unified Memory Memcpy DtoH]",
14.205707,0.005376,,,,,,,,,,"GeForce GTX 1660 SUPER (0)",,,61440.000000,"0x7fb032001000","[Unified Memory Memcpy DtoH]",
14.321120,0.000832,16,1,1,1024,1,1,16,0,0,"GeForce GTX 1660 SUPER (0)","1","7",,,"reset",807
14.321337,0.000768,8,8,1,8,8,1,16,0,0,"GeForce GTX 1660 SUPER (0)","1","7",,,"reset",809
14.321481,11.276140,8,8,1,8,8,1,27,0,36,"GeForce GTX 1660 SUPER (0)","1","7",,,"gaussian_blur",811
14.321482,0.086500,,,,,,,,,,"GeForce GTX 1660 SUPER (0)",,,"22","0x7fb037800000","[Unified Memory GPU page faults]",
14.321549,0.001249,,,,,,,,,,"GeForce GTX 1660 SUPER (0)",,,4096.000000,"0x7fb037800000","[Unified Memory Memcpy HtoD]",
14.321551,0.005632,,,,,,,,,,"GeForce GTX 1660 SUPER (0)",,,61440.000000,"0x7fb037801000","[Unified Memory Memcpy HtoD]",
14.333099,18.101853,8,8,1,8,8,1,27,0,100,"GeForce GTX 1660 SUPER (0)","1","7",,,"gaussian_blur",813
14.351497,11.443764,8,8,1,8,8,1,27,0,36,"GeForce GTX 1660 SUPER (0)","1","7",,,"gaussian_blur",815
14.363269,4.062505,8,8,1,8,8,1,40,72,0,"GeForce GTX 1660 SUPER (0)","1","7",,,"sobel",817
14.367516,4.057992,8,8,1,8,8,1,40,72,0,"GeForce GTX 1660 SUPER (0)","1","7",,,"sobel",819
14.372076,0.502617,16,1,1,1024,1,1,16,0,0,"GeForce GTX 1660 SUPER (0)","1","7",,,"maximum",823
14.376786,0.501593,16,1,1,1024,1,1,16,0,0,"GeForce GTX 1660 SUPER (0)","1","7",,,"minimum",827
14.377529,1.006994,16,1,1,1024,1,1,17,0,0,"GeForce GTX 1660 SUPER (0)","1","7",,,"extend",829
14.378659,1.173818,16,1,1,1024,1,1,16,0,0,"GeForce GTX 1660 SUPER (0)","1","7",,,"unsharpen",831
14.379993,1.495978,16,1,1,1024,1,1,16,0,0,"GeForce GTX 1660 SUPER (0)","1","7",,,"combine",833
14.381596,1.427910,16,1,1,1024,1,1,16,0,0,"GeForce GTX 1660 SUPER (0)","1","7",,,"combine",835
14.383117,,,,,,,,,,,,,,"PC 0x6f8893de","0x7fb032000000","[Unified Memory CPU page faults]",
14.383204,0.000992,,,,,,,,,,"GeForce GTX 1660 SUPER (0)",,,4096.000000,"0x7fb032000000","[Unified Memory Memcpy DtoH]",
14.383205,0.005920,,,,,,,,,,"GeForce GTX 1660 SUPER (0)",,,61440.000000,"0x7fb032001000","[Unified Memory Memcpy DtoH]",
14.520730,0.000800,16,1,1,1024,1,1,16,0,0,"GeForce GTX 1660 SUPER (0)","1","7",,,"reset",848
14.520886,0.000736,8,8,1,8,8,1,16,0,0,"GeForce GTX 1660 SUPER (0)","1","7",,,"reset",850
14.521025,11.451541,8,8,1,8,8,1,27,0,36,"GeForce GTX 1660 SUPER (0)","1","7",,,"gaussian_blur",852
14.521025,0.110342,,,,,,,,,,"GeForce GTX 1660 SUPER (0)",,,"22","0x7fb037800000","[Unified Memory GPU page faults]",
14.521118,0.001280,,,,,,,,,,"GeForce GTX 1660 SUPER (0)",,,4096.000000,"0x7fb037800000","[Unified Memory Memcpy HtoD]",
14.521119,0.005664,,,,,,,,,,"GeForce GTX 1660 SUPER (0)",,,61440.000000,"0x7fb037801000","[Unified Memory Memcpy HtoD]",
14.532730,18.486032,8,8,1,8,8,1,27,0,100,"GeForce GTX 1660 SUPER (0)","1","7",,,"gaussian_blur",854
14.551395,11.419475,8,8,1,8,8,1,27,0,36,"GeForce GTX 1660 SUPER (0)","1","7",,,"gaussian_blur",856
14.562963,4.104043,8,8,1,8,8,1,40,72,0,"GeForce GTX 1660 SUPER (0)","1","7",,,"sobel",858
14.567221,4.111915,8,8,1,8,8,1,40,72,0,"GeForce GTX 1660 SUPER (0)","1","7",,,"sobel",860
14.571581,0.511258,16,1,1,1024,1,1,16,0,0,"GeForce GTX 1660 SUPER (0)","1","7",,,"maximum",864
14.572238,0.495704,16,1,1,1024,1,1,16,0,0,"GeForce GTX 1660 SUPER (0)","1","7",,,"minimum",868
14.572807,1.011218,16,1,1,1024,1,1,17,0,0,"GeForce GTX 1660 SUPER (0)","1","7",,,"extend",870
14.573921,1.149048,16,1,1,1024,1,1,16,0,0,"GeForce GTX 1660 SUPER (0)","1","7",,,"unsharpen",872
14.575175,1.466632,16,1,1,1024,1,1,16,0,0,"GeForce GTX 1660 SUPER (0)","1","7",,,"combine",874
14.576726,1.397509,16,1,1,1024,1,1,16,0,0,"GeForce GTX 1660 SUPER (0)","1","7",,,"combine",876
14.578215,,,,,,,,,,,,,,"PC 0x6f8893de","0x7fb032000000","[Unified Memory CPU page faults]",
14.578303,0.000928,,,,,,,,,,"GeForce GTX 1660 SUPER (0)",,,4096.000000,"0x7fb032000000","[Unified Memory Memcpy DtoH]",
14.578304,0.006048,,,,,,,,,,"GeForce GTX 1660 SUPER (0)",,,61440.000000,"0x7fb032001000","[Unified Memory Memcpy DtoH]",
14.690854,0.000832,16,1,1,1024,1,1,16,0,0,"GeForce GTX 1660 SUPER (0)","1","7",,,"reset",889
14.691072,0.000736,8,8,1,8,8,1,16,0,0,"GeForce GTX 1660 SUPER (0)","1","7",,,"reset",891
14.691249,11.336208,8,8,1,8,8,1,27,0,36,"GeForce GTX 1660 SUPER (0)","1","7",,,"gaussian_blur",893
14.691250,0.114565,,,,,,,,,,"GeForce GTX 1660 SUPER (0)",,,"22","0x7fb037800000","[Unified Memory GPU page faults]",
14.691345,0.001280,,,,,,,,,,"GeForce GTX 1660 SUPER (0)",,,4096.000000,"0x7fb037800000","[Unified Memory Memcpy HtoD]",
14.691346,0.006785,,,,,,,,,,"GeForce GTX 1660 SUPER (0)",,,61440.000000,"0x7fb037801000","[Unified Memory Memcpy HtoD]",
14.702826,18.164896,8,8,1,8,8,1,27,0,100,"GeForce GTX 1660 SUPER (0)","1","7",,,"gaussian_blur",895
14.721236,11.558298,8,8,1,8,8,1,27,0,36,"GeForce GTX 1660 SUPER (0)","1","7",,,"gaussian_blur",897
14.733000,4.067529,8,8,1,8,8,1,40,72,0,"GeForce GTX 1660 SUPER (0)","1","7",,,"sobel",899
14.737220,4.081482,8,8,1,8,8,1,40,72,0,"GeForce GTX 1660 SUPER (0)","1","7",,,"sobel",901
14.741500,0.503865,16,1,1,1024,1,1,16,0,0,"GeForce GTX 1660 SUPER (0)","1","7",,,"maximum",905
14.742138,0.499000,16,1,1,1024,1,1,16,0,0,"GeForce GTX 1660 SUPER (0)","1","7",,,"minimum",909
14.742721,1.010513,16,1,1,1024,1,1,17,0,0,"GeForce GTX 1660 SUPER (0)","1","7",,,"extend",911
14.743833,1.157978,16,1,1,1024,1,1,16,0,0,"GeForce GTX 1660 SUPER (0)","1","7",,,"unsharpen",913
14.745082,1.488425,16,1,1,1024,1,1,16,0,0,"GeForce GTX 1660 SUPER (0)","1","7",,,"combine",915
14.746662,1.453736,16,1,1,1024,1,1,16,0,0,"GeForce GTX 1660 SUPER (0)","1","7",,,"combine",917
14.748140,,,,,,,,,,,,,,"PC 0x6f8893de","0x7fb032000000","[Unified Memory CPU page faults]",
14.748223,0.000896,,,,,,,,,,"GeForce GTX 1660 SUPER (0)",,,4096.000000,"0x7fb032000000","[Unified Memory Memcpy DtoH]",
14.748223,0.005376,,,,,,,,,,"GeForce GTX 1660 SUPER (0)",,,61440.000000,"0x7fb032001000","[Unified Memory Memcpy DtoH]",
14.855381,0.000832,16,1,1,1024,1,1,16,0,0,"GeForce GTX 1660 SUPER (0)","1","7",,,"reset",930
14.855571,0.000768,8,8,1,8,8,1,16,0,0,"GeForce GTX 1660 SUPER (0)","1","7",,,"reset",932
14.855728,11.538169,8,8,1,8,8,1,27,0,36,"GeForce GTX 1660 SUPER (0)","1","7",,,"gaussian_blur",934
14.855728,0.122566,,,,,,,,,,"GeForce GTX 1660 SUPER (0)",,,"22","0x7fb037800000","[Unified Memory GPU page faults]",
14.855829,0.001280,,,,,,,,,,"GeForce GTX 1660 SUPER (0)",,,4096.000000,"0x7fb037800000","[Unified Memory Memcpy HtoD]",
14.855830,0.006016,,,,,,,,,,"GeForce GTX 1660 SUPER (0)",,,61440.000000,"0x7fb037801000","[Unified Memory Memcpy HtoD]",
14.867504,18.396747,8,8,1,8,8,1,27,0,100,"GeForce GTX 1660 SUPER (0)","1","7",,,"gaussian_blur",936
14.886209,11.546841,8,8,1,8,8,1,27,0,36,"GeForce GTX 1660 SUPER (0)","1","7",,,"gaussian_blur",938
14.898064,4.100651,8,8,1,8,8,1,40,72,0,"GeForce GTX 1660 SUPER (0)","1","7",,,"sobel",940
14.902360,4.101771,8,8,1,8,8,1,40,72,0,"GeForce GTX 1660 SUPER (0)","1","7",,,"sobel",942
14.906722,0.512953,16,1,1,1024,1,1,16,0,0,"GeForce GTX 1660 SUPER (0)","1","7",,,"maximum",946
14.907442,0.504537,16,1,1,1024,1,1,16,0,0,"GeForce GTX 1660 SUPER (0)","1","7",,,"minimum",950
14.908051,1.017298,16,1,1,1024,1,1,17,0,0,"GeForce GTX 1660 SUPER (0)","1","7",,,"extend",952
14.909146,1.167226,16,1,1,1024,1,1,16,0,0,"GeForce GTX 1660 SUPER (0)","1","7",,,"unsharpen",954
14.910361,1.498986,16,1,1,1024,1,1,16,0,0,"GeForce GTX 1660 SUPER (0)","1","7",,,"combine",956
14.911903,1.467593,16,1,1,1024,1,1,16,0,0,"GeForce GTX 1660 SUPER (0)","1","7",,,"combine",958
14.913396,,,,,,,,,,,,,,"PC 0x6f8893de","0x7fb032000000","[Unified Memory CPU page faults]",
14.913475,0.000928,,,,,,,,,,"GeForce GTX 1660 SUPER (0)",,,4096.000000,"0x7fb032000000","[Unified Memory Memcpy DtoH]",
14.913476,0.005408,,,,,,,,,,"GeForce GTX 1660 SUPER (0)",,,61440.000000,"0x7fb032001000","[Unified Memory Memcpy DtoH]",
15.010984,0.000800,16,1,1,1024,1,1,16,0,0,"GeForce GTX 1660 SUPER (0)","1","7",,,"reset",971
15.011193,0.000768,8,8,1,8,8,1,16,0,0,"GeForce GTX 1660 SUPER (0)","1","7",,,"reset",973
15.011361,11.903788,8,8,1,8,8,1,27,0,36,"GeForce GTX 1660 SUPER (0)","1","7",,,"gaussian_blur",975
15.011362,0.129607,,,,,,,,,,"GeForce GTX 1660 SUPER (0)",,,"22","0x7fb037800000","[Unified Memory GPU page faults]",
15.011469,0.001568,,,,,,,,,,"GeForce GTX 1660 SUPER (0)",,,4096.000000,"0x7fb037800000","[Unified Memory Memcpy HtoD]",
15.011470,0.006560,,,,,,,,,,"GeForce GTX 1660 SUPER (0)",,,61440.000000,"0x7fb037801000","[Unified Memory Memcpy HtoD]",
15.023534,17.528705,8,8,1,8,8,1,27,0,100,"GeForce GTX 1660 SUPER (0)","1","7",,,"gaussian_blur",977
15.041314,11.481430,8,8,1,8,8,1,27,0,36,"GeForce GTX 1660 SUPER (0)","1","7",,,"gaussian_blur",979
15.053022,4.076041,8,8,1,8,8,1,40,72,0,"GeForce GTX 1660 SUPER (0)","1","7",,,"sobel",981
15.057232,4.078985,8,8,1,8,8,1,40,72,0,"GeForce GTX 1660 SUPER (0)","1","7",,,"sobel",983
15.061508,0.494040,16,1,1,1024,1,1,16,0,0,"GeForce GTX 1660 SUPER (0)","1","7",,,"maximum",987
15.062146,0.504248,16,1,1,1024,1,1,16,0,0,"GeForce GTX 1660 SUPER (0)","1","7",,,"minimum",991
15.062756,1.010609,16,1,1,1024,1,1,17,0,0,"GeForce GTX 1660 SUPER (0)","1","7",,,"extend",993
15.063862,1.164442,16,1,1,1024,1,1,16,0,0,"GeForce GTX 1660 SUPER (0)","1","7",,,"unsharpen",995
15.065121,1.476297,16,1,1,1024,1,1,16,0,0,"GeForce GTX 1660 SUPER (0)","1","7",,,"combine",997
15.066689,1.459368,16,1,1,1024,1,1,16,0,0,"GeForce GTX 1660 SUPER (0)","1","7",,,"combine",999
15.068162,,,,,,,,,,,,,,"PC 0x6f8893de","0x7fb032000000","[Unified Memory CPU page faults]",
15.068253,0.000928,,,,,,,,,,"GeForce GTX 1660 SUPER (0)",,,4096.000000,"0x7fb032000000","[Unified Memory Memcpy DtoH]",
15.068254,0.005376,,,,,,,,,,"GeForce GTX 1660 SUPER (0)",,,61440.000000,"0x7fb032001000","[Unified Memory Memcpy DtoH]",
15.173005,0.000832,16,1,1,1024,1,1,16,0,0,"GeForce GTX 1660 SUPER (0)","1","7",,,"reset",1012
15.173136,0.000768,8,8,1,8,8,1,16,0,0,"GeForce GTX 1660 SUPER (0)","1","7",,,"reset",1014
15.173225,11.457141,8,8,1,8,8,1,27,0,36,"GeForce GTX 1660 SUPER (0)","1","7",,,"gaussian_blur",1016
15.173226,0.122438,,,,,,,,,,"GeForce GTX 1660 SUPER (0)",,,"22","0x7fb037800000","[Unified Memory GPU page faults]",
15.173329,0.001280,,,,,,,,,,"GeForce GTX 1660 SUPER (0)",,,4096.000000,"0x7fb037800000","[Unified Memory Memcpy HtoD]",
15.173330,0.005696,,,,,,,,,,"GeForce GTX 1660 SUPER (0)",,,61440.000000,"0x7fb037801000","[Unified Memory Memcpy HtoD]",
15.185126,18.433645,8,8,1,8,8,1,27,0,100,"GeForce GTX 1660 SUPER (0)","1","7",,,"gaussian_blur",1018
15.203916,10.942716,8,8,1,8,8,1,27,0,36,"GeForce GTX 1660 SUPER (0)","1","7",,,"gaussian_blur",1020
15.215154,4.089610,8,8,1,8,8,1,40,72,0,"GeForce GTX 1660 SUPER (0)","1","7",,,"sobel",1022
15.219437,4.105418,8,8,1,8,8,1,40,72,0,"GeForce GTX 1660 SUPER (0)","1","7",,,"sobel",1024
15.223713,0.499416,16,1,1,1024,1,1,16,0,0,"GeForce GTX 1660 SUPER (0)","1","7",,,"maximum",1028
15.224286,0.489944,16,1,1,1024,1,1,16,0,0,"GeForce GTX 1660 SUPER (0)","1","7",,,"minimum",1032
15.224828,1.009905,16,1,1,1024,1,1,17,0,0,"GeForce GTX 1660 SUPER (0)","1","7",,,"extend",1034
15.225887,1.172922,16,1,1,1024,1,1,16,0,0,"GeForce GTX 1660 SUPER (0)","1","7",,,"unsharpen",1036
15.227130,1.492426,16,1,1,1024,1,1,16,0,0,"GeForce GTX 1660 SUPER (0)","1","7",,,"combine",1038
15.228673,1.458440,16,1,1,1024,1,1,16,0,0,"GeForce GTX 1660 SUPER (0)","1","7",,,"combine",1040
15.230128,,,,,,,,,,,,,,"PC 0x6f8893de","0x7fb032000000","[Unified Memory CPU page faults]",
15.230212,0.000928,,,,,,,,,,"GeForce GTX 1660 SUPER (0)",,,4096.000000,"0x7fb032000000","[Unified Memory Memcpy DtoH]",
15.230212,0.005408,,,,,,,,,,"GeForce GTX 1660 SUPER (0)",,,61440.000000,"0x7fb032001000","[Unified Memory Memcpy DtoH]",
15.325093,0.000833,16,1,1,1024,1,1,16,0,0,"GeForce GTX 1660 SUPER (0)","1","7",,,"reset",1053
15.325191,0.000736,8,8,1,8,8,1,16,0,0,"GeForce GTX 1660 SUPER (0)","1","7",,,"reset",1055
15.325271,11.386258,8,8,1,8,8,1,27,0,36,"GeForce GTX 1660 SUPER (0)","1","7",,,"gaussian_blur",1057
15.325272,0.100581,,,,,,,,,,"GeForce GTX 1660 SUPER (0)",,,"22","0x7fb037800000","[Unified Memory GPU page faults]",
15.325353,0.001472,,,,,,,,,,"GeForce GTX 1660 SUPER (0)",,,4096.000000,"0x7fb037800000","[Unified Memory Memcpy HtoD]",
15.325355,0.005633,,,,,,,,,,"GeForce GTX 1660 SUPER (0)",,,61440.000000,"0x7fb037801000","[Unified Memory Memcpy HtoD]",
15.336858,18.160288,8,8,1,8,8,1,27,0,100,"GeForce GTX 1660 SUPER (0)","1","7",,,"gaussian_blur",1059
15.361542,11.399923,8,8,1,8,8,1,27,0,36,"GeForce GTX 1660 SUPER (0)","1","7",,,"gaussian_blur",1061
15.373279,4.064169,8,8,1,8,8,1,40,72,0,"GeForce GTX 1660 SUPER (0)","1","7",,,"sobel",1063
15.377639,4.081513,8,8,1,8,8,1,40,72,0,"GeForce GTX 1660 SUPER (0)","1","7",,,"sobel",1065
15.381956,0.505561,16,1,1,1024,1,1,16,0,0,"GeForce GTX 1660 SUPER (0)","1","7",,,"maximum",1069
15.382576,0.492440,16,1,1,1024,1,1,16,0,0,"GeForce GTX 1660 SUPER (0)","1","7",,,"minimum",1073
15.383148,1.010450,16,1,1,1024,1,1,17,0,0,"GeForce GTX 1660 SUPER (0)","1","7",,,"extend",1075
15.384235,1.168730,16,1,1,1024,1,1,16,0,0,"GeForce GTX 1660 SUPER (0)","1","7",,,"unsharpen",1077
15.385475,1.493514,16,1,1,1024,1,1,16,0,0,"GeForce GTX 1660 SUPER (0)","1","7",,,"combine",1079
15.387036,1.451816,16,1,1,1024,1,1,16,0,0,"GeForce GTX 1660 SUPER (0)","1","7",,,"combine",1081
15.388485,,,,,,,,,,,,,,"PC 0x6f8893de","0x7fb032000000","[Unified Memory CPU page faults]",
15.388575,0.000928,,,,,,,,,,"GeForce GTX 1660 SUPER (0)",,,4096.000000,"0x7fb032000000","[Unified Memory Memcpy DtoH]",
15.388576,0.005376,,,,,,,,,,"GeForce GTX 1660 SUPER (0)",,,61440.000000,"0x7fb032001000","[Unified Memory Memcpy DtoH]",
15.508509,0.000832,16,1,1,1024,1,1,16,0,0,"GeForce GTX 1660 SUPER (0)","1","7",,,"reset",1094
15.508626,0.000768,8,8,1,8,8,1,16,0,0,"GeForce GTX 1660 SUPER (0)","1","7",,,"reset",1096
15.508725,11.422547,8,8,1,8,8,1,27,0,36,"GeForce GTX 1660 SUPER (0)","1","7",,,"gaussian_blur",1098
15.508726,0.104869,,,,,,,,,,"GeForce GTX 1660 SUPER (0)",,,"22","0x7fb037800000","[Unified Memory GPU page faults]",
15.508815,0.001280,,,,,,,,,,"GeForce GTX 1660 SUPER (0)",,,4096.000000,"0x7fb037800000","[Unified Memory Memcpy HtoD]",
15.508816,0.005633,,,,,,,,,,"GeForce GTX 1660 SUPER (0)",,,61440.000000,"0x7fb037801000","[Unified Memory Memcpy HtoD]",
15.520552,18.464655,8,8,1,8,8,1,27,0,100,"GeForce GTX 1660 SUPER (0)","1","7",,,"gaussian_blur",1100
15.539204,11.315471,8,8,1,8,8,1,27,0,36,"GeForce GTX 1660 SUPER (0)","1","7",,,"gaussian_blur",1102
15.550665,4.086153,8,8,1,8,8,1,40,72,0,"GeForce GTX 1660 SUPER (0)","1","7",,,"sobel",1104
15.554822,4.102634,8,8,1,8,8,1,40,72,0,"GeForce GTX 1660 SUPER (0)","1","7",,,"sobel",1106
15.559039,0.508793,16,1,1,1024,1,1,16,0,0,"GeForce GTX 1660 SUPER (0)","1","7",,,"maximum",1110
15.559616,0.507545,16,1,1,1024,1,1,16,0,0,"GeForce GTX 1660 SUPER (0)","1","7",,,"minimum",1114
15.560170,1.015634,16,1,1,1024,1,1,17,0,0,"GeForce GTX 1660 SUPER (0)","1","7",,,"extend",1116
15.561233,1.157017,16,1,1,1024,1,1,16,0,0,"GeForce GTX 1660 SUPER (0)","1","7",,,"unsharpen",1118
15.562432,1.496618,16,1,1,1024,1,1,16,0,0,"GeForce GTX 1660 SUPER (0)","1","7",,,"combine",1120
15.563983,1.419686,16,1,1,1024,1,1,16,0,0,"GeForce GTX 1660 SUPER (0)","1","7",,,"combine",1122
15.565385,,,,,,,,,,,,,,"PC 0x6f8893de","0x7fb032000000","[Unified Memory CPU page faults]",
15.565471,0.000928,,,,,,,,,,"GeForce GTX 1660 SUPER (0)",,,4096.000000,"0x7fb032000000","[Unified Memory Memcpy DtoH]",
15.565472,0.005376,,,,,,,,,,"GeForce GTX 1660 SUPER (0)",,,61440.000000,"0x7fb032001000","[Unified Memory Memcpy DtoH]",
15.668922,0.000833,16,1,1,1024,1,1,16,0,0,"GeForce GTX 1660 SUPER (0)","1","7",,,"reset",1135
15.669009,0.000704,8,8,1,8,8,1,16,0,0,"GeForce GTX 1660 SUPER (0)","1","7",,,"reset",1137
15.669091,11.497271,8,8,1,8,8,1,27,0,36,"GeForce GTX 1660 SUPER (0)","1","7",,,"gaussian_blur",1139
15.669092,0.082180,,,,,,,,,,"GeForce GTX 1660 SUPER (0)",,,"22","0x7fb037800000","[Unified Memory GPU page faults]",
15.669161,0.001312,,,,,,,,,,"GeForce GTX 1660 SUPER (0)",,,4096.000000,"0x7fb037800000","[Unified Memory Memcpy HtoD]",
15.669162,0.005664,,,,,,,,,,"GeForce GTX 1660 SUPER (0)",,,61440.000000,"0x7fb037801000","[Unified Memory Memcpy HtoD]",
15.680828,18.117149,8,8,1,8,8,1,27,0,100,"GeForce GTX 1660 SUPER (0)","1","7",,,"gaussian_blur",1141
15.699189,11.390322,8,8,1,8,8,1,27,0,36,"GeForce GTX 1660 SUPER (0)","1","7",,,"gaussian_blur",1143
15.710823,4.077705,8,8,1,8,8,1,40,72,0,"GeForce GTX 1660 SUPER (0)","1","7",,,"sobel",1145
15.715042,4.076137,8,8,1,8,8,1,40,72,0,"GeForce GTX 1660 SUPER (0)","1","7",,,"sobel",1147
15.719249,0.500441,16,1,1,1024,1,1,16,0,0,"GeForce GTX 1660 SUPER (0)","1","7",,,"maximum",1151
15.719823,0.495736,16,1,1,1024,1,1,16,0,0,"GeForce GTX 1660 SUPER (0)","1","7",,,"minimum",1155
15.720365,1.014579,16,1,1,1024,1,1,17,0,0,"GeForce GTX 1660 SUPER (0)","1","7",,,"extend",1157
15.721427,1.168570,16,1,1,1024,1,1,16,0,0,"GeForce GTX 1660 SUPER (0)","1","7",,,"unsharpen",1159
15.722638,1.480009,16,1,1,1024,1,1,16,0,0,"GeForce GTX 1660 SUPER (0)","1","7",,,"combine",1161
15.724178,1.439014,16,1,1,1024,1,1,16,0,0,"GeForce GTX 1660 SUPER (0)","1","7",,,"combine",1163
15.725596,,,,,,,,,,,,,,"PC 0x6f8893de","0x7fb032000000","[Unified Memory CPU page faults]",
15.725685,0.000928,,,,,,,,,,"GeForce GTX 1660 SUPER (0)",,,4096.000000,"0x7fb032000000","[Unified Memory Memcpy DtoH]",
15.725686,0.005377,,,,,,,,,,"GeForce GTX 1660 SUPER (0)",,,61440.000000,"0x7fb032001000","[Unified Memory Memcpy DtoH]",
15.852329,0.000801,16,1,1,1024,1,1,16,0,0,"GeForce GTX 1660 SUPER (0)","1","7",,,"reset",1176
15.852410,0.000737,8,8,1,8,8,1,16,0,0,"GeForce GTX 1660 SUPER (0)","1","7",,,"reset",1178
15.852532,11.503512,8,8,1,8,8,1,27,0,36,"GeForce GTX 1660 SUPER (0)","1","7",,,"gaussian_blur",1180
15.852532,0.093668,,,,,,,,,,"GeForce GTX 1660 SUPER (0)",,,"22","0x7fb037800000","[Unified Memory GPU page faults]",
15.852609,0.001280,,,,,,,,,,"GeForce GTX 1660 SUPER (0)",,,4096.000000,"0x7fb037800000","[Unified Memory Memcpy HtoD]",
15.852610,0.005697,,,,,,,,,,"GeForce GTX 1660 SUPER (0)",,,61440.000000,"0x7fb037801000","[Unified Memory Memcpy HtoD]",
15.864236,18.379402,8,8,1,8,8,1,27,0,100,"GeForce GTX 1660 SUPER (0)","1","7",,,"gaussian_blur",1182
15.882793,11.332175,8,8,1,8,8,1,27,0,36,"GeForce GTX 1660 SUPER (0)","1","7",,,"gaussian_blur",1184
15.894266,4.100234,8,8,1,8,8,1,40,72,0,"GeForce GTX 1660 SUPER (0)","1","7",,,"sobel",1186
15.898453,4.109611,8,8,1,8,8,1,40,72,0,"GeForce GTX 1660 SUPER (0)","1","7",,,"sobel",1188
15.902684,0.496152,16,1,1,1024,1,1,16,0,0,"GeForce GTX 1660 SUPER (0)","1","7",,,"maximum",1192
15.903248,0.494808,16,1,1,1024,1,1,16,0,0,"GeForce GTX 1660 SUPER (0)","1","7",,,"minimum",1196
15.903794,1.009201,16,1,1,1024,1,1,17,0,0,"GeForce GTX 1660 SUPER (0)","1","7",,,"extend",1198
15.904852,1.187898,16,1,1,1024,1,1,16,0,0,"GeForce GTX 1660 SUPER (0)","1","7",,,"unsharpen",1200
15.906100,1.497930,16,1,1,1024,1,1,16,0,0,"GeForce GTX 1660 SUPER (0)","1","7",,,"combine",1202
15.907711,1.417830,16,1,1,1024,1,1,16,0,0,"GeForce GTX 1660 SUPER (0)","1","7",,,"combine",1204
15.909163,,,,,,,,,,,,,,"PC 0x6f8893de","0x7fb032000000","[Unified Memory CPU page faults]",
15.909272,0.000960,,,,,,,,,,"GeForce GTX 1660 SUPER (0)",,,4096.000000,"0x7fb032000000","[Unified Memory Memcpy DtoH]",
15.909273,0.006560,,,,,,,,,,"GeForce GTX 1660 SUPER (0)",,,61440.000000,"0x7fb032001000","[Unified Memory Memcpy DtoH]",
16.019662,0.000800,16,1,1,1024,1,1,16,0,0,"GeForce GTX 1660 SUPER (0)","1","7",,,"reset",1217
16.019832,0.000704,8,8,1,8,8,1,16,0,0,"GeForce GTX 1660 SUPER (0)","1","7",,,"reset",1219
16.019968,11.486838,8,8,1,8,8,1,27,0,36,"GeForce GTX 1660 SUPER (0)","1","7",,,"gaussian_blur",1221
16.019969,0.163848,,,,,,,,,,"GeForce GTX 1660 SUPER (0)",,,"22","0x7fb037800000","[Unified Memory GPU page faults]",
16.020104,0.001504,,,,,,,,,,"GeForce GTX 1660 SUPER (0)",,,4096.000000,"0x7fb037800000","[Unified Memory Memcpy HtoD]",
16.020106,0.006784,,,,,,,,,,"GeForce GTX 1660 SUPER (0)",,,61440.000000,"0x7fb037801000","[Unified Memory Memcpy HtoD]",
16.031845,18.445741,8,8,1,8,8,1,27,0,100,"GeForce GTX 1660 SUPER (0)","1","7",,,"gaussian_blur",1223
16.050531,11.216073,8,8,1,8,8,1,27,0,36,"GeForce GTX 1660 SUPER (0)","1","7",,,"gaussian_blur",1225
16.061942,4.068649,8,8,1,8,8,1,40,72,0,"GeForce GTX 1660 SUPER (0)","1","7",,,"sobel",1227
16.066276,4.077481,8,8,1,8,8,1,40,72,0,"GeForce GTX 1660 SUPER (0)","1","7",,,"sobel",1229
16.070567,0.506873,16,1,1,1024,1,1,16,0,0,"GeForce GTX 1660 SUPER (0)","1","7",,,"maximum",1233
16.071228,0.501689,16,1,1,1024,1,1,16,0,0,"GeForce GTX 1660 SUPER (0)","1","7",,,"minimum",1237
16.071809,1.007441,16,1,1,1024,1,1,17,0,0,"GeForce GTX 1660 SUPER (0)","1","7",,,"extend",1239
16.072897,1.173722,16,1,1,1024,1,1,16,0,0,"GeForce GTX 1660 SUPER (0)","1","7",,,"unsharpen",1241
16.074147,1.485033,16,1,1,1024,1,1,16,0,0,"GeForce GTX 1660 SUPER (0)","1","7",,,"combine",1243
16.075709,1.471720,16,1,1,1024,1,1,16,0,0,"GeForce GTX 1660 SUPER (0)","1","7",,,"combine",1245
16.077189,,,,,,,,,,,,,,"PC 0x6f8893de","0x7fb032000000","[Unified Memory CPU page faults]",
16.077287,0.000960,,,,,,,,,,"GeForce GTX 1660 SUPER (0)",,,4096.000000,"0x7fb032000000","[Unified Memory Memcpy DtoH]",
16.077288,0.005376,,,,,,,,,,"GeForce GTX 1660 SUPER (0)",,,61440.000000,"0x7fb032001000","[Unified Memory Memcpy DtoH]",
