==23164== NVPROF is profiling process 23164, command: java -classpath /gpfs/workdir/ramallie/graalvm-ce-java8-20.0.0/lib/installer/launcher-common.jar:/gpfs/workdir/ramallie/graalvm-ce-java8-20.0.0/jre/lib/graalvm/graalpython-launcher.jar -XX:MaxHeapSize=140G com.oracle.graal.python.shell.GraalPythonMain --p
==23164== Profiling application: java -classpath /gpfs/workdir/ramallie/graalvm-ce-java8-20.0.0/lib/installer/launcher-common.jar:/gpfs/workdir/ramallie/graalvm-ce-java8-20.0.0/jre/lib/graalvm/graalpython-launcher.jar -XX:MaxHeapSize=140G com.oracle.graal.python.shell.GraalPythonMain --p
==23164== Profiling result:
"Start","Duration","Grid X","Grid Y","Grid Z","Block X","Block Y","Block Z","Registers Per Thread","Static SMem","Dynamic SMem","Device","Context","Stream","Unified Memory","Virtual Address","Name","Correlation_ID"
s,ms,,,,,,,,B,B,,,,B,,,
20.275675,0.003968,32,1,1,1024,1,1,8,0,0,"Tesla P100-PCIE-12GB (0)","1","15",,,"reset",5
20.278681,0.002080,16,16,1,8,8,1,8,0,0,"Tesla P100-PCIE-12GB (0)","1","15",,,"reset",8
20.280661,0.002016,,,,,,,,,,"Tesla P100-PCIE-12GB (0)",,,4096.000000,"0x2acff5800000","[Unified Memory Memcpy HtoD]",
20.280772,8.996186,16,16,1,8,8,1,24,0,36,"Tesla P100-PCIE-12GB (0)","1","16",,,"gaussian_blur",16
20.282233,13.365449,16,16,1,8,8,1,24,0,100,"Tesla P100-PCIE-12GB (0)","1","17",,,"gaussian_blur",23
20.283854,11.864751,16,16,1,8,8,1,24,0,36,"Tesla P100-PCIE-12GB (0)","1","18",,,"gaussian_blur",30
20.290856,4.285902,16,16,1,8,8,1,40,72,0,"Tesla P100-PCIE-12GB (0)","1","16",,,"sobel",35
20.296399,2.530005,16,16,1,8,8,1,40,72,0,"Tesla P100-PCIE-12GB (0)","1","17",,,"sobel",40
20.299034,0.495934,32,1,1,1024,1,1,8,0,0,"Tesla P100-PCIE-12GB (0)","1","19",,,"minimum",53
20.299043,0.492862,32,1,1,1024,1,1,8,0,0,"Tesla P100-PCIE-12GB (0)","1","17",,,"maximum",46
20.299614,1.160764,32,1,1,1024,1,1,13,0,0,"Tesla P100-PCIE-12GB (0)","1","17",,,"extend",60
20.300575,0.845437,32,1,1,1024,1,1,12,0,0,"Tesla P100-PCIE-12GB (0)","1","18",,,"unsharpen",68
20.302571,1.005116,32,1,1,1024,1,1,13,0,0,"Tesla P100-PCIE-12GB (0)","1","17",,,"combine",77
20.303639,0.998844,32,1,1,1024,1,1,13,0,0,"Tesla P100-PCIE-12GB (0)","1","15",,,"combine",85
20.305608,,,,,,,,,,,,,,"PC 0xac1c08ae","0x2acff0000000","[Unified Memory CPU page faults]",
20.305739,0.002144,,,,,,,,,,"Tesla P100-PCIE-12GB (0)",,,4096.000000,"0x2acff0000000","[Unified Memory Memcpy DtoH]",
20.305741,0.005120,,,,,,,,,,"Tesla P100-PCIE-12GB (0)",,,61440.000000,"0x2acff0001000","[Unified Memory Memcpy DtoH]",
20.456754,0.002304,32,1,1,1024,1,1,8,0,0,"Tesla P100-PCIE-12GB (0)","1","20",,,"reset",110
20.457340,0.002304,16,16,1,8,8,1,8,0,0,"Tesla P100-PCIE-12GB (0)","1","20",,,"reset",113
20.458057,9.618392,16,16,1,8,8,1,24,0,36,"Tesla P100-PCIE-12GB (0)","1","21",,,"gaussian_blur",119
20.458059,0.106624,,,,,,,,,,"Tesla P100-PCIE-12GB (0)",,,"56","0x2acff5800000","[Unified Memory GPU page faults]",
20.458141,0.002144,,,,,,,,,,"Tesla P100-PCIE-12GB (0)",,,4096.000000,"0x2acff5800000","[Unified Memory Memcpy HtoD]",
20.458143,0.006848,,,,,,,,,,"Tesla P100-PCIE-12GB (0)",,,61440.000000,"0x2acff5801000","[Unified Memory Memcpy HtoD]",
20.459145,13.364777,16,16,1,8,8,1,24,0,100,"Tesla P100-PCIE-12GB (0)","1","22",,,"gaussian_blur",124
20.459843,12.291437,16,16,1,8,8,1,24,0,36,"Tesla P100-PCIE-12GB (0)","1","23",,,"gaussian_blur",129
20.467769,4.223406,16,16,1,8,8,1,40,72,0,"Tesla P100-PCIE-12GB (0)","1","21",,,"sobel",133
20.472566,2.522293,16,16,1,8,8,1,40,72,0,"Tesla P100-PCIE-12GB (0)","1","22",,,"sobel",137
20.475195,0.547486,32,1,1,1024,1,1,8,0,0,"Tesla P100-PCIE-12GB (0)","1","24",,,"minimum",150
20.475210,0.542558,32,1,1,1024,1,1,8,0,0,"Tesla P100-PCIE-12GB (0)","1","22",,,"maximum",143
20.475830,1.678617,32,1,1,1024,1,1,13,0,0,"Tesla P100-PCIE-12GB (0)","1","22",,,"extend",157
20.475851,1.545402,32,1,1,1024,1,1,12,0,0,"Tesla P100-PCIE-12GB (0)","1","23",,,"unsharpen",164
20.477600,1.014876,32,1,1,1024,1,1,13,0,0,"Tesla P100-PCIE-12GB (0)","1","22",,,"combine",172
20.478712,1.004124,32,1,1,1024,1,1,13,0,0,"Tesla P100-PCIE-12GB (0)","1","20",,,"combine",180
20.479956,,,,,,,,,,,,,,"PC 0xac1c08ae","0x2acff0000000","[Unified Memory CPU page faults]",
20.479997,0.002176,,,,,,,,,,"Tesla P100-PCIE-12GB (0)",,,4096.000000,"0x2acff0000000","[Unified Memory Memcpy DtoH]",
20.479999,0.005184,,,,,,,,,,"Tesla P100-PCIE-12GB (0)",,,61440.000000,"0x2acff0001000","[Unified Memory Memcpy DtoH]",
20.589403,0.002112,32,1,1,1024,1,1,8,0,0,"Tesla P100-PCIE-12GB (0)","1","25",,,"reset",205
20.589960,0.002080,16,16,1,8,8,1,8,0,0,"Tesla P100-PCIE-12GB (0)","1","25",,,"reset",208
20.590678,9.764919,16,16,1,8,8,1,24,0,36,"Tesla P100-PCIE-12GB (0)","1","26",,,"gaussian_blur",214
20.590680,0.102399,,,,,,,,,,"Tesla P100-PCIE-12GB (0)",,,"56","0x2acff5800000","[Unified Memory GPU page faults]",
20.590758,0.002496,,,,,,,,,,"Tesla P100-PCIE-12GB (0)",,,4096.000000,"0x2acff5800000","[Unified Memory Memcpy HtoD]",
20.590761,0.006912,,,,,,,,,,"Tesla P100-PCIE-12GB (0)",,,61440.000000,"0x2acff5801000","[Unified Memory Memcpy HtoD]",
20.591407,13.050474,16,16,1,8,8,1,24,0,100,"Tesla P100-PCIE-12GB (0)","1","27",,,"gaussian_blur",219
20.592063,11.630896,16,16,1,8,8,1,24,0,36,"Tesla P100-PCIE-12GB (0)","1","28",,,"gaussian_blur",224
20.600574,3.834064,16,16,1,8,8,1,40,72,0,"Tesla P100-PCIE-12GB (0)","1","26",,,"sobel",228
20.604523,2.518550,16,16,1,8,8,1,40,72,0,"Tesla P100-PCIE-12GB (0)","1","27",,,"sobel",232
20.607143,0.491902,32,1,1,1024,1,1,8,0,0,"Tesla P100-PCIE-12GB (0)","1","29",,,"minimum",245
20.607151,0.490942,32,1,1,1024,1,1,8,0,0,"Tesla P100-PCIE-12GB (0)","1","27",,,"maximum",238
20.607721,1.670297,32,1,1,1024,1,1,13,0,0,"Tesla P100-PCIE-12GB (0)","1","27",,,"extend",252
20.607744,1.542746,32,1,1,1024,1,1,12,0,0,"Tesla P100-PCIE-12GB (0)","1","28",,,"unsharpen",259
20.609476,1.007036,32,1,1,1024,1,1,13,0,0,"Tesla P100-PCIE-12GB (0)","1","27",,,"combine",267
20.610555,1.008892,32,1,1,1024,1,1,13,0,0,"Tesla P100-PCIE-12GB (0)","1","25",,,"combine",275
20.611836,,,,,,,,,,,,,,"PC 0xac1c08ae","0x2acff0000000","[Unified Memory CPU page faults]",
20.611878,0.002144,,,,,,,,,,"Tesla P100-PCIE-12GB (0)",,,4096.000000,"0x2acff0000000","[Unified Memory Memcpy DtoH]",
20.611880,0.005120,,,,,,,,,,"Tesla P100-PCIE-12GB (0)",,,61440.000000,"0x2acff0001000","[Unified Memory Memcpy DtoH]",
20.711732,0.002080,32,1,1,1024,1,1,8,0,0,"Tesla P100-PCIE-12GB (0)","1","30",,,"reset",300
20.712167,0.002048,16,16,1,8,8,1,8,0,0,"Tesla P100-PCIE-12GB (0)","1","30",,,"reset",303
20.712698,9.875287,16,16,1,8,8,1,24,0,36,"Tesla P100-PCIE-12GB (0)","1","31",,,"gaussian_blur",309
20.712700,0.097312,,,,,,,,,,"Tesla P100-PCIE-12GB (0)",,,"56","0x2acff5800000","[Unified Memory GPU page faults]",
20.712774,0.002048,,,,,,,,,,"Tesla P100-PCIE-12GB (0)",,,4096.000000,"0x2acff5800000","[Unified Memory Memcpy HtoD]",
20.712776,0.006816,,,,,,,,,,"Tesla P100-PCIE-12GB (0)",,,61440.000000,"0x2acff5801000","[Unified Memory Memcpy HtoD]",
20.713329,13.025802,16,16,1,8,8,1,24,0,100,"Tesla P100-PCIE-12GB (0)","1","32",,,"gaussian_blur",314
20.713852,11.323985,16,16,1,8,8,1,24,0,36,"Tesla P100-PCIE-12GB (0)","1","33",,,"gaussian_blur",319
20.722686,3.670193,16,16,1,8,8,1,40,72,0,"Tesla P100-PCIE-12GB (0)","1","31",,,"sobel",323
20.726414,2.523253,16,16,1,8,8,1,40,72,0,"Tesla P100-PCIE-12GB (0)","1","32",,,"sobel",327
20.729037,0.500702,32,1,1,1024,1,1,8,0,0,"Tesla P100-PCIE-12GB (0)","1","34",,,"minimum",340
20.729046,0.504094,32,1,1,1024,1,1,8,0,0,"Tesla P100-PCIE-12GB (0)","1","32",,,"maximum",333
20.729626,1.674873,32,1,1,1024,1,1,13,0,0,"Tesla P100-PCIE-12GB (0)","1","32",,,"extend",347
20.729645,1.549210,32,1,1,1024,1,1,12,0,0,"Tesla P100-PCIE-12GB (0)","1","33",,,"unsharpen",354
20.731384,1.008988,32,1,1,1024,1,1,13,0,0,"Tesla P100-PCIE-12GB (0)","1","32",,,"combine",362
20.732458,1.002908,32,1,1,1024,1,1,13,0,0,"Tesla P100-PCIE-12GB (0)","1","30",,,"combine",370
20.733685,,,,,,,,,,,,,,"PC 0xac1c08ae","0x2acff0000000","[Unified Memory CPU page faults]",
20.733728,0.001696,,,,,,,,,,"Tesla P100-PCIE-12GB (0)",,,4096.000000,"0x2acff0000000","[Unified Memory Memcpy DtoH]",
20.733730,0.005120,,,,,,,,,,"Tesla P100-PCIE-12GB (0)",,,61440.000000,"0x2acff0001000","[Unified Memory Memcpy DtoH]",
20.831592,0.002272,32,1,1,1024,1,1,8,0,0,"Tesla P100-PCIE-12GB (0)","1","35",,,"reset",395
20.832149,0.002048,16,16,1,8,8,1,8,0,0,"Tesla P100-PCIE-12GB (0)","1","35",,,"reset",398
20.832746,9.829336,16,16,1,8,8,1,24,0,36,"Tesla P100-PCIE-12GB (0)","1","36",,,"gaussian_blur",404
20.832748,0.096896,,,,,,,,,,"Tesla P100-PCIE-12GB (0)",,,"56","0x2acff5800000","[Unified Memory GPU page faults]",
20.832820,0.002016,,,,,,,,,,"Tesla P100-PCIE-12GB (0)",,,4096.000000,"0x2acff5800000","[Unified Memory Memcpy HtoD]",
20.832822,0.006848,,,,,,,,,,"Tesla P100-PCIE-12GB (0)",,,61440.000000,"0x2acff5801000","[Unified Memory Memcpy HtoD]",
20.833364,13.252809,16,16,1,8,8,1,24,0,100,"Tesla P100-PCIE-12GB (0)","1","37",,,"gaussian_blur",409
20.834232,11.837007,16,16,1,8,8,1,24,0,36,"Tesla P100-PCIE-12GB (0)","1","38",,,"gaussian_blur",414
20.842684,3.966928,16,16,1,8,8,1,40,72,0,"Tesla P100-PCIE-12GB (0)","1","36",,,"sobel",418
20.846671,2.516149,16,16,1,8,8,1,40,72,0,"Tesla P100-PCIE-12GB (0)","1","37",,,"sobel",422
20.849279,0.526974,32,1,1,1024,1,1,8,0,0,"Tesla P100-PCIE-12GB (0)","1","39",,,"minimum",435
20.849293,0.521470,32,1,1,1024,1,1,8,0,0,"Tesla P100-PCIE-12GB (0)","1","37",,,"maximum",428
20.849886,1.683705,32,1,1,1024,1,1,13,0,0,"Tesla P100-PCIE-12GB (0)","1","37",,,"extend",442
20.849913,1.553178,32,1,1,1024,1,1,12,0,0,"Tesla P100-PCIE-12GB (0)","1","38",,,"unsharpen",449
20.851659,1.014396,32,1,1,1024,1,1,13,0,0,"Tesla P100-PCIE-12GB (0)","1","37",,,"combine",457
20.852736,1.015676,32,1,1,1024,1,1,13,0,0,"Tesla P100-PCIE-12GB (0)","1","35",,,"combine",465
20.853956,,,,,,,,,,,,,,"PC 0xac1c08ae","0x2acff0000000","[Unified Memory CPU page faults]",
20.854002,0.001728,,,,,,,,,,"Tesla P100-PCIE-12GB (0)",,,4096.000000,"0x2acff0000000","[Unified Memory Memcpy DtoH]",
20.854004,0.005088,,,,,,,,,,"Tesla P100-PCIE-12GB (0)",,,61440.000000,"0x2acff0001000","[Unified Memory Memcpy DtoH]",
20.951953,0.002336,32,1,1,1024,1,1,8,0,0,"Tesla P100-PCIE-12GB (0)","1","40",,,"reset",490
20.952524,0.002048,16,16,1,8,8,1,8,0,0,"Tesla P100-PCIE-12GB (0)","1","40",,,"reset",493
20.953136,9.833271,16,16,1,8,8,1,24,0,36,"Tesla P100-PCIE-12GB (0)","1","41",,,"gaussian_blur",499
20.953138,0.093759,,,,,,,,,,"Tesla P100-PCIE-12GB (0)",,,"56","0x2acff5800000","[Unified Memory GPU page faults]",
20.953208,0.002528,,,,,,,,,,"Tesla P100-PCIE-12GB (0)",,,4096.000000,"0x2acff5800000","[Unified Memory Memcpy HtoD]",
20.953211,0.006752,,,,,,,,,,"Tesla P100-PCIE-12GB (0)",,,61440.000000,"0x2acff5801000","[Unified Memory Memcpy HtoD]",
20.953813,12.991146,16,16,1,8,8,1,24,0,100,"Tesla P100-PCIE-12GB (0)","1","42",,,"gaussian_blur",504
20.954321,11.401745,16,16,1,8,8,1,24,0,36,"Tesla P100-PCIE-12GB (0)","1","43",,,"gaussian_blur",509
20.963059,3.676464,16,16,1,8,8,1,40,72,0,"Tesla P100-PCIE-12GB (0)","1","41",,,"sobel",513
20.966854,2.526741,16,16,1,8,8,1,40,72,0,"Tesla P100-PCIE-12GB (0)","1","42",,,"sobel",517
20.969469,0.504190,32,1,1,1024,1,1,8,0,0,"Tesla P100-PCIE-12GB (0)","1","44",,,"minimum",530
20.969480,0.500542,32,1,1,1024,1,1,8,0,0,"Tesla P100-PCIE-12GB (0)","1","42",,,"maximum",523
20.970060,1.671545,32,1,1,1024,1,1,13,0,0,"Tesla P100-PCIE-12GB (0)","1","42",,,"extend",537
20.970078,1.541081,32,1,1,1024,1,1,12,0,0,"Tesla P100-PCIE-12GB (0)","1","43",,,"unsharpen",544
20.971811,1.022300,32,1,1,1024,1,1,13,0,0,"Tesla P100-PCIE-12GB (0)","1","42",,,"combine",552
20.972895,1.029020,32,1,1,1024,1,1,13,0,0,"Tesla P100-PCIE-12GB (0)","1","40",,,"combine",560
20.974080,,,,,,,,,,,,,,"PC 0xac1c08ae","0x2acff0000000","[Unified Memory CPU page faults]",
20.974123,0.001664,,,,,,,,,,"Tesla P100-PCIE-12GB (0)",,,4096.000000,"0x2acff0000000","[Unified Memory Memcpy DtoH]",
20.974125,0.005120,,,,,,,,,,"Tesla P100-PCIE-12GB (0)",,,61440.000000,"0x2acff0001000","[Unified Memory Memcpy DtoH]",
21.071405,0.002304,32,1,1,1024,1,1,8,0,0,"Tesla P100-PCIE-12GB (0)","1","45",,,"reset",585
21.071874,0.002080,16,16,1,8,8,1,8,0,0,"Tesla P100-PCIE-12GB (0)","1","45",,,"reset",588
21.072445,9.833079,16,16,1,8,8,1,24,0,36,"Tesla P100-PCIE-12GB (0)","1","46",,,"gaussian_blur",594
21.072447,0.103839,,,,,,,,,,"Tesla P100-PCIE-12GB (0)",,,"56","0x2acff5800000","[Unified Memory GPU page faults]",
21.072527,0.002016,,,,,,,,,,"Tesla P100-PCIE-12GB (0)",,,4096.000000,"0x2acff5800000","[Unified Memory Memcpy HtoD]",
21.072529,0.006688,,,,,,,,,,"Tesla P100-PCIE-12GB (0)",,,61440.000000,"0x2acff5801000","[Unified Memory Memcpy HtoD]",
21.073068,12.971658,16,16,1,8,8,1,24,0,100,"Tesla P100-PCIE-12GB (0)","1","47",,,"gaussian_blur",599
21.073595,11.266097,16,16,1,8,8,1,24,0,36,"Tesla P100-PCIE-12GB (0)","1","48",,,"gaussian_blur",604
21.082389,3.660144,16,16,1,8,8,1,40,72,0,"Tesla P100-PCIE-12GB (0)","1","46",,,"sobel",608
21.086099,2.530614,16,16,1,8,8,1,40,72,0,"Tesla P100-PCIE-12GB (0)","1","47",,,"sobel",612
21.088718,0.537886,32,1,1,1024,1,1,8,0,0,"Tesla P100-PCIE-12GB (0)","1","49",,,"minimum",625
21.088732,0.533886,32,1,1,1024,1,1,8,0,0,"Tesla P100-PCIE-12GB (0)","1","47",,,"maximum",618
21.089342,1.663865,32,1,1,1024,1,1,13,0,0,"Tesla P100-PCIE-12GB (0)","1","47",,,"extend",632
21.089359,1.530873,32,1,1,1024,1,1,12,0,0,"Tesla P100-PCIE-12GB (0)","1","48",,,"unsharpen",639
21.091086,0.993724,32,1,1,1024,1,1,13,0,0,"Tesla P100-PCIE-12GB (0)","1","47",,,"combine",647
21.092141,1.014076,32,1,1,1024,1,1,13,0,0,"Tesla P100-PCIE-12GB (0)","1","45",,,"combine",655
21.093325,,,,,,,,,,,,,,"PC 0xac1c08ae","0x2acff0000000","[Unified Memory CPU page faults]",
21.093371,0.001664,,,,,,,,,,"Tesla P100-PCIE-12GB (0)",,,4096.000000,"0x2acff0000000","[Unified Memory Memcpy DtoH]",
21.093372,0.005120,,,,,,,,,,"Tesla P100-PCIE-12GB (0)",,,61440.000000,"0x2acff0001000","[Unified Memory Memcpy DtoH]",
21.192227,0.002560,32,1,1,1024,1,1,8,0,0,"Tesla P100-PCIE-12GB (0)","1","50",,,"reset",680
21.193132,0.002080,16,16,1,8,8,1,8,0,0,"Tesla P100-PCIE-12GB (0)","1","50",,,"reset",683
21.193733,9.861943,16,16,1,8,8,1,24,0,36,"Tesla P100-PCIE-12GB (0)","1","51",,,"gaussian_blur",689
21.193735,0.095103,,,,,,,,,,"Tesla P100-PCIE-12GB (0)",,,"56","0x2acff5800000","[Unified Memory GPU page faults]",
21.193806,0.002080,,,,,,,,,,"Tesla P100-PCIE-12GB (0)",,,4096.000000,"0x2acff5800000","[Unified Memory Memcpy HtoD]",
21.193808,0.006560,,,,,,,,,,"Tesla P100-PCIE-12GB (0)",,,61440.000000,"0x2acff5801000","[Unified Memory Memcpy HtoD]",
21.194299,12.924139,16,16,1,8,8,1,24,0,100,"Tesla P100-PCIE-12GB (0)","1","52",,,"gaussian_blur",694
21.194801,11.190034,16,16,1,8,8,1,24,0,36,"Tesla P100-PCIE-12GB (0)","1","53",,,"gaussian_blur",699
21.203690,3.606385,16,16,1,8,8,1,40,72,0,"Tesla P100-PCIE-12GB (0)","1","51",,,"sobel",703
21.207276,2.522806,16,16,1,8,8,1,40,72,0,"Tesla P100-PCIE-12GB (0)","1","52",,,"sobel",707
21.209896,0.504829,32,1,1,1024,1,1,8,0,0,"Tesla P100-PCIE-12GB (0)","1","54",,,"minimum",720
21.209906,0.501214,32,1,1,1024,1,1,8,0,0,"Tesla P100-PCIE-12GB (0)","1","52",,,"maximum",713
21.210487,1.680153,32,1,1,1024,1,1,13,0,0,"Tesla P100-PCIE-12GB (0)","1","52",,,"extend",727
21.210515,1.551898,32,1,1,1024,1,1,12,0,0,"Tesla P100-PCIE-12GB (0)","1","53",,,"unsharpen",734
21.212251,1.013980,32,1,1,1024,1,1,13,0,0,"Tesla P100-PCIE-12GB (0)","1","52",,,"combine",742
21.213339,1.000860,32,1,1,1024,1,1,13,0,0,"Tesla P100-PCIE-12GB (0)","1","50",,,"combine",750
21.214528,,,,,,,,,,,,,,"PC 0xac1c08ae","0x2acff0000000","[Unified Memory CPU page faults]",
21.214577,0.001664,,,,,,,,,,"Tesla P100-PCIE-12GB (0)",,,4096.000000,"0x2acff0000000","[Unified Memory Memcpy DtoH]",
21.214579,0.005120,,,,,,,,,,"Tesla P100-PCIE-12GB (0)",,,61440.000000,"0x2acff0001000","[Unified Memory Memcpy DtoH]",
21.313552,0.002304,32,1,1,1024,1,1,8,0,0,"Tesla P100-PCIE-12GB (0)","1","55",,,"reset",775
21.314034,0.002048,16,16,1,8,8,1,8,0,0,"Tesla P100-PCIE-12GB (0)","1","55",,,"reset",778
21.314562,9.944503,16,16,1,8,8,1,24,0,36,"Tesla P100-PCIE-12GB (0)","1","56",,,"gaussian_blur",784
21.314564,0.095968,,,,,,,,,,"Tesla P100-PCIE-12GB (0)",,,"56","0x2acff5800000","[Unified Memory GPU page faults]",
21.314637,0.002016,,,,,,,,,,"Tesla P100-PCIE-12GB (0)",,,4096.000000,"0x2acff5800000","[Unified Memory Memcpy HtoD]",
21.314639,0.006944,,,,,,,,,,"Tesla P100-PCIE-12GB (0)",,,61440.000000,"0x2acff5801000","[Unified Memory Memcpy HtoD]",
21.315128,12.844395,16,16,1,8,8,1,24,0,100,"Tesla P100-PCIE-12GB (0)","1","57",,,"gaussian_blur",789
21.315612,11.094930,16,16,1,8,8,1,24,0,36,"Tesla P100-PCIE-12GB (0)","1","58",,,"gaussian_blur",794
21.324613,3.506609,16,16,1,8,8,1,40,72,0,"Tesla P100-PCIE-12GB (0)","1","56",,,"sobel",798
21.328031,2.538806,16,16,1,8,8,1,40,72,0,"Tesla P100-PCIE-12GB (0)","1","57",,,"sobel",802
21.330663,0.527710,32,1,1,1024,1,1,8,0,0,"Tesla P100-PCIE-12GB (0)","1","59",,,"minimum",815
21.330676,0.522142,32,1,1,1024,1,1,8,0,0,"Tesla P100-PCIE-12GB (0)","1","57",,,"maximum",808
21.331279,1.670297,32,1,1,1024,1,1,13,0,0,"Tesla P100-PCIE-12GB (0)","1","57",,,"extend",822
21.331298,1.547897,32,1,1,1024,1,1,12,0,0,"Tesla P100-PCIE-12GB (0)","1","58",,,"unsharpen",829
21.333032,1.014971,32,1,1,1024,1,1,13,0,0,"Tesla P100-PCIE-12GB (0)","1","57",,,"combine",837
21.334112,1.001532,32,1,1,1024,1,1,13,0,0,"Tesla P100-PCIE-12GB (0)","1","55",,,"combine",845
21.335307,,,,,,,,,,,,,,"PC 0xac1c08ae","0x2acff0000000","[Unified Memory CPU page faults]",
21.335359,0.001696,,,,,,,,,,"Tesla P100-PCIE-12GB (0)",,,4096.000000,"0x2acff0000000","[Unified Memory Memcpy DtoH]",
21.335360,0.005120,,,,,,,,,,"Tesla P100-PCIE-12GB (0)",,,61440.000000,"0x2acff0001000","[Unified Memory Memcpy DtoH]",
21.436314,0.002176,32,1,1,1024,1,1,8,0,0,"Tesla P100-PCIE-12GB (0)","1","60",,,"reset",870
21.436720,0.002048,16,16,1,8,8,1,8,0,0,"Tesla P100-PCIE-12GB (0)","1","60",,,"reset",873
21.437175,9.949654,16,16,1,8,8,1,24,0,36,"Tesla P100-PCIE-12GB (0)","1","61",,,"gaussian_blur",879
21.437177,0.074911,,,,,,,,,,"Tesla P100-PCIE-12GB (0)",,,"56","0x2acff5800000","[Unified Memory GPU page faults]",
21.437232,0.002016,,,,,,,,,,"Tesla P100-PCIE-12GB (0)",,,4096.000000,"0x2acff5800000","[Unified Memory Memcpy HtoD]",
21.437234,0.006880,,,,,,,,,,"Tesla P100-PCIE-12GB (0)",,,61440.000000,"0x2acff5801000","[Unified Memory Memcpy HtoD]",
21.437664,12.822314,16,16,1,8,8,1,24,0,100,"Tesla P100-PCIE-12GB (0)","1","62",,,"gaussian_blur",884
21.438109,10.988370,16,16,1,8,8,1,24,0,36,"Tesla P100-PCIE-12GB (0)","1","63",,,"gaussian_blur",889
21.447257,3.498705,16,16,1,8,8,1,40,72,0,"Tesla P100-PCIE-12GB (0)","1","61",,,"sobel",893
21.450558,2.587413,16,16,1,8,8,1,40,72,0,"Tesla P100-PCIE-12GB (0)","1","62",,,"sobel",897
21.453235,0.492478,32,1,1,1024,1,1,8,0,0,"Tesla P100-PCIE-12GB (0)","1","64",,,"minimum",910
21.453244,0.485886,32,1,1,1024,1,1,8,0,0,"Tesla P100-PCIE-12GB (0)","1","62",,,"maximum",903
21.453819,1.663162,32,1,1,1024,1,1,13,0,0,"Tesla P100-PCIE-12GB (0)","1","62",,,"extend",917
21.453834,1.545242,32,1,1,1024,1,1,12,0,0,"Tesla P100-PCIE-12GB (0)","1","63",,,"unsharpen",924
21.455573,1.001884,32,1,1,1024,1,1,13,0,0,"Tesla P100-PCIE-12GB (0)","1","62",,,"combine",932
21.456636,1.007612,32,1,1,1024,1,1,13,0,0,"Tesla P100-PCIE-12GB (0)","1","60",,,"combine",940
21.457814,,,,,,,,,,,,,,"PC 0xac1c08ae","0x2acff0000000","[Unified Memory CPU page faults]",
21.457868,0.001664,,,,,,,,,,"Tesla P100-PCIE-12GB (0)",,,4096.000000,"0x2acff0000000","[Unified Memory Memcpy DtoH]",
21.457870,0.005120,,,,,,,,,,"Tesla P100-PCIE-12GB (0)",,,61440.000000,"0x2acff0001000","[Unified Memory Memcpy DtoH]",
21.558776,0.002112,32,1,1,1024,1,1,8,0,0,"Tesla P100-PCIE-12GB (0)","1","65",,,"reset",965
21.559185,0.002048,16,16,1,8,8,1,8,0,0,"Tesla P100-PCIE-12GB (0)","1","65",,,"reset",968
21.559619,10.067158,16,16,1,8,8,1,24,0,36,"Tesla P100-PCIE-12GB (0)","1","66",,,"gaussian_blur",974
21.559621,0.090272,,,,,,,,,,"Tesla P100-PCIE-12GB (0)",,,"56","0x2acff5800000","[Unified Memory GPU page faults]",
21.559688,0.002080,,,,,,,,,,"Tesla P100-PCIE-12GB (0)",,,4096.000000,"0x2acff5800000","[Unified Memory Memcpy HtoD]",
21.559690,0.006880,,,,,,,,,,"Tesla P100-PCIE-12GB (0)",,,61440.000000,"0x2acff5801000","[Unified Memory Memcpy HtoD]",
21.560060,12.776075,16,16,1,8,8,1,24,0,100,"Tesla P100-PCIE-12GB (0)","1","67",,,"gaussian_blur",979
21.560478,10.941619,16,16,1,8,8,1,24,0,36,"Tesla P100-PCIE-12GB (0)","1","68",,,"gaussian_blur",984
21.569779,3.433778,16,16,1,8,8,1,40,72,0,"Tesla P100-PCIE-12GB (0)","1","66",,,"sobel",988
21.572895,2.921684,16,16,1,8,8,1,40,72,0,"Tesla P100-PCIE-12GB (0)","1","67",,,"sobel",992
21.575905,0.498366,32,1,1,1024,1,1,8,0,0,"Tesla P100-PCIE-12GB (0)","1","69",,,"minimum",1005
21.575914,0.496350,32,1,1,1024,1,1,8,0,0,"Tesla P100-PCIE-12GB (0)","1","67",,,"maximum",998
21.576484,1.681721,32,1,1,1024,1,1,13,0,0,"Tesla P100-PCIE-12GB (0)","1","67",,,"extend",1012
21.576518,1.551130,32,1,1,1024,1,1,12,0,0,"Tesla P100-PCIE-12GB (0)","1","68",,,"unsharpen",1019
21.578246,1.011260,32,1,1,1024,1,1,13,0,0,"Tesla P100-PCIE-12GB (0)","1","67",,,"combine",1027
21.579320,1.005788,32,1,1,1024,1,1,13,0,0,"Tesla P100-PCIE-12GB (0)","1","65",,,"combine",1035
21.580439,,,,,,,,,,,,,,"PC 0xac1c08ae","0x2acff0000000","[Unified Memory CPU page faults]",
21.580490,0.001664,,,,,,,,,,"Tesla P100-PCIE-12GB (0)",,,4096.000000,"0x2acff0000000","[Unified Memory Memcpy DtoH]",
21.580491,0.005376,,,,,,,,,,"Tesla P100-PCIE-12GB (0)",,,61440.000000,"0x2acff0001000","[Unified Memory Memcpy DtoH]",
21.681828,0.002144,32,1,1,1024,1,1,8,0,0,"Tesla P100-PCIE-12GB (0)","1","70",,,"reset",1060
21.682231,0.002080,16,16,1,8,8,1,8,0,0,"Tesla P100-PCIE-12GB (0)","1","70",,,"reset",1063
21.682666,10.065398,16,16,1,8,8,1,24,0,36,"Tesla P100-PCIE-12GB (0)","1","71",,,"gaussian_blur",1069
21.682668,0.093440,,,,,,,,,,"Tesla P100-PCIE-12GB (0)",,,"56","0x2acff5800000","[Unified Memory GPU page faults]",
21.682738,0.002016,,,,,,,,,,"Tesla P100-PCIE-12GB (0)",,,4096.000000,"0x2acff5800000","[Unified Memory Memcpy HtoD]",
21.682740,0.006624,,,,,,,,,,"Tesla P100-PCIE-12GB (0)",,,61440.000000,"0x2acff5801000","[Unified Memory Memcpy HtoD]",
21.683098,12.674764,16,16,1,8,8,1,24,0,100,"Tesla P100-PCIE-12GB (0)","1","72",,,"gaussian_blur",1074
21.683458,10.796403,16,16,1,8,8,1,24,0,36,"Tesla P100-PCIE-12GB (0)","1","73",,,"gaussian_blur",1079
21.692828,3.485649,16,16,1,8,8,1,40,72,0,"Tesla P100-PCIE-12GB (0)","1","71",,,"sobel",1083
21.695828,2.788757,16,16,1,8,8,1,40,72,0,"Tesla P100-PCIE-12GB (0)","1","72",,,"sobel",1087
21.698708,0.514206,32,1,1,1024,1,1,8,0,0,"Tesla P100-PCIE-12GB (0)","1","74",,,"minimum",1100
21.698719,0.511934,32,1,1,1024,1,1,8,0,0,"Tesla P100-PCIE-12GB (0)","1","72",,,"maximum",1093
21.699305,1.677881,32,1,1,1024,1,1,13,0,0,"Tesla P100-PCIE-12GB (0)","1","72",,,"extend",1107
21.699330,1.552025,32,1,1,1024,1,1,12,0,0,"Tesla P100-PCIE-12GB (0)","1","73",,,"unsharpen",1114
21.701073,1.017339,32,1,1,1024,1,1,13,0,0,"Tesla P100-PCIE-12GB (0)","1","72",,,"combine",1122
21.702163,1.010492,32,1,1,1024,1,1,13,0,0,"Tesla P100-PCIE-12GB (0)","1","70",,,"combine",1130
21.703300,,,,,,,,,,,,,,"PC 0xac1c08ae","0x2acff0000000","[Unified Memory CPU page faults]",
21.703355,0.001696,,,,,,,,,,"Tesla P100-PCIE-12GB (0)",,,4096.000000,"0x2acff0000000","[Unified Memory Memcpy DtoH]",
21.703357,0.005088,,,,,,,,,,"Tesla P100-PCIE-12GB (0)",,,61440.000000,"0x2acff0001000","[Unified Memory Memcpy DtoH]",
21.806506,0.002304,32,1,1,1024,1,1,8,0,0,"Tesla P100-PCIE-12GB (0)","1","75",,,"reset",1155
21.806957,0.002048,16,16,1,8,8,1,8,0,0,"Tesla P100-PCIE-12GB (0)","1","75",,,"reset",1158
21.807510,9.855127,16,16,1,8,8,1,24,0,36,"Tesla P100-PCIE-12GB (0)","1","76",,,"gaussian_blur",1164
21.807512,0.094752,,,,,,,,,,"Tesla P100-PCIE-12GB (0)",,,"56","0x2acff5800000","[Unified Memory GPU page faults]",
21.807583,0.002048,,,,,,,,,,"Tesla P100-PCIE-12GB (0)",,,4096.000000,"0x2acff5800000","[Unified Memory Memcpy HtoD]",
21.807586,0.006784,,,,,,,,,,"Tesla P100-PCIE-12GB (0)",,,61440.000000,"0x2acff5801000","[Unified Memory Memcpy HtoD]",
21.808101,12.880426,16,16,1,8,8,1,24,0,100,"Tesla P100-PCIE-12GB (0)","1","77",,,"gaussian_blur",1169
21.808600,11.157810,16,16,1,8,8,1,24,0,36,"Tesla P100-PCIE-12GB (0)","1","78",,,"gaussian_blur",1174
21.817443,3.551569,16,16,1,8,8,1,40,72,0,"Tesla P100-PCIE-12GB (0)","1","76",,,"sobel",1178
21.821044,2.522901,16,16,1,8,8,1,40,72,0,"Tesla P100-PCIE-12GB (0)","1","77",,,"sobel",1182
21.823658,0.536894,32,1,1,1024,1,1,8,0,0,"Tesla P100-PCIE-12GB (0)","1","79",,,"minimum",1195
21.823672,0.530846,32,1,1,1024,1,1,8,0,0,"Tesla P100-PCIE-12GB (0)","1","77",,,"maximum",1188
21.824283,1.663481,32,1,1,1024,1,1,13,0,0,"Tesla P100-PCIE-12GB (0)","1","77",,,"extend",1202
21.824301,1.545338,32,1,1,1024,1,1,12,0,0,"Tesla P100-PCIE-12GB (0)","1","78",,,"unsharpen",1209
21.826030,1.004924,32,1,1,1024,1,1,13,0,0,"Tesla P100-PCIE-12GB (0)","1","77",,,"combine",1217
21.827099,1.011260,32,1,1,1024,1,1,13,0,0,"Tesla P100-PCIE-12GB (0)","1","75",,,"combine",1225
21.828242,,,,,,,,,,,,,,"PC 0xac1c08ae","0x2acff0000000","[Unified Memory CPU page faults]",
21.828299,0.001696,,,,,,,,,,"Tesla P100-PCIE-12GB (0)",,,4096.000000,"0x2acff0000000","[Unified Memory Memcpy DtoH]",
21.828301,0.005120,,,,,,,,,,"Tesla P100-PCIE-12GB (0)",,,61440.000000,"0x2acff0001000","[Unified Memory Memcpy DtoH]",
21.933481,0.002304,32,1,1,1024,1,1,8,0,0,"Tesla P100-PCIE-12GB (0)","1","80",,,"reset",1250
21.933838,0.002048,16,16,1,8,8,1,8,0,0,"Tesla P100-PCIE-12GB (0)","1","80",,,"reset",1253
21.934264,10.046902,16,16,1,8,8,1,24,0,36,"Tesla P100-PCIE-12GB (0)","1","81",,,"gaussian_blur",1259
21.934266,0.094496,,,,,,,,,,"Tesla P100-PCIE-12GB (0)",,,"56","0x2acff5800000","[Unified Memory GPU page faults]",
21.934337,0.002016,,,,,,,,,,"Tesla P100-PCIE-12GB (0)",,,4096.000000,"0x2acff5800000","[Unified Memory Memcpy HtoD]",
21.934339,0.006848,,,,,,,,,,"Tesla P100-PCIE-12GB (0)",,,61440.000000,"0x2acff5801000","[Unified Memory Memcpy HtoD]",
21.934724,12.715051,16,16,1,8,8,1,24,0,100,"Tesla P100-PCIE-12GB (0)","1","82",,,"gaussian_blur",1264
21.935095,10.844755,16,16,1,8,8,1,24,0,36,"Tesla P100-PCIE-12GB (0)","1","83",,,"gaussian_blur",1269
21.944398,3.387506,16,16,1,8,8,1,40,72,0,"Tesla P100-PCIE-12GB (0)","1","81",,,"sobel",1273
21.947504,2.687349,16,16,1,8,8,1,40,72,0,"Tesla P100-PCIE-12GB (0)","1","82",,,"sobel",1277
21.950291,0.548765,32,1,1,1024,1,1,8,0,0,"Tesla P100-PCIE-12GB (0)","1","84",,,"minimum",1290
21.950306,0.547197,32,1,1,1024,1,1,8,0,0,"Tesla P100-PCIE-12GB (0)","1","82",,,"maximum",1283
21.950931,1.663097,32,1,1,1024,1,1,13,0,0,"Tesla P100-PCIE-12GB (0)","1","82",,,"extend",1297
21.950949,1.533913,32,1,1,1024,1,1,12,0,0,"Tesla P100-PCIE-12GB (0)","1","83",,,"unsharpen",1304
21.952678,0.997564,32,1,1,1024,1,1,13,0,0,"Tesla P100-PCIE-12GB (0)","1","82",,,"combine",1312
21.953742,1.019036,32,1,1,1024,1,1,13,0,0,"Tesla P100-PCIE-12GB (0)","1","80",,,"combine",1320
21.954904,,,,,,,,,,,,,,"PC 0xac1c08ae","0x2acff0000000","[Unified Memory CPU page faults]",
21.954964,0.001664,,,,,,,,,,"Tesla P100-PCIE-12GB (0)",,,4096.000000,"0x2acff0000000","[Unified Memory Memcpy DtoH]",
21.954966,0.005120,,,,,,,,,,"Tesla P100-PCIE-12GB (0)",,,61440.000000,"0x2acff0001000","[Unified Memory Memcpy DtoH]",
22.054431,0.002560,32,1,1,1024,1,1,8,0,0,"Tesla P100-PCIE-12GB (0)","1","85",,,"reset",1345
22.054773,0.002048,16,16,1,8,8,1,8,0,0,"Tesla P100-PCIE-12GB (0)","1","85",,,"reset",1348
22.055455,10.076182,16,16,1,8,8,1,24,0,36,"Tesla P100-PCIE-12GB (0)","1","86",,,"gaussian_blur",1354
22.055458,0.099808,,,,,,,,,,"Tesla P100-PCIE-12GB (0)",,,"56","0x2acff5800000","[Unified Memory GPU page faults]",
22.055534,0.002016,,,,,,,,,,"Tesla P100-PCIE-12GB (0)",,,4096.000000,"0x2acff5800000","[Unified Memory Memcpy HtoD]",
22.055536,0.006976,,,,,,,,,,"Tesla P100-PCIE-12GB (0)",,,61440.000000,"0x2acff5801000","[Unified Memory Memcpy HtoD]",
22.055899,12.769035,16,16,1,8,8,1,24,0,100,"Tesla P100-PCIE-12GB (0)","1","87",,,"gaussian_blur",1359
22.056266,10.865011,16,16,1,8,8,1,24,0,36,"Tesla P100-PCIE-12GB (0)","1","88",,,"gaussian_blur",1364
22.065617,3.474002,16,16,1,8,8,1,40,72,0,"Tesla P100-PCIE-12GB (0)","1","86",,,"sobel",1368
22.068724,2.917012,16,16,1,8,8,1,40,72,0,"Tesla P100-PCIE-12GB (0)","1","87",,,"sobel",1372
22.071730,0.493630,32,1,1,1024,1,1,8,0,0,"Tesla P100-PCIE-12GB (0)","1","89",,,"minimum",1385
22.071739,0.492702,32,1,1,1024,1,1,8,0,0,"Tesla P100-PCIE-12GB (0)","1","87",,,"maximum",1378
22.072305,1.674009,32,1,1,1024,1,1,13,0,0,"Tesla P100-PCIE-12GB (0)","1","87",,,"extend",1392
22.072328,1.534234,32,1,1,1024,1,1,12,0,0,"Tesla P100-PCIE-12GB (0)","1","88",,,"unsharpen",1399
22.074069,1.011132,32,1,1,1024,1,1,13,0,0,"Tesla P100-PCIE-12GB (0)","1","87",,,"combine",1407
22.075142,1.001851,32,1,1,1024,1,1,13,0,0,"Tesla P100-PCIE-12GB (0)","1","85",,,"combine",1415
22.076277,,,,,,,,,,,,,,"PC 0xac1c08ae","0x2acff0000000","[Unified Memory CPU page faults]",
22.076337,0.001664,,,,,,,,,,"Tesla P100-PCIE-12GB (0)",,,4096.000000,"0x2acff0000000","[Unified Memory Memcpy DtoH]",
22.076338,0.005376,,,,,,,,,,"Tesla P100-PCIE-12GB (0)",,,61440.000000,"0x2acff0001000","[Unified Memory Memcpy DtoH]",
22.168789,0.002304,32,1,1,1024,1,1,8,0,0,"Tesla P100-PCIE-12GB (0)","1","90",,,"reset",1440
22.169239,0.002080,16,16,1,8,8,1,8,0,0,"Tesla P100-PCIE-12GB (0)","1","90",,,"reset",1443
22.169725,9.966583,16,16,1,8,8,1,24,0,36,"Tesla P100-PCIE-12GB (0)","1","91",,,"gaussian_blur",1449
22.169727,0.094112,,,,,,,,,,"Tesla P100-PCIE-12GB (0)",,,"56","0x2acff5800000","[Unified Memory GPU page faults]",
22.169798,0.002016,,,,,,,,,,"Tesla P100-PCIE-12GB (0)",,,4096.000000,"0x2acff5800000","[Unified Memory Memcpy HtoD]",
22.169800,0.006784,,,,,,,,,,"Tesla P100-PCIE-12GB (0)",,,61440.000000,"0x2acff5801000","[Unified Memory Memcpy HtoD]",
22.170243,12.828043,16,16,1,8,8,1,24,0,100,"Tesla P100-PCIE-12GB (0)","1","92",,,"gaussian_blur",1454
22.170725,11.064978,16,16,1,8,8,1,24,0,36,"Tesla P100-PCIE-12GB (0)","1","93",,,"gaussian_blur",1459
22.179784,3.514450,16,16,1,8,8,1,40,72,0,"Tesla P100-PCIE-12GB (0)","1","91",,,"sobel",1463
22.183128,2.547029,16,16,1,8,8,1,40,72,0,"Tesla P100-PCIE-12GB (0)","1","92",,,"sobel",1467
22.185773,0.552669,32,1,1,1024,1,1,8,0,0,"Tesla P100-PCIE-12GB (0)","1","94",,,"minimum",1480
22.185789,0.546878,32,1,1,1024,1,1,8,0,0,"Tesla P100-PCIE-12GB (0)","1","92",,,"maximum",1473
22.186415,1.668633,32,1,1,1024,1,1,13,0,0,"Tesla P100-PCIE-12GB (0)","1","92",,,"extend",1487
22.186433,1.538937,32,1,1,1024,1,1,12,0,0,"Tesla P100-PCIE-12GB (0)","1","93",,,"unsharpen",1494
22.188165,1.011451,32,1,1,1024,1,1,13,0,0,"Tesla P100-PCIE-12GB (0)","1","92",,,"combine",1502
22.189241,1.009052,32,1,1,1024,1,1,13,0,0,"Tesla P100-PCIE-12GB (0)","1","90",,,"combine",1510
22.190357,,,,,,,,,,,,,,"PC 0xac1c08ae","0x2acff0000000","[Unified Memory CPU page faults]",
22.190422,0.001664,,,,,,,,,,"Tesla P100-PCIE-12GB (0)",,,4096.000000,"0x2acff0000000","[Unified Memory Memcpy DtoH]",
22.190423,0.005120,,,,,,,,,,"Tesla P100-PCIE-12GB (0)",,,61440.000000,"0x2acff0001000","[Unified Memory Memcpy DtoH]",
22.283412,0.002304,32,1,1,1024,1,1,8,0,0,"Tesla P100-PCIE-12GB (0)","1","95",,,"reset",1535
22.283825,0.002080,16,16,1,8,8,1,8,0,0,"Tesla P100-PCIE-12GB (0)","1","95",,,"reset",1538
22.284200,10.026071,16,16,1,8,8,1,24,0,36,"Tesla P100-PCIE-12GB (0)","1","96",,,"gaussian_blur",1544
22.284203,0.093984,,,,,,,,,,"Tesla P100-PCIE-12GB (0)",,,"56","0x2acff5800000","[Unified Memory GPU page faults]",
22.284273,0.002048,,,,,,,,,,"Tesla P100-PCIE-12GB (0)",,,4096.000000,"0x2acff5800000","[Unified Memory Memcpy HtoD]",
22.284275,0.006784,,,,,,,,,,"Tesla P100-PCIE-12GB (0)",,,61440.000000,"0x2acff5801000","[Unified Memory Memcpy HtoD]",
22.284626,12.676044,16,16,1,8,8,1,24,0,100,"Tesla P100-PCIE-12GB (0)","1","97",,,"gaussian_blur",1549
22.284972,10.792307,16,16,1,8,8,1,24,0,36,"Tesla P100-PCIE-12GB (0)","1","98",,,"gaussian_blur",1554
22.294310,3.390866,16,16,1,8,8,1,40,72,0,"Tesla P100-PCIE-12GB (0)","1","96",,,"sobel",1558
22.297359,2.959219,16,16,1,8,8,1,40,72,0,"Tesla P100-PCIE-12GB (0)","1","97",,,"sobel",1562
22.300399,0.548766,32,1,1,1024,1,1,8,0,0,"Tesla P100-PCIE-12GB (0)","1","99",,,"minimum",1575
22.300414,0.544190,32,1,1,1024,1,1,8,0,0,"Tesla P100-PCIE-12GB (0)","1","97",,,"maximum",1568
22.301049,1.672857,32,1,1,1024,1,1,13,0,0,"Tesla P100-PCIE-12GB (0)","1","97",,,"extend",1582
22.301067,1.553594,32,1,1,1024,1,1,12,0,0,"Tesla P100-PCIE-12GB (0)","1","98",,,"unsharpen",1589
22.302804,1.007228,32,1,1,1024,1,1,13,0,0,"Tesla P100-PCIE-12GB (0)","1","97",,,"combine",1597
22.303873,1.009659,32,1,1,1024,1,1,13,0,0,"Tesla P100-PCIE-12GB (0)","1","95",,,"combine",1605
22.304970,,,,,,,,,,,,,,"PC 0xac1c08ae","0x2acff0000000","[Unified Memory CPU page faults]",
22.305032,0.001664,,,,,,,,,,"Tesla P100-PCIE-12GB (0)",,,4096.000000,"0x2acff0000000","[Unified Memory Memcpy DtoH]",
22.305034,0.005120,,,,,,,,,,"Tesla P100-PCIE-12GB (0)",,,61440.000000,"0x2acff0001000","[Unified Memory Memcpy DtoH]",
22.398277,0.002112,32,1,1,1024,1,1,8,0,0,"Tesla P100-PCIE-12GB (0)","1","100",,,"reset",1630
22.398680,0.002048,16,16,1,8,8,1,8,0,0,"Tesla P100-PCIE-12GB (0)","1","100",,,"reset",1633
22.399136,9.743064,16,16,1,8,8,1,24,0,36,"Tesla P100-PCIE-12GB (0)","1","101",,,"gaussian_blur",1639
22.399138,0.098784,,,,,,,,,,"Tesla P100-PCIE-12GB (0)",,,"56","0x2acff5800000","[Unified Memory GPU page faults]",
22.399213,0.002048,,,,,,,,,,"Tesla P100-PCIE-12GB (0)",,,4096.000000,"0x2acff5800000","[Unified Memory Memcpy HtoD]",
22.399215,0.006848,,,,,,,,,,"Tesla P100-PCIE-12GB (0)",,,61440.000000,"0x2acff5801000","[Unified Memory Memcpy HtoD]",
22.399976,13.088489,16,16,1,8,8,1,24,0,100,"Tesla P100-PCIE-12GB (0)","1","102",,,"gaussian_blur",1644
22.400437,11.715183,16,16,1,8,8,1,24,0,36,"Tesla P100-PCIE-12GB (0)","1","103",,,"gaussian_blur",1649
22.408969,3.909904,16,16,1,8,8,1,40,72,0,"Tesla P100-PCIE-12GB (0)","1","101",,,"sobel",1653
22.413117,2.518550,16,16,1,8,8,1,40,72,0,"Tesla P100-PCIE-12GB (0)","1","102",,,"sobel",1657
22.415725,0.545278,32,1,1,1024,1,1,8,0,0,"Tesla P100-PCIE-12GB (0)","1","104",,,"minimum",1670
22.415739,0.539966,32,1,1,1024,1,1,8,0,0,"Tesla P100-PCIE-12GB (0)","1","102",,,"maximum",1663
22.416358,1.666137,32,1,1,1024,1,1,13,0,0,"Tesla P100-PCIE-12GB (0)","1","102",,,"extend",1677
22.416376,1.537721,32,1,1,1024,1,1,12,0,0,"Tesla P100-PCIE-12GB (0)","1","103",,,"unsharpen",1684
22.418108,1.011099,32,1,1,1024,1,1,13,0,0,"Tesla P100-PCIE-12GB (0)","1","102",,,"combine",1692
22.419184,1.004572,32,1,1,1024,1,1,13,0,0,"Tesla P100-PCIE-12GB (0)","1","100",,,"combine",1700
22.420282,,,,,,,,,,,,,,"PC 0xac1c08ae","0x2acff0000000","[Unified Memory CPU page faults]",
22.420349,0.001856,,,,,,,,,,"Tesla P100-PCIE-12GB (0)",,,4096.000000,"0x2acff0000000","[Unified Memory Memcpy DtoH]",
22.420351,0.005120,,,,,,,,,,"Tesla P100-PCIE-12GB (0)",,,61440.000000,"0x2acff0001000","[Unified Memory Memcpy DtoH]",
22.516737,0.002080,32,1,1,1024,1,1,8,0,0,"Tesla P100-PCIE-12GB (0)","1","105",,,"reset",1725
22.517042,0.002048,16,16,1,8,8,1,8,0,0,"Tesla P100-PCIE-12GB (0)","1","105",,,"reset",1728
22.517446,10.056791,16,16,1,8,8,1,24,0,36,"Tesla P100-PCIE-12GB (0)","1","106",,,"gaussian_blur",1734
22.517449,0.105344,,,,,,,,,,"Tesla P100-PCIE-12GB (0)",,,"56","0x2acff5800000","[Unified Memory GPU page faults]",
22.517530,0.002112,,,,,,,,,,"Tesla P100-PCIE-12GB (0)",,,4096.000000,"0x2acff5800000","[Unified Memory Memcpy HtoD]",
22.517532,0.006912,,,,,,,,,,"Tesla P100-PCIE-12GB (0)",,,61440.000000,"0x2acff5801000","[Unified Memory Memcpy HtoD]",
22.517942,12.804075,16,16,1,8,8,1,24,0,100,"Tesla P100-PCIE-12GB (0)","1","107",,,"gaussian_blur",1739
22.518304,10.878195,16,16,1,8,8,1,24,0,36,"Tesla P100-PCIE-12GB (0)","1","108",,,"gaussian_blur",1744
22.527616,3.490706,16,16,1,8,8,1,40,72,0,"Tesla P100-PCIE-12GB (0)","1","106",,,"sobel",1748
22.530799,2.983892,16,16,1,8,8,1,40,72,0,"Tesla P100-PCIE-12GB (0)","1","107",,,"sobel",1752
22.533880,0.545630,32,1,1,1024,1,1,8,0,0,"Tesla P100-PCIE-12GB (0)","1","109",,,"minimum",1765
22.533895,0.539646,32,1,1,1024,1,1,8,0,0,"Tesla P100-PCIE-12GB (0)","1","107",,,"maximum",1758
22.534519,1.673081,32,1,1,1024,1,1,13,0,0,"Tesla P100-PCIE-12GB (0)","1","107",,,"extend",1772
22.534538,1.549402,32,1,1,1024,1,1,12,0,0,"Tesla P100-PCIE-12GB (0)","1","108",,,"unsharpen",1779
22.536276,0.999772,32,1,1,1024,1,1,13,0,0,"Tesla P100-PCIE-12GB (0)","1","107",,,"combine",1787
22.537343,1.000252,32,1,1,1024,1,1,13,0,0,"Tesla P100-PCIE-12GB (0)","1","105",,,"combine",1795
22.538492,,,,,,,,,,,,,,"PC 0xac1c08ae","0x2acff0000000","[Unified Memory CPU page faults]",
22.538561,0.001664,,,,,,,,,,"Tesla P100-PCIE-12GB (0)",,,4096.000000,"0x2acff0000000","[Unified Memory Memcpy DtoH]",
22.538562,0.005152,,,,,,,,,,"Tesla P100-PCIE-12GB (0)",,,61440.000000,"0x2acff0001000","[Unified Memory Memcpy DtoH]",
22.633044,0.002272,32,1,1,1024,1,1,8,0,0,"Tesla P100-PCIE-12GB (0)","1","110",,,"reset",1820
22.633407,0.002016,16,16,1,8,8,1,8,0,0,"Tesla P100-PCIE-12GB (0)","1","110",,,"reset",1823
22.633886,10.092598,16,16,1,8,8,1,24,0,36,"Tesla P100-PCIE-12GB (0)","1","111",,,"gaussian_blur",1829
22.633888,0.133376,,,,,,,,,,"Tesla P100-PCIE-12GB (0)",,,"56","0x2acff5800000","[Unified Memory GPU page faults]",
22.633996,0.002240,,,,,,,,,,"Tesla P100-PCIE-12GB (0)",,,4096.000000,"0x2acff5800000","[Unified Memory Memcpy HtoD]",
22.633998,0.006688,,,,,,,,,,"Tesla P100-PCIE-12GB (0)",,,61440.000000,"0x2acff5801000","[Unified Memory Memcpy HtoD]",
22.634361,12.753163,16,16,1,8,8,1,24,0,100,"Tesla P100-PCIE-12GB (0)","1","112",,,"gaussian_blur",1834
22.634785,10.895154,16,16,1,8,8,1,24,0,36,"Tesla P100-PCIE-12GB (0)","1","113",,,"gaussian_blur",1839
22.644086,3.489617,16,16,1,8,8,1,40,72,0,"Tesla P100-PCIE-12GB (0)","1","111",,,"sobel",1843
22.647185,2.990068,16,16,1,8,8,1,40,72,0,"Tesla P100-PCIE-12GB (0)","1","112",,,"sobel",1847
22.650271,0.500990,32,1,1,1024,1,1,8,0,0,"Tesla P100-PCIE-12GB (0)","1","114",,,"minimum",1860
22.650280,0.503198,32,1,1,1024,1,1,8,0,0,"Tesla P100-PCIE-12GB (0)","1","112",,,"maximum",1853
22.650874,1.666297,32,1,1,1024,1,1,13,0,0,"Tesla P100-PCIE-12GB (0)","1","112",,,"extend",1867
22.650885,1.534073,32,1,1,1024,1,1,12,0,0,"Tesla P100-PCIE-12GB (0)","1","113",,,"unsharpen",1874
22.652629,1.006011,32,1,1,1024,1,1,13,0,0,"Tesla P100-PCIE-12GB (0)","1","112",,,"combine",1882
22.653708,1.000156,32,1,1,1024,1,1,13,0,0,"Tesla P100-PCIE-12GB (0)","1","110",,,"combine",1890
22.654820,,,,,,,,,,,,,,"PC 0xac1c08ae","0x2acff0000000","[Unified Memory CPU page faults]",
22.654888,0.001696,,,,,,,,,,"Tesla P100-PCIE-12GB (0)",,,4096.000000,"0x2acff0000000","[Unified Memory Memcpy DtoH]",
22.654890,0.005280,,,,,,,,,,"Tesla P100-PCIE-12GB (0)",,,61440.000000,"0x2acff0001000","[Unified Memory Memcpy DtoH]",
22.748484,0.002176,32,1,1,1024,1,1,8,0,0,"Tesla P100-PCIE-12GB (0)","1","115",,,"reset",1915
22.748806,0.002080,16,16,1,8,8,1,8,0,0,"Tesla P100-PCIE-12GB (0)","1","115",,,"reset",1918
22.749171,10.063446,16,16,1,8,8,1,24,0,36,"Tesla P100-PCIE-12GB (0)","1","116",,,"gaussian_blur",1924
22.749173,0.131903,,,,,,,,,,"Tesla P100-PCIE-12GB (0)",,,"56","0x2acff5800000","[Unified Memory GPU page faults]",
22.749280,0.002048,,,,,,,,,,"Tesla P100-PCIE-12GB (0)",,,4096.000000,"0x2acff5800000","[Unified Memory Memcpy HtoD]",
22.749282,0.006687,,,,,,,,,,"Tesla P100-PCIE-12GB (0)",,,61440.000000,"0x2acff5801000","[Unified Memory Memcpy HtoD]",
22.749536,12.507469,16,16,1,8,8,1,24,0,100,"Tesla P100-PCIE-12GB (0)","1","117",,,"gaussian_blur",1929
22.750151,10.852755,16,16,1,8,8,1,24,0,36,"Tesla P100-PCIE-12GB (0)","1","118",,,"gaussian_blur",1934
22.759329,3.614449,16,16,1,8,8,1,40,72,0,"Tesla P100-PCIE-12GB (0)","1","116",,,"sobel",1938
22.762116,3.046740,16,16,1,8,8,1,40,72,0,"Tesla P100-PCIE-12GB (0)","1","117",,,"sobel",1942
22.765261,0.491710,32,1,1,1024,1,1,8,0,0,"Tesla P100-PCIE-12GB (0)","1","119",,,"minimum",1955
22.765270,0.490046,32,1,1,1024,1,1,8,0,0,"Tesla P100-PCIE-12GB (0)","1","117",,,"maximum",1948
22.765848,1.676569,32,1,1,1024,1,1,13,0,0,"Tesla P100-PCIE-12GB (0)","1","117",,,"extend",1962
22.765866,1.538777,32,1,1,1024,1,1,12,0,0,"Tesla P100-PCIE-12GB (0)","1","118",,,"unsharpen",1969
22.767612,1.016924,32,1,1,1024,1,1,13,0,0,"Tesla P100-PCIE-12GB (0)","1","117",,,"combine",1977
22.768696,1.015644,32,1,1,1024,1,1,13,0,0,"Tesla P100-PCIE-12GB (0)","1","115",,,"combine",1985
22.769846,,,,,,,,,,,,,,"PC 0xac1c08ae","0x2acff0000000","[Unified Memory CPU page faults]",
22.769916,0.001696,,,,,,,,,,"Tesla P100-PCIE-12GB (0)",,,4096.000000,"0x2acff0000000","[Unified Memory Memcpy DtoH]",
22.769917,0.005120,,,,,,,,,,"Tesla P100-PCIE-12GB (0)",,,61440.000000,"0x2acff0001000","[Unified Memory Memcpy DtoH]",
22.863115,0.002144,32,1,1,1024,1,1,8,0,0,"Tesla P100-PCIE-12GB (0)","1","120",,,"reset",2010
22.863629,0.002080,16,16,1,8,8,1,8,0,0,"Tesla P100-PCIE-12GB (0)","1","120",,,"reset",2013
22.864106,10.050198,16,16,1,8,8,1,24,0,36,"Tesla P100-PCIE-12GB (0)","1","121",,,"gaussian_blur",2019
22.864108,0.110720,,,,,,,,,,"Tesla P100-PCIE-12GB (0)",,,"56","0x2acff5800000","[Unified Memory GPU page faults]",
22.864194,0.002112,,,,,,,,,,"Tesla P100-PCIE-12GB (0)",,,4096.000000,"0x2acff5800000","[Unified Memory Memcpy HtoD]",
22.864197,0.006976,,,,,,,,,,"Tesla P100-PCIE-12GB (0)",,,61440.000000,"0x2acff5801000","[Unified Memory Memcpy HtoD]",
22.864581,12.786187,16,16,1,8,8,1,24,0,100,"Tesla P100-PCIE-12GB (0)","1","122",,,"gaussian_blur",2024
22.864979,10.913843,16,16,1,8,8,1,24,0,36,"Tesla P100-PCIE-12GB (0)","1","123",,,"gaussian_blur",2029
22.874256,3.449682,16,16,1,8,8,1,40,72,0,"Tesla P100-PCIE-12GB (0)","1","121",,,"sobel",2033
22.877431,2.710837,16,16,1,8,8,1,40,72,0,"Tesla P100-PCIE-12GB (0)","1","122",,,"sobel",2037
22.880238,0.550686,32,1,1,1024,1,1,8,0,0,"Tesla P100-PCIE-12GB (0)","1","124",,,"minimum",2050
22.880254,0.546462,32,1,1,1024,1,1,8,0,0,"Tesla P100-PCIE-12GB (0)","1","122",,,"maximum",2043
22.880874,1.669689,32,1,1,1024,1,1,13,0,0,"Tesla P100-PCIE-12GB (0)","1","122",,,"extend",2057
22.880887,1.527802,32,1,1,1024,1,1,12,0,0,"Tesla P100-PCIE-12GB (0)","1","123",,,"unsharpen",2064
22.882628,1.011324,32,1,1,1024,1,1,13,0,0,"Tesla P100-PCIE-12GB (0)","1","122",,,"combine",2072
22.883714,1.011708,32,1,1,1024,1,1,13,0,0,"Tesla P100-PCIE-12GB (0)","1","120",,,"combine",2080
22.884809,,,,,,,,,,,,,,"PC 0xac1c08ae","0x2acff0000000","[Unified Memory CPU page faults]",
22.884883,0.001664,,,,,,,,,,"Tesla P100-PCIE-12GB (0)",,,4096.000000,"0x2acff0000000","[Unified Memory Memcpy DtoH]",
22.884885,0.005152,,,,,,,,,,"Tesla P100-PCIE-12GB (0)",,,61440.000000,"0x2acff0001000","[Unified Memory Memcpy DtoH]",
22.980414,0.002336,32,1,1,1024,1,1,8,0,0,"Tesla P100-PCIE-12GB (0)","1","125",,,"reset",2105
22.980780,0.002080,16,16,1,8,8,1,8,0,0,"Tesla P100-PCIE-12GB (0)","1","125",,,"reset",2108
22.981145,10.132470,16,16,1,8,8,1,24,0,36,"Tesla P100-PCIE-12GB (0)","1","126",,,"gaussian_blur",2114
22.981147,0.132224,,,,,,,,,,"Tesla P100-PCIE-12GB (0)",,,"56","0x2acff5800000","[Unified Memory GPU page faults]",
22.981254,0.002048,,,,,,,,,,"Tesla P100-PCIE-12GB (0)",,,4096.000000,"0x2acff5800000","[Unified Memory Memcpy HtoD]",
22.981256,0.006752,,,,,,,,,,"Tesla P100-PCIE-12GB (0)",,,61440.000000,"0x2acff5801000","[Unified Memory Memcpy HtoD]",
22.981503,12.356589,16,16,1,8,8,1,24,0,100,"Tesla P100-PCIE-12GB (0)","1","127",,,"gaussian_blur",2119
22.981832,10.523060,16,16,1,8,8,1,24,0,36,"Tesla P100-PCIE-12GB (0)","1","128",,,"gaussian_blur",2124
22.991384,3.448498,16,16,1,8,8,1,40,72,0,"Tesla P100-PCIE-12GB (0)","1","126",,,"sobel",2128
22.993923,3.066516,16,16,1,8,8,1,40,72,0,"Tesla P100-PCIE-12GB (0)","1","127",,,"sobel",2132
22.997082,0.551646,32,1,1,1024,1,1,8,0,0,"Tesla P100-PCIE-12GB (0)","1","129",,,"minimum",2145
22.997096,0.545982,32,1,1,1024,1,1,8,0,0,"Tesla P100-PCIE-12GB (0)","1","127",,,"maximum",2138
22.997728,1.673753,32,1,1,1024,1,1,13,0,0,"Tesla P100-PCIE-12GB (0)","1","127",,,"extend",2152
22.997747,1.537273,32,1,1,1024,1,1,12,0,0,"Tesla P100-PCIE-12GB (0)","1","128",,,"unsharpen",2159
22.999491,0.998876,32,1,1,1024,1,1,13,0,0,"Tesla P100-PCIE-12GB (0)","1","127",,,"combine",2167
23.000564,1.002428,32,1,1,1024,1,1,13,0,0,"Tesla P100-PCIE-12GB (0)","1","125",,,"combine",2175
23.001639,,,,,,,,,,,,,,"PC 0xac1c08ae","0x2acff0000000","[Unified Memory CPU page faults]",
23.001714,0.001664,,,,,,,,,,"Tesla P100-PCIE-12GB (0)",,,4096.000000,"0x2acff0000000","[Unified Memory Memcpy DtoH]",
23.001715,0.005120,,,,,,,,,,"Tesla P100-PCIE-12GB (0)",,,61440.000000,"0x2acff0001000","[Unified Memory Memcpy DtoH]",
23.096101,0.002304,32,1,1,1024,1,1,8,0,0,"Tesla P100-PCIE-12GB (0)","1","130",,,"reset",2200
23.096439,0.002080,16,16,1,8,8,1,8,0,0,"Tesla P100-PCIE-12GB (0)","1","130",,,"reset",2203
23.096878,10.086582,16,16,1,8,8,1,24,0,36,"Tesla P100-PCIE-12GB (0)","1","131",,,"gaussian_blur",2209
23.096880,0.127200,,,,,,,,,,"Tesla P100-PCIE-12GB (0)",,,"56","0x2acff5800000","[Unified Memory GPU page faults]",
23.096982,0.002048,,,,,,,,,,"Tesla P100-PCIE-12GB (0)",,,4096.000000,"0x2acff5800000","[Unified Memory Memcpy HtoD]",
23.096984,0.006752,,,,,,,,,,"Tesla P100-PCIE-12GB (0)",,,61440.000000,"0x2acff5801000","[Unified Memory Memcpy HtoD]",
23.097285,12.569803,16,16,1,8,8,1,24,0,100,"Tesla P100-PCIE-12GB (0)","1","132",,,"gaussian_blur",2214
23.097671,10.706356,16,16,1,8,8,1,24,0,36,"Tesla P100-PCIE-12GB (0)","1","133",,,"gaussian_blur",2219
23.107056,3.537713,16,16,1,8,8,1,40,72,0,"Tesla P100-PCIE-12GB (0)","1","131",,,"sobel",2223
23.109914,2.974484,16,16,1,8,8,1,40,72,0,"Tesla P100-PCIE-12GB (0)","1","132",,,"sobel",2227
23.112988,0.438783,32,1,1,1024,1,1,8,0,0,"Tesla P100-PCIE-12GB (0)","1","132",,,"maximum",2233
23.113748,0.434463,32,1,1,1024,1,1,8,0,0,"Tesla P100-PCIE-12GB (0)","1","134",,,"minimum",2240
23.114265,1.673273,32,1,1,1024,1,1,13,0,0,"Tesla P100-PCIE-12GB (0)","1","132",,,"extend",2247
23.114303,1.553210,32,1,1,1024,1,1,12,0,0,"Tesla P100-PCIE-12GB (0)","1","133",,,"unsharpen",2254
23.116014,0.999420,32,1,1,1024,1,1,13,0,0,"Tesla P100-PCIE-12GB (0)","1","132",,,"combine",2262
23.117086,0.997756,32,1,1,1024,1,1,13,0,0,"Tesla P100-PCIE-12GB (0)","1","130",,,"combine",2270
23.118146,,,,,,,,,,,,,,"PC 0xac1c08ae","0x2acff0000000","[Unified Memory CPU page faults]",
23.118221,0.002624,,,,,,,,,,"Tesla P100-PCIE-12GB (0)",,,4096.000000,"0x2acff0000000","[Unified Memory Memcpy DtoH]",
23.118224,0.005120,,,,,,,,,,"Tesla P100-PCIE-12GB (0)",,,61440.000000,"0x2acff0001000","[Unified Memory Memcpy DtoH]",
23.213002,0.002368,32,1,1,1024,1,1,8,0,0,"Tesla P100-PCIE-12GB (0)","1","135",,,"reset",2295
23.213300,0.002080,16,16,1,8,8,1,8,0,0,"Tesla P100-PCIE-12GB (0)","1","135",,,"reset",2298
23.213658,10.165846,16,16,1,8,8,1,24,0,36,"Tesla P100-PCIE-12GB (0)","1","136",,,"gaussian_blur",2304
23.213660,0.132095,,,,,,,,,,"Tesla P100-PCIE-12GB (0)",,,"56","0x2acff5800000","[Unified Memory GPU page faults]",
23.213767,0.002528,,,,,,,,,,"Tesla P100-PCIE-12GB (0)",,,4096.000000,"0x2acff5800000","[Unified Memory Memcpy HtoD]",
23.213769,0.006624,,,,,,,,,,"Tesla P100-PCIE-12GB (0)",,,61440.000000,"0x2acff5801000","[Unified Memory Memcpy HtoD]",
23.214007,12.246286,16,16,1,8,8,1,24,0,100,"Tesla P100-PCIE-12GB (0)","1","137",,,"gaussian_blur",2309
23.214327,10.459029,16,16,1,8,8,1,24,0,36,"Tesla P100-PCIE-12GB (0)","1","138",,,"gaussian_blur",2314
23.223914,3.469362,16,16,1,8,8,1,40,72,0,"Tesla P100-PCIE-12GB (0)","1","136",,,"sobel",2318
23.226318,3.170003,16,16,1,8,8,1,40,72,0,"Tesla P100-PCIE-12GB (0)","1","137",,,"sobel",2322
23.229635,0.562622,32,1,1,1024,1,1,8,0,0,"Tesla P100-PCIE-12GB (0)","1","139",,,"minimum",2335
23.229735,0.554462,32,1,1,1024,1,1,8,0,0,"Tesla P100-PCIE-12GB (0)","1","137",,,"maximum",2328
23.230384,1.679769,32,1,1,1024,1,1,13,0,0,"Tesla P100-PCIE-12GB (0)","1","137",,,"extend",2342
23.230406,1.558362,32,1,1,1024,1,1,12,0,0,"Tesla P100-PCIE-12GB (0)","1","138",,,"unsharpen",2349
23.232155,1.007516,32,1,1,1024,1,1,13,0,0,"Tesla P100-PCIE-12GB (0)","1","137",,,"combine",2357
23.233237,1.010075,32,1,1,1024,1,1,13,0,0,"Tesla P100-PCIE-12GB (0)","1","135",,,"combine",2365
23.234320,,,,,,,,,,,,,,"PC 0xac1c08ae","0x2acff0000000","[Unified Memory CPU page faults]",
23.234397,0.001696,,,,,,,,,,"Tesla P100-PCIE-12GB (0)",,,4096.000000,"0x2acff0000000","[Unified Memory Memcpy DtoH]",
23.234399,0.005120,,,,,,,,,,"Tesla P100-PCIE-12GB (0)",,,61440.000000,"0x2acff0001000","[Unified Memory Memcpy DtoH]",
23.329971,0.002112,32,1,1,1024,1,1,8,0,0,"Tesla P100-PCIE-12GB (0)","1","140",,,"reset",2390
23.330278,0.002048,16,16,1,8,8,1,8,0,0,"Tesla P100-PCIE-12GB (0)","1","140",,,"reset",2393
23.330708,10.095446,16,16,1,8,8,1,24,0,36,"Tesla P100-PCIE-12GB (0)","1","141",,,"gaussian_blur",2399
23.330711,0.127776,,,,,,,,,,"Tesla P100-PCIE-12GB (0)",,,"56","0x2acff5800000","[Unified Memory GPU page faults]",
23.330814,0.002144,,,,,,,,,,"Tesla P100-PCIE-12GB (0)",,,4096.000000,"0x2acff5800000","[Unified Memory Memcpy HtoD]",
23.330816,0.006944,,,,,,,,,,"Tesla P100-PCIE-12GB (0)",,,61440.000000,"0x2acff5801000","[Unified Memory Memcpy HtoD]",
23.331126,12.592012,16,16,1,8,8,1,24,0,100,"Tesla P100-PCIE-12GB (0)","1","142",,,"gaussian_blur",2404
23.331515,10.725235,16,16,1,8,8,1,24,0,36,"Tesla P100-PCIE-12GB (0)","1","143",,,"gaussian_blur",2409
23.340895,3.559633,16,16,1,8,8,1,40,72,0,"Tesla P100-PCIE-12GB (0)","1","141",,,"sobel",2413
23.343780,3.016531,16,16,1,8,8,1,40,72,0,"Tesla P100-PCIE-12GB (0)","1","142",,,"sobel",2417
23.346894,0.509214,32,1,1,1024,1,1,8,0,0,"Tesla P100-PCIE-12GB (0)","1","144",,,"minimum",2430
23.346905,0.506014,32,1,1,1024,1,1,8,0,0,"Tesla P100-PCIE-12GB (0)","1","142",,,"maximum",2423
23.347496,1.668666,32,1,1,1024,1,1,13,0,0,"Tesla P100-PCIE-12GB (0)","1","142",,,"extend",2437
23.347592,1.517754,32,1,1,1024,1,1,12,0,0,"Tesla P100-PCIE-12GB (0)","1","143",,,"unsharpen",2444
23.349250,0.997660,32,1,1,1024,1,1,13,0,0,"Tesla P100-PCIE-12GB (0)","1","142",,,"combine",2452
23.350315,1.003004,32,1,1,1024,1,1,13,0,0,"Tesla P100-PCIE-12GB (0)","1","140",,,"combine",2460
23.351393,,,,,,,,,,,,,,"PC 0xac1c08ae","0x2acff0000000","[Unified Memory CPU page faults]",
23.351471,0.001696,,,,,,,,,,"Tesla P100-PCIE-12GB (0)",,,4096.000000,"0x2acff0000000","[Unified Memory Memcpy DtoH]",
23.351472,0.005088,,,,,,,,,,"Tesla P100-PCIE-12GB (0)",,,61440.000000,"0x2acff0001000","[Unified Memory Memcpy DtoH]",
23.442160,0.002528,32,1,1,1024,1,1,8,0,0,"Tesla P100-PCIE-12GB (0)","1","145",,,"reset",2485
23.442426,0.002080,16,16,1,8,8,1,8,0,0,"Tesla P100-PCIE-12GB (0)","1","145",,,"reset",2488
23.442777,10.162134,16,16,1,8,8,1,24,0,36,"Tesla P100-PCIE-12GB (0)","1","146",,,"gaussian_blur",2494
23.442779,0.131328,,,,,,,,,,"Tesla P100-PCIE-12GB (0)",,,"56","0x2acff5800000","[Unified Memory GPU page faults]",
23.442886,0.002048,,,,,,,,,,"Tesla P100-PCIE-12GB (0)",,,4096.000000,"0x2acff5800000","[Unified Memory Memcpy HtoD]",
23.442888,0.006624,,,,,,,,,,"Tesla P100-PCIE-12GB (0)",,,61440.000000,"0x2acff5801000","[Unified Memory Memcpy HtoD]",
23.443122,12.318637,16,16,1,8,8,1,24,0,100,"Tesla P100-PCIE-12GB (0)","1","147",,,"gaussian_blur",2499
23.443437,10.485525,16,16,1,8,8,1,24,0,36,"Tesla P100-PCIE-12GB (0)","1","148",,,"gaussian_blur",2504
23.453030,3.475345,16,16,1,8,8,1,40,72,0,"Tesla P100-PCIE-12GB (0)","1","146",,,"sobel",2508
23.455501,3.118675,16,16,1,8,8,1,40,72,0,"Tesla P100-PCIE-12GB (0)","1","147",,,"sobel",2512
23.458736,0.559998,32,1,1,1024,1,1,8,0,0,"Tesla P100-PCIE-12GB (0)","1","149",,,"minimum",2525
23.458756,0.554046,32,1,1,1024,1,1,8,0,0,"Tesla P100-PCIE-12GB (0)","1","147",,,"maximum",2518
23.459385,1.678457,32,1,1,1024,1,1,13,0,0,"Tesla P100-PCIE-12GB (0)","1","147",,,"extend",2532
23.459411,1.553850,32,1,1,1024,1,1,12,0,0,"Tesla P100-PCIE-12GB (0)","1","148",,,"unsharpen",2539
23.461154,1.006364,32,1,1,1024,1,1,13,0,0,"Tesla P100-PCIE-12GB (0)","1","147",,,"combine",2547
23.462235,1.008604,32,1,1,1024,1,1,13,0,0,"Tesla P100-PCIE-12GB (0)","1","145",,,"combine",2555
23.463324,,,,,,,,,,,,,,"PC 0xac1c08ae","0x2acff0000000","[Unified Memory CPU page faults]",
23.463402,0.001664,,,,,,,,,,"Tesla P100-PCIE-12GB (0)",,,4096.000000,"0x2acff0000000","[Unified Memory Memcpy DtoH]",
23.463404,0.005120,,,,,,,,,,"Tesla P100-PCIE-12GB (0)",,,61440.000000,"0x2acff0001000","[Unified Memory Memcpy DtoH]",
23.554930,0.002400,32,1,1,1024,1,1,8,0,0,"Tesla P100-PCIE-12GB (0)","1","150",,,"reset",2580
23.555198,0.002080,16,16,1,8,8,1,8,0,0,"Tesla P100-PCIE-12GB (0)","1","150",,,"reset",2583
23.555548,10.160726,16,16,1,8,8,1,24,0,36,"Tesla P100-PCIE-12GB (0)","1","151",,,"gaussian_blur",2589
23.555550,0.115232,,,,,,,,,,"Tesla P100-PCIE-12GB (0)",,,"56","0x2acff5800000","[Unified Memory GPU page faults]",
23.555641,0.002112,,,,,,,,,,"Tesla P100-PCIE-12GB (0)",,,4096.000000,"0x2acff5800000","[Unified Memory Memcpy HtoD]",
23.555643,0.006816,,,,,,,,,,"Tesla P100-PCIE-12GB (0)",,,61440.000000,"0x2acff5801000","[Unified Memory Memcpy HtoD]",
23.555888,12.426220,16,16,1,8,8,1,24,0,100,"Tesla P100-PCIE-12GB (0)","1","152",,,"gaussian_blur",2594
23.556196,10.569108,16,16,1,8,8,1,24,0,36,"Tesla P100-PCIE-12GB (0)","1","153",,,"gaussian_blur",2599
23.565793,3.456945,16,16,1,8,8,1,40,72,0,"Tesla P100-PCIE-12GB (0)","1","151",,,"sobel",2603
23.568376,3.045395,16,16,1,8,8,1,40,72,0,"Tesla P100-PCIE-12GB (0)","1","152",,,"sobel",2607
23.571523,0.503134,32,1,1,1024,1,1,8,0,0,"Tesla P100-PCIE-12GB (0)","1","154",,,"minimum",2620
23.571532,0.503614,32,1,1,1024,1,1,8,0,0,"Tesla P100-PCIE-12GB (0)","1","152",,,"maximum",2613
23.572112,1.673305,32,1,1,1024,1,1,13,0,0,"Tesla P100-PCIE-12GB (0)","1","152",,,"extend",2627
23.572133,1.535578,32,1,1,1024,1,1,12,0,0,"Tesla P100-PCIE-12GB (0)","1","153",,,"unsharpen",2634
23.573874,1.005628,32,1,1,1024,1,1,13,0,0,"Tesla P100-PCIE-12GB (0)","1","152",,,"combine",2642
23.574952,1.006588,32,1,1,1024,1,1,13,0,0,"Tesla P100-PCIE-12GB (0)","1","150",,,"combine",2650
23.576021,,,,,,,,,,,,,,"PC 0xac1c08ae","0x2acff0000000","[Unified Memory CPU page faults]",
23.576103,0.001664,,,,,,,,,,"Tesla P100-PCIE-12GB (0)",,,4096.000000,"0x2acff0000000","[Unified Memory Memcpy DtoH]",
23.576105,0.005120,,,,,,,,,,"Tesla P100-PCIE-12GB (0)",,,61440.000000,"0x2acff0001000","[Unified Memory Memcpy DtoH]",
23.666070,0.002080,32,1,1,1024,1,1,8,0,0,"Tesla P100-PCIE-12GB (0)","1","155",,,"reset",2675
23.666358,0.002048,16,16,1,8,8,1,8,0,0,"Tesla P100-PCIE-12GB (0)","1","155",,,"reset",2678
23.666728,10.114422,16,16,1,8,8,1,24,0,36,"Tesla P100-PCIE-12GB (0)","1","156",,,"gaussian_blur",2684
23.666730,0.115135,,,,,,,,,,"Tesla P100-PCIE-12GB (0)",,,"56","0x2acff5800000","[Unified Memory GPU page faults]",
23.666821,0.002016,,,,,,,,,,"Tesla P100-PCIE-12GB (0)",,,4096.000000,"0x2acff5800000","[Unified Memory Memcpy HtoD]",
23.666823,0.006560,,,,,,,,,,"Tesla P100-PCIE-12GB (0)",,,61440.000000,"0x2acff5801000","[Unified Memory Memcpy HtoD]",
23.667084,12.373325,16,16,1,8,8,1,24,0,100,"Tesla P100-PCIE-12GB (0)","1","157",,,"gaussian_blur",2689
23.667402,10.523956,16,16,1,8,8,1,24,0,36,"Tesla P100-PCIE-12GB (0)","1","158",,,"gaussian_blur",2694
23.676939,3.426065,16,16,1,8,8,1,40,72,0,"Tesla P100-PCIE-12GB (0)","1","156",,,"sobel",2698
23.679526,3.007027,16,16,1,8,8,1,40,72,0,"Tesla P100-PCIE-12GB (0)","1","157",,,"sobel",2702
23.682626,0.542270,32,1,1,1024,1,1,8,0,0,"Tesla P100-PCIE-12GB (0)","1","159",,,"minimum",2715
23.682640,0.534686,32,1,1,1024,1,1,8,0,0,"Tesla P100-PCIE-12GB (0)","1","157",,,"maximum",2708
23.683256,1.675001,32,1,1,1024,1,1,13,0,0,"Tesla P100-PCIE-12GB (0)","1","157",,,"extend",2722
23.683278,1.550298,32,1,1,1024,1,1,12,0,0,"Tesla P100-PCIE-12GB (0)","1","158",,,"unsharpen",2729
23.685016,1.004604,32,1,1,1024,1,1,13,0,0,"Tesla P100-PCIE-12GB (0)","1","157",,,"combine",2737
23.686092,1.020635,32,1,1,1024,1,1,13,0,0,"Tesla P100-PCIE-12GB (0)","1","155",,,"combine",2745
23.687181,,,,,,,,,,,,,,"PC 0xac1c08ae","0x2acff0000000","[Unified Memory CPU page faults]",
23.687266,0.001664,,,,,,,,,,"Tesla P100-PCIE-12GB (0)",,,4096.000000,"0x2acff0000000","[Unified Memory Memcpy DtoH]",
23.687268,0.005088,,,,,,,,,,"Tesla P100-PCIE-12GB (0)",,,61440.000000,"0x2acff0001000","[Unified Memory Memcpy DtoH]",
23.776755,0.002304,32,1,1,1024,1,1,8,0,0,"Tesla P100-PCIE-12GB (0)","1","160",,,"reset",2770
23.777199,0.002080,16,16,1,8,8,1,8,0,0,"Tesla P100-PCIE-12GB (0)","1","160",,,"reset",2773
23.777583,10.158550,16,16,1,8,8,1,24,0,36,"Tesla P100-PCIE-12GB (0)","1","161",,,"gaussian_blur",2779
23.777585,0.125727,,,,,,,,,,"Tesla P100-PCIE-12GB (0)",,,"56","0x2acff5800000","[Unified Memory GPU page faults]",
23.777687,0.002016,,,,,,,,,,"Tesla P100-PCIE-12GB (0)",,,4096.000000,"0x2acff5800000","[Unified Memory Memcpy HtoD]",
23.777689,0.006848,,,,,,,,,,"Tesla P100-PCIE-12GB (0)",,,61440.000000,"0x2acff5801000","[Unified Memory Memcpy HtoD]",
23.777923,12.369324,16,16,1,8,8,1,24,0,100,"Tesla P100-PCIE-12GB (0)","1","162",,,"gaussian_blur",2784
23.778228,10.508117,16,16,1,8,8,1,24,0,36,"Tesla P100-PCIE-12GB (0)","1","163",,,"gaussian_blur",2789
23.787827,3.436209,16,16,1,8,8,1,40,72,0,"Tesla P100-PCIE-12GB (0)","1","161",,,"sobel",2793
23.790356,3.034579,16,16,1,8,8,1,40,72,0,"Tesla P100-PCIE-12GB (0)","1","162",,,"sobel",2797
23.793486,0.556798,32,1,1,1024,1,1,8,0,0,"Tesla P100-PCIE-12GB (0)","1","164",,,"minimum",2810
23.793506,0.552126,32,1,1,1024,1,1,8,0,0,"Tesla P100-PCIE-12GB (0)","1","162",,,"maximum",2803
23.794146,1.668729,32,1,1,1024,1,1,13,0,0,"Tesla P100-PCIE-12GB (0)","1","162",,,"extend",2817
23.794156,1.536026,32,1,1,1024,1,1,12,0,0,"Tesla P100-PCIE-12GB (0)","1","163",,,"unsharpen",2824
23.795904,1.006076,32,1,1,1024,1,1,13,0,0,"Tesla P100-PCIE-12GB (0)","1","162",,,"combine",2832
23.796983,1.002939,32,1,1,1024,1,1,13,0,0,"Tesla P100-PCIE-12GB (0)","1","160",,,"combine",2840
23.798040,,,,,,,,,,,,,,"PC 0xac1c08ae","0x2acff0000000","[Unified Memory CPU page faults]",
23.798125,0.001664,,,,,,,,,,"Tesla P100-PCIE-12GB (0)",,,4096.000000,"0x2acff0000000","[Unified Memory Memcpy DtoH]",
23.798126,0.005152,,,,,,,,,,"Tesla P100-PCIE-12GB (0)",,,61440.000000,"0x2acff0001000","[Unified Memory Memcpy DtoH]",
