==22913== NVPROF is profiling process 22913, command: java -classpath /home/users/alberto.parravicini/Documents/graalvm-ce-java8-20.2.0/jre/lib/graalvm/graalpython-launcher.jar:/home/users/alberto.parravicini/Documents/graalvm-ce-java8-20.2.0/jre/lib/graalvm/launcher-common.jar -XX:MaxHeapSize=140G com.oracl
==22913== Profiling application: java -classpath /home/users/alberto.parravicini/Documents/graalvm-ce-java8-20.2.0/jre/lib/graalvm/graalpython-launcher.jar:/home/users/alberto.parravicini/Documents/graalvm-ce-java8-20.2.0/jre/lib/graalvm/launcher-common.jar -XX:MaxHeapSize=140G com.oracl
==22913== Profiling result:
"Start","Duration","Grid X","Grid Y","Grid Z","Block X","Block Y","Block Z","Registers Per Thread","Static SMem","Dynamic SMem","Device","Context","Stream","Unified Memory","Virtual Address","Name","Correlation_ID"
s,ms,,,,,,,,B,B,,,,B,,,
11.576457,0.003616,176,1,1,1024,1,1,16,0,0,"GeForce GTX 1660 SUPER (0)","1","13",,,"reset",6
11.580018,0.014593,88,88,1,8,8,1,16,0,0,"GeForce GTX 1660 SUPER (0)","1","13",,,"reset",9
11.581454,0.001408,,,,,,,,,,"GeForce GTX 1660 SUPER (0)",,,4096.000000,"0x7f9f9f800000","[Unified Memory Memcpy HtoD]",
11.582128,6.637799,88,88,1,8,8,1,27,0,36,"GeForce GTX 1660 SUPER (0)","1","14",,,"gaussian_blur",16
11.588497,11.143204,88,88,1,8,8,1,27,0,100,"GeForce GTX 1660 SUPER (0)","1","15",,,"gaussian_blur",22
11.599156,7.380140,88,88,1,8,8,1,27,0,36,"GeForce GTX 1660 SUPER (0)","1","16",,,"gaussian_blur",28
11.605901,5.701177,88,88,1,8,8,1,40,72,0,"GeForce GTX 1660 SUPER (0)","1","14",,,"sobel",32
11.611377,5.565554,88,88,1,8,8,1,40,72,0,"GeForce GTX 1660 SUPER (0)","1","15",,,"sobel",36
11.616919,1.006481,176,1,1,1024,1,1,16,0,0,"GeForce GTX 1660 SUPER (0)","1","16",,,"unsharpen",56
11.617883,0.429237,176,1,1,1024,1,1,16,0,0,"GeForce GTX 1660 SUPER (0)","1","17",,,"minimum",46
11.618276,0.417940,176,1,1,1024,1,1,16,0,0,"GeForce GTX 1660 SUPER (0)","1","15",,,"maximum",40
11.618697,0.883244,176,1,1,1024,1,1,17,0,0,"GeForce GTX 1660 SUPER (0)","1","15",,,"extend",50
11.631088,1.264318,176,1,1,1024,1,1,16,0,0,"GeForce GTX 1660 SUPER (0)","1","15",,,"combine",61
11.632355,1.263358,176,1,1,1024,1,1,16,0,0,"GeForce GTX 1660 SUPER (0)","1","13",,,"combine",66
11.634189,0.001024,,,,,,,,,,"GeForce GTX 1660 SUPER (0)",,,4096.000000,"0x7f9f9a000000","[Unified Memory Memcpy DtoH]",
11.634190,0.005344,,,,,,,,,,"GeForce GTX 1660 SUPER (0)",,,61440.000000,"0x7f9f9a001000","[Unified Memory Memcpy DtoH]",
11.634716,,,,,,,,,,,,,,"PC 0xe85d73de","0x7f9f9a000000","[Unified Memory CPU page faults]",
11.845846,0.003648,176,1,1,1024,1,1,16,0,0,"GeForce GTX 1660 SUPER (0)","1","18",,,"reset",89
11.846057,0.014369,88,88,1,8,8,1,16,0,0,"GeForce GTX 1660 SUPER (0)","1","18",,,"reset",92
11.846418,6.723819,88,88,1,8,8,1,27,0,36,"GeForce GTX 1660 SUPER (0)","1","19",,,"gaussian_blur",96
11.846419,0.099109,,,,,,,,,,"GeForce GTX 1660 SUPER (0)",,,"22","0x7f9f9f800000","[Unified Memory GPU page faults]",
11.846502,0.001344,,,,,,,,,,"GeForce GTX 1660 SUPER (0)",,,4096.000000,"0x7f9f9f800000","[Unified Memory Memcpy HtoD]",
11.846503,0.005793,,,,,,,,,,"GeForce GTX 1660 SUPER (0)",,,61440.000000,"0x7f9f9f801000","[Unified Memory Memcpy HtoD]",
11.852864,11.192935,88,88,1,8,8,1,27,0,100,"GeForce GTX 1660 SUPER (0)","1","20",,,"gaussian_blur",100
11.863576,7.361034,88,88,1,8,8,1,27,0,36,"GeForce GTX 1660 SUPER (0)","1","21",,,"gaussian_blur",104
11.870329,5.656087,88,88,1,8,8,1,40,72,0,"GeForce GTX 1660 SUPER (0)","1","19",,,"sobel",107
11.875760,5.573747,88,88,1,8,8,1,40,72,0,"GeForce GTX 1660 SUPER (0)","1","20",,,"sobel",110
11.881305,1.008274,176,1,1,1024,1,1,16,0,0,"GeForce GTX 1660 SUPER (0)","1","21",,,"unsharpen",129
11.882275,0.428725,176,1,1,1024,1,1,16,0,0,"GeForce GTX 1660 SUPER (0)","1","22",,,"minimum",120
11.882666,0.421141,176,1,1,1024,1,1,16,0,0,"GeForce GTX 1660 SUPER (0)","1","20",,,"maximum",114
11.883090,0.884492,176,1,1,1024,1,1,17,0,0,"GeForce GTX 1660 SUPER (0)","1","20",,,"extend",124
11.883977,1.265470,176,1,1,1024,1,1,16,0,0,"GeForce GTX 1660 SUPER (0)","1","20",,,"combine",133
11.885247,1.258494,176,1,1,1024,1,1,16,0,0,"GeForce GTX 1660 SUPER (0)","1","18",,,"combine",138
11.886950,,,,,,,,,,,,,,"PC 0xe85d73de","0x7f9f9a000000","[Unified Memory CPU page faults]",
11.886997,0.001024,,,,,,,,,,"GeForce GTX 1660 SUPER (0)",,,4096.000000,"0x7f9f9a000000","[Unified Memory Memcpy DtoH]",
11.886998,0.006336,,,,,,,,,,"GeForce GTX 1660 SUPER (0)",,,61440.000000,"0x7f9f9a001000","[Unified Memory Memcpy DtoH]",
12.017479,0.003552,176,1,1,1024,1,1,16,0,0,"GeForce GTX 1660 SUPER (0)","1","23",,,"reset",161
12.020916,0.014273,88,88,1,8,8,1,16,0,0,"GeForce GTX 1660 SUPER (0)","1","23",,,"reset",164
12.021586,6.663368,88,88,1,8,8,1,27,0,36,"GeForce GTX 1660 SUPER (0)","1","24",,,"gaussian_blur",168
12.021587,0.078116,,,,,,,,,,"GeForce GTX 1660 SUPER (0)",,,"22","0x7f9f9f800000","[Unified Memory GPU page faults]",
12.021647,0.001345,,,,,,,,,,"GeForce GTX 1660 SUPER (0)",,,4096.000000,"0x7f9f9f800000","[Unified Memory Memcpy HtoD]",
12.021649,0.005824,,,,,,,,,,"GeForce GTX 1660 SUPER (0)",,,61440.000000,"0x7f9f9f801000","[Unified Memory Memcpy HtoD]",
12.027974,11.062240,88,88,1,8,8,1,27,0,100,"GeForce GTX 1660 SUPER (0)","1","25",,,"gaussian_blur",172
12.038535,7.371307,88,88,1,8,8,1,27,0,36,"GeForce GTX 1660 SUPER (0)","1","26",,,"gaussian_blur",176
12.045257,5.654742,88,88,1,8,8,1,40,72,0,"GeForce GTX 1660 SUPER (0)","1","24",,,"sobel",179
12.050679,5.580563,88,88,1,8,8,1,40,72,0,"GeForce GTX 1660 SUPER (0)","1","25",,,"sobel",182
12.056229,0.998097,176,1,1,1024,1,1,16,0,0,"GeForce GTX 1660 SUPER (0)","1","26",,,"unsharpen",201
12.057197,0.412181,176,1,1,1024,1,1,16,0,0,"GeForce GTX 1660 SUPER (0)","1","27",,,"minimum",192
12.057583,0.408340,176,1,1,1024,1,1,16,0,0,"GeForce GTX 1660 SUPER (0)","1","25",,,"maximum",186
12.057994,0.878507,176,1,1,1024,1,1,17,0,0,"GeForce GTX 1660 SUPER (0)","1","25",,,"extend",196
12.058876,1.262462,176,1,1,1024,1,1,16,0,0,"GeForce GTX 1660 SUPER (0)","1","25",,,"combine",205
12.060141,1.261534,176,1,1,1024,1,1,16,0,0,"GeForce GTX 1660 SUPER (0)","1","23",,,"combine",210
12.061645,,,,,,,,,,,,,,"PC 0xe85d73de","0x7f9f9a000000","[Unified Memory CPU page faults]",
12.061681,0.001024,,,,,,,,,,"GeForce GTX 1660 SUPER (0)",,,4096.000000,"0x7f9f9a000000","[Unified Memory Memcpy DtoH]",
12.061682,0.005376,,,,,,,,,,"GeForce GTX 1660 SUPER (0)",,,61440.000000,"0x7f9f9a001000","[Unified Memory Memcpy DtoH]",
12.184959,0.003616,176,1,1,1024,1,1,16,0,0,"GeForce GTX 1660 SUPER (0)","1","28",,,"reset",233
12.185269,0.014081,88,88,1,8,8,1,16,0,0,"GeForce GTX 1660 SUPER (0)","1","28",,,"reset",236
12.185553,6.664104,88,88,1,8,8,1,27,0,36,"GeForce GTX 1660 SUPER (0)","1","29",,,"gaussian_blur",240
12.185554,0.083972,,,,,,,,,,"GeForce GTX 1660 SUPER (0)",,,"22","0x7f9f9f800000","[Unified Memory GPU page faults]",
12.185619,0.001376,,,,,,,,,,"GeForce GTX 1660 SUPER (0)",,,4096.000000,"0x7f9f9f800000","[Unified Memory Memcpy HtoD]",
12.185621,0.005888,,,,,,,,,,"GeForce GTX 1660 SUPER (0)",,,61440.000000,"0x7f9f9f801000","[Unified Memory Memcpy HtoD]",
12.191940,11.095650,88,88,1,8,8,1,27,0,100,"GeForce GTX 1660 SUPER (0)","1","30",,,"gaussian_blur",244
12.202547,7.400588,88,88,1,8,8,1,27,0,36,"GeForce GTX 1660 SUPER (0)","1","31",,,"gaussian_blur",248
12.209295,5.655286,88,88,1,8,8,1,40,72,0,"GeForce GTX 1660 SUPER (0)","1","29",,,"sobel",251
12.214719,5.597459,88,88,1,8,8,1,40,72,0,"GeForce GTX 1660 SUPER (0)","1","30",,,"sobel",254
12.220289,1.000945,176,1,1,1024,1,1,16,0,0,"GeForce GTX 1660 SUPER (0)","1","31",,,"unsharpen",273
12.221253,0.428470,176,1,1,1024,1,1,16,0,0,"GeForce GTX 1660 SUPER (0)","1","32",,,"minimum",264
12.221643,0.414868,176,1,1,1024,1,1,16,0,0,"GeForce GTX 1660 SUPER (0)","1","30",,,"maximum",258
12.222060,0.881676,176,1,1,1024,1,1,17,0,0,"GeForce GTX 1660 SUPER (0)","1","30",,,"extend",268
12.222944,1.264382,176,1,1,1024,1,1,16,0,0,"GeForce GTX 1660 SUPER (0)","1","30",,,"combine",277
12.224212,1.258654,176,1,1,1024,1,1,16,0,0,"GeForce GTX 1660 SUPER (0)","1","28",,,"combine",282
12.225720,,,,,,,,,,,,,,"PC 0xe85d73de","0x7f9f9a000000","[Unified Memory CPU page faults]",
12.225755,0.001024,,,,,,,,,,"GeForce GTX 1660 SUPER (0)",,,4096.000000,"0x7f9f9a000000","[Unified Memory Memcpy DtoH]",
12.225756,0.005344,,,,,,,,,,"GeForce GTX 1660 SUPER (0)",,,61440.000000,"0x7f9f9a001000","[Unified Memory Memcpy DtoH]",
12.349479,0.003584,176,1,1,1024,1,1,16,0,0,"GeForce GTX 1660 SUPER (0)","1","33",,,"reset",305
12.350456,0.014241,88,88,1,8,8,1,16,0,0,"GeForce GTX 1660 SUPER (0)","1","33",,,"reset",308
12.350746,6.677993,88,88,1,8,8,1,27,0,36,"GeForce GTX 1660 SUPER (0)","1","34",,,"gaussian_blur",312
12.350747,0.100612,,,,,,,,,,"GeForce GTX 1660 SUPER (0)",,,"22","0x7f9f9f800000","[Unified Memory GPU page faults]",
12.350826,0.001344,,,,,,,,,,"GeForce GTX 1660 SUPER (0)",,,4096.000000,"0x7f9f9f800000","[Unified Memory Memcpy HtoD]",
12.350827,0.006049,,,,,,,,,,"GeForce GTX 1660 SUPER (0)",,,61440.000000,"0x7f9f9f801000","[Unified Memory Memcpy HtoD]",
12.357163,11.054336,88,88,1,8,8,1,27,0,100,"GeForce GTX 1660 SUPER (0)","1","35",,,"gaussian_blur",316
12.367709,7.415405,88,88,1,8,8,1,27,0,36,"GeForce GTX 1660 SUPER (0)","1","36",,,"gaussian_blur",320
12.374469,5.675032,88,88,1,8,8,1,40,72,0,"GeForce GTX 1660 SUPER (0)","1","34",,,"sobel",323
12.379916,5.581619,88,88,1,8,8,1,40,72,0,"GeForce GTX 1660 SUPER (0)","1","35",,,"sobel",326
12.385471,1.006289,176,1,1,1024,1,1,16,0,0,"GeForce GTX 1660 SUPER (0)","1","36",,,"unsharpen",345
12.386439,0.428533,176,1,1,1024,1,1,16,0,0,"GeForce GTX 1660 SUPER (0)","1","37",,,"minimum",336
12.386830,0.417716,176,1,1,1024,1,1,16,0,0,"GeForce GTX 1660 SUPER (0)","1","35",,,"maximum",330
12.387251,0.881996,176,1,1,1024,1,1,17,0,0,"GeForce GTX 1660 SUPER (0)","1","35",,,"extend",340
12.388135,1.258814,176,1,1,1024,1,1,16,0,0,"GeForce GTX 1660 SUPER (0)","1","35",,,"combine",349
12.389397,1.262430,176,1,1,1024,1,1,16,0,0,"GeForce GTX 1660 SUPER (0)","1","33",,,"combine",354
12.390988,,,,,,,,,,,,,,"PC 0xe85d73de","0x7f9f9a000000","[Unified Memory CPU page faults]",
12.391039,0.000992,,,,,,,,,,"GeForce GTX 1660 SUPER (0)",,,4096.000000,"0x7f9f9a000000","[Unified Memory Memcpy DtoH]",
12.391040,0.005440,,,,,,,,,,"GeForce GTX 1660 SUPER (0)",,,61440.000000,"0x7f9f9a001000","[Unified Memory Memcpy DtoH]",
12.523330,0.003617,176,1,1,1024,1,1,16,0,0,"GeForce GTX 1660 SUPER (0)","1","38",,,"reset",377
12.523656,0.014240,88,88,1,8,8,1,16,0,0,"GeForce GTX 1660 SUPER (0)","1","38",,,"reset",380
12.523861,6.697481,88,88,1,8,8,1,27,0,36,"GeForce GTX 1660 SUPER (0)","1","39",,,"gaussian_blur",384
12.523862,0.109061,,,,,,,,,,"GeForce GTX 1660 SUPER (0)",,,"22","0x7f9f9f800000","[Unified Memory GPU page faults]",
12.523951,0.001344,,,,,,,,,,"GeForce GTX 1660 SUPER (0)",,,4096.000000,"0x7f9f9f800000","[Unified Memory Memcpy HtoD]",
12.523952,0.005824,,,,,,,,,,"GeForce GTX 1660 SUPER (0)",,,61440.000000,"0x7f9f9f801000","[Unified Memory Memcpy HtoD]",
12.530288,11.070529,88,88,1,8,8,1,27,0,100,"GeForce GTX 1660 SUPER (0)","1","40",,,"gaussian_blur",388
12.540899,7.386124,88,88,1,8,8,1,27,0,36,"GeForce GTX 1660 SUPER (0)","1","41",,,"gaussian_blur",392
12.547640,5.652918,88,88,1,8,8,1,40,72,0,"GeForce GTX 1660 SUPER (0)","1","39",,,"sobel",395
12.553069,5.566738,88,88,1,8,8,1,40,72,0,"GeForce GTX 1660 SUPER (0)","1","40",,,"sobel",398
12.558603,1.012306,176,1,1,1024,1,1,16,0,0,"GeForce GTX 1660 SUPER (0)","1","41",,,"unsharpen",417
12.559564,0.440246,176,1,1,1024,1,1,16,0,0,"GeForce GTX 1660 SUPER (0)","1","42",,,"minimum",408
12.559963,0.416692,176,1,1,1024,1,1,16,0,0,"GeForce GTX 1660 SUPER (0)","1","40",,,"maximum",402
12.560383,0.877067,176,1,1,1024,1,1,17,0,0,"GeForce GTX 1660 SUPER (0)","1","40",,,"extend",412
12.561262,1.265886,176,1,1,1024,1,1,16,0,0,"GeForce GTX 1660 SUPER (0)","1","40",,,"combine",421
12.562531,1.261054,176,1,1,1024,1,1,16,0,0,"GeForce GTX 1660 SUPER (0)","1","38",,,"combine",426
12.564054,,,,,,,,,,,,,,"PC 0xe85d73de","0x7f9f9a000000","[Unified Memory CPU page faults]",
12.564097,0.000992,,,,,,,,,,"GeForce GTX 1660 SUPER (0)",,,4096.000000,"0x7f9f9a000000","[Unified Memory Memcpy DtoH]",
12.564098,0.005312,,,,,,,,,,"GeForce GTX 1660 SUPER (0)",,,61440.000000,"0x7f9f9a001000","[Unified Memory Memcpy DtoH]",
12.678062,0.003584,176,1,1,1024,1,1,16,0,0,"GeForce GTX 1660 SUPER (0)","1","43",,,"reset",449
12.678382,0.014144,88,88,1,8,8,1,16,0,0,"GeForce GTX 1660 SUPER (0)","1","43",,,"reset",452
12.678612,6.704042,88,88,1,8,8,1,27,0,36,"GeForce GTX 1660 SUPER (0)","1","44",,,"gaussian_blur",456
12.678613,0.113829,,,,,,,,,,"GeForce GTX 1660 SUPER (0)",,,"22","0x7f9f9f800000","[Unified Memory GPU page faults]",
12.678708,0.001376,,,,,,,,,,"GeForce GTX 1660 SUPER (0)",,,4096.000000,"0x7f9f9f800000","[Unified Memory Memcpy HtoD]",
12.678709,0.005856,,,,,,,,,,"GeForce GTX 1660 SUPER (0)",,,61440.000000,"0x7f9f9f801000","[Unified Memory Memcpy HtoD]",
12.685043,11.033824,88,88,1,8,8,1,27,0,100,"GeForce GTX 1660 SUPER (0)","1","45",,,"gaussian_blur",460
12.695631,7.394476,88,88,1,8,8,1,27,0,36,"GeForce GTX 1660 SUPER (0)","1","46",,,"gaussian_blur",464
12.702356,5.669239,88,88,1,8,8,1,40,72,0,"GeForce GTX 1660 SUPER (0)","1","44",,,"sobel",467
12.707790,5.597172,88,88,1,8,8,1,40,72,0,"GeForce GTX 1660 SUPER (0)","1","45",,,"sobel",470
12.713352,1.011538,176,1,1,1024,1,1,16,0,0,"GeForce GTX 1660 SUPER (0)","1","46",,,"unsharpen",489
12.714326,0.423477,176,1,1,1024,1,1,16,0,0,"GeForce GTX 1660 SUPER (0)","1","47",,,"minimum",480
12.714718,0.414164,176,1,1,1024,1,1,16,0,0,"GeForce GTX 1660 SUPER (0)","1","45",,,"maximum",474
12.715135,0.880267,176,1,1,1024,1,1,17,0,0,"GeForce GTX 1660 SUPER (0)","1","45",,,"extend",484
12.716018,1.263454,176,1,1,1024,1,1,16,0,0,"GeForce GTX 1660 SUPER (0)","1","45",,,"combine",493
12.717285,1.260478,176,1,1,1024,1,1,16,0,0,"GeForce GTX 1660 SUPER (0)","1","43",,,"combine",498
12.718775,,,,,,,,,,,,,,"PC 0xe85d73de","0x7f9f9a000000","[Unified Memory CPU page faults]",
12.718818,0.001056,,,,,,,,,,"GeForce GTX 1660 SUPER (0)",,,4096.000000,"0x7f9f9a000000","[Unified Memory Memcpy DtoH]",
12.718819,0.005376,,,,,,,,,,"GeForce GTX 1660 SUPER (0)",,,61440.000000,"0x7f9f9a001000","[Unified Memory Memcpy DtoH]",
12.896413,0.003584,176,1,1,1024,1,1,16,0,0,"GeForce GTX 1660 SUPER (0)","1","48",,,"reset",521
12.896654,0.014305,88,88,1,8,8,1,16,0,0,"GeForce GTX 1660 SUPER (0)","1","48",,,"reset",524
12.896839,6.685833,88,88,1,8,8,1,27,0,36,"GeForce GTX 1660 SUPER (0)","1","49",,,"gaussian_blur",528
12.896840,0.089732,,,,,,,,,,"GeForce GTX 1660 SUPER (0)",,,"22","0x7f9f9f800000","[Unified Memory GPU page faults]",
12.896917,0.001472,,,,,,,,,,"GeForce GTX 1660 SUPER (0)",,,4096.000000,"0x7f9f9f800000","[Unified Memory Memcpy HtoD]",
12.896918,0.005761,,,,,,,,,,"GeForce GTX 1660 SUPER (0)",,,61440.000000,"0x7f9f9f801000","[Unified Memory Memcpy HtoD]",
12.903254,11.062945,88,88,1,8,8,1,27,0,100,"GeForce GTX 1660 SUPER (0)","1","50",,,"gaussian_blur",532
12.913844,7.353930,88,88,1,8,8,1,27,0,36,"GeForce GTX 1660 SUPER (0)","1","51",,,"gaussian_blur",536
12.920576,5.670167,88,88,1,8,8,1,40,72,0,"GeForce GTX 1660 SUPER (0)","1","49",,,"sobel",539
12.926020,5.577714,88,88,1,8,8,1,40,72,0,"GeForce GTX 1660 SUPER (0)","1","50",,,"sobel",542
12.931574,0.998577,176,1,1,1024,1,1,16,0,0,"GeForce GTX 1660 SUPER (0)","1","51",,,"unsharpen",561
12.932538,0.417972,176,1,1,1024,1,1,16,0,0,"GeForce GTX 1660 SUPER (0)","1","52",,,"minimum",552
12.933297,0.389811,176,1,1,1024,1,1,16,0,0,"GeForce GTX 1660 SUPER (0)","1","50",,,"maximum",546
12.933690,0.878092,176,1,1,1024,1,1,17,0,0,"GeForce GTX 1660 SUPER (0)","1","50",,,"extend",556
12.934571,1.262654,176,1,1,1024,1,1,16,0,0,"GeForce GTX 1660 SUPER (0)","1","50",,,"combine",565
12.935835,1.258910,176,1,1,1024,1,1,16,0,0,"GeForce GTX 1660 SUPER (0)","1","48",,,"combine",570
12.937432,,,,,,,,,,,,,,"PC 0xe85d73de","0x7f9f9a000000","[Unified Memory CPU page faults]",
12.937487,0.001152,,,,,,,,,,"GeForce GTX 1660 SUPER (0)",,,4096.000000,"0x7f9f9a000000","[Unified Memory Memcpy DtoH]",
12.937488,0.005761,,,,,,,,,,"GeForce GTX 1660 SUPER (0)",,,61440.000000,"0x7f9f9a001000","[Unified Memory Memcpy DtoH]",
13.096877,0.003680,176,1,1,1024,1,1,16,0,0,"GeForce GTX 1660 SUPER (0)","1","53",,,"reset",593
13.097208,0.014465,88,88,1,8,8,1,16,0,0,"GeForce GTX 1660 SUPER (0)","1","53",,,"reset",596
13.097476,6.700650,88,88,1,8,8,1,27,0,36,"GeForce GTX 1660 SUPER (0)","1","54",,,"gaussian_blur",600
13.097477,0.084645,,,,,,,,,,"GeForce GTX 1660 SUPER (0)",,,"22","0x7f9f9f800000","[Unified Memory GPU page faults]",
13.097543,0.001376,,,,,,,,,,"GeForce GTX 1660 SUPER (0)",,,4096.000000,"0x7f9f9f800000","[Unified Memory Memcpy HtoD]",
13.097544,0.005920,,,,,,,,,,"GeForce GTX 1660 SUPER (0)",,,61440.000000,"0x7f9f9f801000","[Unified Memory Memcpy HtoD]",
13.103903,11.054688,88,88,1,8,8,1,27,0,100,"GeForce GTX 1660 SUPER (0)","1","55",,,"gaussian_blur",604
13.114479,7.432590,88,88,1,8,8,1,27,0,36,"GeForce GTX 1660 SUPER (0)","1","56",,,"gaussian_blur",608
13.121238,5.659127,88,88,1,8,8,1,40,72,0,"GeForce GTX 1660 SUPER (0)","1","54",,,"sobel",611
13.126662,5.593811,88,88,1,8,8,1,40,72,0,"GeForce GTX 1660 SUPER (0)","1","55",,,"sobel",614
13.132218,1.011954,176,1,1,1024,1,1,16,0,0,"GeForce GTX 1660 SUPER (0)","1","56",,,"unsharpen",633
13.133188,0.427381,176,1,1,1024,1,1,16,0,0,"GeForce GTX 1660 SUPER (0)","1","57",,,"minimum",624
13.133582,0.418196,176,1,1,1024,1,1,16,0,0,"GeForce GTX 1660 SUPER (0)","1","55",,,"maximum",618
13.134003,0.880812,176,1,1,1024,1,1,17,0,0,"GeForce GTX 1660 SUPER (0)","1","55",,,"extend",628
13.134886,1.260862,176,1,1,1024,1,1,16,0,0,"GeForce GTX 1660 SUPER (0)","1","55",,,"combine",637
13.136150,1.260606,176,1,1,1024,1,1,16,0,0,"GeForce GTX 1660 SUPER (0)","1","53",,,"combine",642
13.137686,,,,,,,,,,,,,,"PC 0xe85d73de","0x7f9f9a000000","[Unified Memory CPU page faults]",
13.137742,0.000992,,,,,,,,,,"GeForce GTX 1660 SUPER (0)",,,4096.000000,"0x7f9f9a000000","[Unified Memory Memcpy DtoH]",
13.137743,0.005409,,,,,,,,,,"GeForce GTX 1660 SUPER (0)",,,61440.000000,"0x7f9f9a001000","[Unified Memory Memcpy DtoH]",
13.280917,0.003584,176,1,1,1024,1,1,16,0,0,"GeForce GTX 1660 SUPER (0)","1","58",,,"reset",665
13.281102,0.014049,88,88,1,8,8,1,16,0,0,"GeForce GTX 1660 SUPER (0)","1","58",,,"reset",668
13.281258,6.658215,88,88,1,8,8,1,27,0,36,"GeForce GTX 1660 SUPER (0)","1","59",,,"gaussian_blur",672
13.281259,0.064099,,,,,,,,,,"GeForce GTX 1660 SUPER (0)",,,"22","0x7f9f9f800000","[Unified Memory GPU page faults]",
13.281309,0.001376,,,,,,,,,,"GeForce GTX 1660 SUPER (0)",,,4096.000000,"0x7f9f9f800000","[Unified Memory Memcpy HtoD]",
13.281310,0.005728,,,,,,,,,,"GeForce GTX 1660 SUPER (0)",,,61440.000000,"0x7f9f9f801000","[Unified Memory Memcpy HtoD]",
13.287641,11.085025,88,88,1,8,8,1,27,0,100,"GeForce GTX 1660 SUPER (0)","1","60",,,"gaussian_blur",676
13.298244,7.426829,88,88,1,8,8,1,27,0,36,"GeForce GTX 1660 SUPER (0)","1","61",,,"gaussian_blur",680
13.304978,5.643126,88,88,1,8,8,1,40,72,0,"GeForce GTX 1660 SUPER (0)","1","59",,,"sobel",683
13.310397,5.585747,88,88,1,8,8,1,40,72,0,"GeForce GTX 1660 SUPER (0)","1","60",,,"sobel",686
13.315962,0.996977,176,1,1,1024,1,1,16,0,0,"GeForce GTX 1660 SUPER (0)","1","61",,,"unsharpen",705
13.316929,0.417877,176,1,1,1024,1,1,16,0,0,"GeForce GTX 1660 SUPER (0)","1","62",,,"minimum",696
13.317317,0.416500,176,1,1,1024,1,1,16,0,0,"GeForce GTX 1660 SUPER (0)","1","60",,,"maximum",690
13.317737,0.879819,176,1,1,1024,1,1,17,0,0,"GeForce GTX 1660 SUPER (0)","1","60",,,"extend",700
13.318619,1.265470,176,1,1,1024,1,1,16,0,0,"GeForce GTX 1660 SUPER (0)","1","60",,,"combine",709
13.319887,1.263102,176,1,1,1024,1,1,16,0,0,"GeForce GTX 1660 SUPER (0)","1","58",,,"combine",714
13.321331,,,,,,,,,,,,,,"PC 0xe85d73de","0x7f9f9a000000","[Unified Memory CPU page faults]",
13.321377,0.001024,,,,,,,,,,"GeForce GTX 1660 SUPER (0)",,,4096.000000,"0x7f9f9a000000","[Unified Memory Memcpy DtoH]",
13.321378,0.005377,,,,,,,,,,"GeForce GTX 1660 SUPER (0)",,,61440.000000,"0x7f9f9a001000","[Unified Memory Memcpy DtoH]",
13.443737,0.003616,176,1,1,1024,1,1,16,0,0,"GeForce GTX 1660 SUPER (0)","1","63",,,"reset",737
13.444079,0.014241,88,88,1,8,8,1,16,0,0,"GeForce GTX 1660 SUPER (0)","1","63",,,"reset",740
13.446957,6.690985,88,88,1,8,8,1,27,0,36,"GeForce GTX 1660 SUPER (0)","1","64",,,"gaussian_blur",744
13.446958,0.098405,,,,,,,,,,"GeForce GTX 1660 SUPER (0)",,,"22","0x7f9f9f800000","[Unified Memory GPU page faults]",
13.447038,0.001344,,,,,,,,,,"GeForce GTX 1660 SUPER (0)",,,4096.000000,"0x7f9f9f800000","[Unified Memory Memcpy HtoD]",
13.447039,0.005792,,,,,,,,,,"GeForce GTX 1660 SUPER (0)",,,61440.000000,"0x7f9f9f801000","[Unified Memory Memcpy HtoD]",
13.453378,11.056928,88,88,1,8,8,1,27,0,100,"GeForce GTX 1660 SUPER (0)","1","65",,,"gaussian_blur",748
13.463955,7.359915,88,88,1,8,8,1,27,0,36,"GeForce GTX 1660 SUPER (0)","1","66",,,"gaussian_blur",752
13.470664,5.659894,88,88,1,8,8,1,40,72,0,"GeForce GTX 1660 SUPER (0)","1","64",,,"sobel",755
13.476096,5.590547,88,88,1,8,8,1,40,72,0,"GeForce GTX 1660 SUPER (0)","1","65",,,"sobel",758
13.481660,1.002545,176,1,1,1024,1,1,16,0,0,"GeForce GTX 1660 SUPER (0)","1","66",,,"unsharpen",777
13.482624,0.428885,176,1,1,1024,1,1,16,0,0,"GeForce GTX 1660 SUPER (0)","1","67",,,"minimum",768
13.483014,0.416628,176,1,1,1024,1,1,16,0,0,"GeForce GTX 1660 SUPER (0)","1","65",,,"maximum",762
13.483433,0.877771,176,1,1,1024,1,1,17,0,0,"GeForce GTX 1660 SUPER (0)","1","65",,,"extend",772
13.484313,1.266047,176,1,1,1024,1,1,16,0,0,"GeForce GTX 1660 SUPER (0)","1","65",,,"combine",781
13.485582,1.256254,176,1,1,1024,1,1,16,0,0,"GeForce GTX 1660 SUPER (0)","1","63",,,"combine",786
13.487043,,,,,,,,,,,,,,"PC 0xe85d73de","0x7f9f9a000000","[Unified Memory CPU page faults]",
13.487097,0.001025,,,,,,,,,,"GeForce GTX 1660 SUPER (0)",,,4096.000000,"0x7f9f9a000000","[Unified Memory Memcpy DtoH]",
13.487098,0.005408,,,,,,,,,,"GeForce GTX 1660 SUPER (0)",,,61440.000000,"0x7f9f9a001000","[Unified Memory Memcpy DtoH]",
13.591549,0.003552,176,1,1,1024,1,1,16,0,0,"GeForce GTX 1660 SUPER (0)","1","68",,,"reset",809
13.591907,0.014112,88,88,1,8,8,1,16,0,0,"GeForce GTX 1660 SUPER (0)","1","68",,,"reset",812
13.592317,6.672488,88,88,1,8,8,1,27,0,36,"GeForce GTX 1660 SUPER (0)","1","69",,,"gaussian_blur",816
13.592318,0.097669,,,,,,,,,,"GeForce GTX 1660 SUPER (0)",,,"22","0x7f9f9f800000","[Unified Memory GPU page faults]",
13.592397,0.001344,,,,,,,,,,"GeForce GTX 1660 SUPER (0)",,,4096.000000,"0x7f9f9f800000","[Unified Memory Memcpy HtoD]",
13.592399,0.005760,,,,,,,,,,"GeForce GTX 1660 SUPER (0)",,,61440.000000,"0x7f9f9f801000","[Unified Memory Memcpy HtoD]",
13.598722,11.081217,88,88,1,8,8,1,27,0,100,"GeForce GTX 1660 SUPER (0)","1","70",,,"gaussian_blur",820
13.609316,7.406797,88,88,1,8,8,1,27,0,36,"GeForce GTX 1660 SUPER (0)","1","71",,,"gaussian_blur",824
13.616063,5.660406,88,88,1,8,8,1,40,72,0,"GeForce GTX 1660 SUPER (0)","1","69",,,"sobel",827
13.621495,5.590483,88,88,1,8,8,1,40,72,0,"GeForce GTX 1660 SUPER (0)","1","70",,,"sobel",830
13.627050,1.009490,176,1,1,1024,1,1,16,0,0,"GeForce GTX 1660 SUPER (0)","1","71",,,"unsharpen",849
13.628013,0.436597,176,1,1,1024,1,1,16,0,0,"GeForce GTX 1660 SUPER (0)","1","72",,,"minimum",840
13.628410,0.416693,176,1,1,1024,1,1,16,0,0,"GeForce GTX 1660 SUPER (0)","1","70",,,"maximum",834
13.628830,0.877131,176,1,1,1024,1,1,17,0,0,"GeForce GTX 1660 SUPER (0)","1","70",,,"extend",844
13.629710,1.260446,176,1,1,1024,1,1,16,0,0,"GeForce GTX 1660 SUPER (0)","1","70",,,"combine",853
13.630973,1.261567,176,1,1,1024,1,1,16,0,0,"GeForce GTX 1660 SUPER (0)","1","68",,,"combine",858
13.632519,,,,,,,,,,,,,,"PC 0xe85d73de","0x7f9f9a000000","[Unified Memory CPU page faults]",
13.632576,0.001024,,,,,,,,,,"GeForce GTX 1660 SUPER (0)",,,4096.000000,"0x7f9f9a000000","[Unified Memory Memcpy DtoH]",
13.632577,0.005377,,,,,,,,,,"GeForce GTX 1660 SUPER (0)",,,61440.000000,"0x7f9f9a001000","[Unified Memory Memcpy DtoH]",
13.736206,0.003584,176,1,1,1024,1,1,16,0,0,"GeForce GTX 1660 SUPER (0)","1","73",,,"reset",881
13.736413,0.013985,88,88,1,8,8,1,16,0,0,"GeForce GTX 1660 SUPER (0)","1","73",,,"reset",884
13.736584,6.707754,88,88,1,8,8,1,27,0,36,"GeForce GTX 1660 SUPER (0)","1","74",,,"gaussian_blur",888
13.736585,0.121094,,,,,,,,,,"GeForce GTX 1660 SUPER (0)",,,"22","0x7f9f9f800000","[Unified Memory GPU page faults]",
13.736687,0.001376,,,,,,,,,,"GeForce GTX 1660 SUPER (0)",,,4096.000000,"0x7f9f9f800000","[Unified Memory Memcpy HtoD]",
13.736688,0.005760,,,,,,,,,,"GeForce GTX 1660 SUPER (0)",,,61440.000000,"0x7f9f9f801000","[Unified Memory Memcpy HtoD]",
13.743016,11.065217,88,88,1,8,8,1,27,0,100,"GeForce GTX 1660 SUPER (0)","1","75",,,"gaussian_blur",892
13.753590,7.426893,88,88,1,8,8,1,27,0,36,"GeForce GTX 1660 SUPER (0)","1","76",,,"gaussian_blur",896
13.760347,5.661686,88,88,1,8,8,1,40,72,0,"GeForce GTX 1660 SUPER (0)","1","74",,,"sobel",899
13.765787,5.577459,88,88,1,8,8,1,40,72,0,"GeForce GTX 1660 SUPER (0)","1","75",,,"sobel",902
13.771338,1.000689,176,1,1,1024,1,1,16,0,0,"GeForce GTX 1660 SUPER (0)","1","76",,,"unsharpen",921
13.772307,0.414741,176,1,1,1024,1,1,16,0,0,"GeForce GTX 1660 SUPER (0)","1","77",,,"minimum",912
13.772696,0.409717,176,1,1,1024,1,1,16,0,0,"GeForce GTX 1660 SUPER (0)","1","75",,,"maximum",906
13.773108,0.879787,176,1,1,1024,1,1,17,0,0,"GeForce GTX 1660 SUPER (0)","1","75",,,"extend",916
13.773990,1.265214,176,1,1,1024,1,1,16,0,0,"GeForce GTX 1660 SUPER (0)","1","75",,,"combine",925
13.775258,1.258238,176,1,1,1024,1,1,16,0,0,"GeForce GTX 1660 SUPER (0)","1","73",,,"combine",930
13.776660,,,,,,,,,,,,,,"PC 0xe85d73de","0x7f9f9a000000","[Unified Memory CPU page faults]",
13.776713,0.001024,,,,,,,,,,"GeForce GTX 1660 SUPER (0)",,,4096.000000,"0x7f9f9a000000","[Unified Memory Memcpy DtoH]",
13.776714,0.005376,,,,,,,,,,"GeForce GTX 1660 SUPER (0)",,,61440.000000,"0x7f9f9a001000","[Unified Memory Memcpy DtoH]",
13.878394,0.003616,176,1,1,1024,1,1,16,0,0,"GeForce GTX 1660 SUPER (0)","1","78",,,"reset",953
13.878794,0.014112,88,88,1,8,8,1,16,0,0,"GeForce GTX 1660 SUPER (0)","1","78",,,"reset",956
13.879076,6.799150,88,88,1,8,8,1,27,0,36,"GeForce GTX 1660 SUPER (0)","1","79",,,"gaussian_blur",960
13.879077,0.189065,,,,,,,,,,"GeForce GTX 1660 SUPER (0)",,,"22","0x7f9f9f800000","[Unified Memory GPU page faults]",
13.879226,0.001856,,,,,,,,,,"GeForce GTX 1660 SUPER (0)",,,4096.000000,"0x7f9f9f800000","[Unified Memory Memcpy HtoD]",
13.879228,0.008033,,,,,,,,,,"GeForce GTX 1660 SUPER (0)",,,61440.000000,"0x7f9f9f801000","[Unified Memory Memcpy HtoD]",
13.885597,11.078881,88,88,1,8,8,1,27,0,100,"GeForce GTX 1660 SUPER (0)","1","80",,,"gaussian_blur",964
13.896200,7.406828,88,88,1,8,8,1,27,0,36,"GeForce GTX 1660 SUPER (0)","1","81",,,"gaussian_blur",968
13.902918,5.649046,88,88,1,8,8,1,40,72,0,"GeForce GTX 1660 SUPER (0)","1","79",,,"sobel",971
13.908343,5.569426,88,88,1,8,8,1,40,72,0,"GeForce GTX 1660 SUPER (0)","1","80",,,"sobel",974
13.913891,0.997585,176,1,1,1024,1,1,16,0,0,"GeForce GTX 1660 SUPER (0)","1","81",,,"unsharpen",993
13.914857,0.419733,176,1,1,1024,1,1,16,0,0,"GeForce GTX 1660 SUPER (0)","1","82",,,"minimum",984
13.915247,0.415669,176,1,1,1024,1,1,16,0,0,"GeForce GTX 1660 SUPER (0)","1","80",,,"maximum",978
13.915666,0.880459,176,1,1,1024,1,1,17,0,0,"GeForce GTX 1660 SUPER (0)","1","80",,,"extend",988
13.916549,1.258078,176,1,1,1024,1,1,16,0,0,"GeForce GTX 1660 SUPER (0)","1","80",,,"combine",997
13.917810,1.260094,176,1,1,1024,1,1,16,0,0,"GeForce GTX 1660 SUPER (0)","1","78",,,"combine",1002
13.919268,,,,,,,,,,,,,,"PC 0xe85d73de","0x7f9f9a000000","[Unified Memory CPU page faults]",
13.919329,0.001024,,,,,,,,,,"GeForce GTX 1660 SUPER (0)",,,4096.000000,"0x7f9f9a000000","[Unified Memory Memcpy DtoH]",
13.919330,0.005376,,,,,,,,,,"GeForce GTX 1660 SUPER (0)",,,61440.000000,"0x7f9f9a001000","[Unified Memory Memcpy DtoH]",
14.038058,0.003552,176,1,1,1024,1,1,16,0,0,"GeForce GTX 1660 SUPER (0)","1","83",,,"reset",1025
14.038277,0.013889,88,88,1,8,8,1,16,0,0,"GeForce GTX 1660 SUPER (0)","1","83",,,"reset",1028
14.038417,6.674472,88,88,1,8,8,1,27,0,36,"GeForce GTX 1660 SUPER (0)","1","84",,,"gaussian_blur",1032
14.038418,0.083908,,,,,,,,,,"GeForce GTX 1660 SUPER (0)",,,"22","0x7f9f9f800000","[Unified Memory GPU page faults]",
14.038484,0.001376,,,,,,,,,,"GeForce GTX 1660 SUPER (0)",,,4096.000000,"0x7f9f9f800000","[Unified Memory Memcpy HtoD]",
14.038485,0.005888,,,,,,,,,,"GeForce GTX 1660 SUPER (0)",,,61440.000000,"0x7f9f9f801000","[Unified Memory Memcpy HtoD]",
14.044812,11.060224,88,88,1,8,8,1,27,0,100,"GeForce GTX 1660 SUPER (0)","1","85",,,"gaussian_blur",1036
14.055389,7.360074,88,88,1,8,8,1,27,0,36,"GeForce GTX 1660 SUPER (0)","1","86",,,"gaussian_blur",1040
14.062113,5.672631,88,88,1,8,8,1,40,72,0,"GeForce GTX 1660 SUPER (0)","1","84",,,"sobel",1043
14.067565,5.575378,88,88,1,8,8,1,40,72,0,"GeForce GTX 1660 SUPER (0)","1","85",,,"sobel",1046
14.073117,0.999313,176,1,1,1024,1,1,16,0,0,"GeForce GTX 1660 SUPER (0)","1","86",,,"unsharpen",1065
14.074079,0.421749,176,1,1,1024,1,1,16,0,0,"GeForce GTX 1660 SUPER (0)","1","87",,,"minimum",1056
14.074467,0.416437,176,1,1,1024,1,1,16,0,0,"GeForce GTX 1660 SUPER (0)","1","85",,,"maximum",1050
14.074886,0.878891,176,1,1,1024,1,1,17,0,0,"GeForce GTX 1660 SUPER (0)","1","85",,,"extend",1060
14.075767,1.265535,176,1,1,1024,1,1,16,0,0,"GeForce GTX 1660 SUPER (0)","1","85",,,"combine",1069
14.077035,1.260926,176,1,1,1024,1,1,16,0,0,"GeForce GTX 1660 SUPER (0)","1","83",,,"combine",1074
14.078516,,,,,,,,,,,,,,"PC 0xe85d73de","0x7f9f9a000000","[Unified Memory CPU page faults]",
14.078582,0.001024,,,,,,,,,,"GeForce GTX 1660 SUPER (0)",,,4096.000000,"0x7f9f9a000000","[Unified Memory Memcpy DtoH]",
14.078583,0.005696,,,,,,,,,,"GeForce GTX 1660 SUPER (0)",,,61440.000000,"0x7f9f9a001000","[Unified Memory Memcpy DtoH]",
14.209146,0.003648,176,1,1,1024,1,1,16,0,0,"GeForce GTX 1660 SUPER (0)","1","88",,,"reset",1097
14.209436,0.014145,88,88,1,8,8,1,16,0,0,"GeForce GTX 1660 SUPER (0)","1","88",,,"reset",1100
14.209621,6.691945,88,88,1,8,8,1,27,0,36,"GeForce GTX 1660 SUPER (0)","1","89",,,"gaussian_blur",1104
14.209622,0.083876,,,,,,,,,,"GeForce GTX 1660 SUPER (0)",,,"22","0x7f9f9f800000","[Unified Memory GPU page faults]",
14.209688,0.001344,,,,,,,,,,"GeForce GTX 1660 SUPER (0)",,,4096.000000,"0x7f9f9f800000","[Unified Memory Memcpy HtoD]",
14.209690,0.005697,,,,,,,,,,"GeForce GTX 1660 SUPER (0)",,,61440.000000,"0x7f9f9f801000","[Unified Memory Memcpy HtoD]",
14.216041,11.082689,88,88,1,8,8,1,27,0,100,"GeForce GTX 1660 SUPER (0)","1","90",,,"gaussian_blur",1108
14.226646,7.375211,88,88,1,8,8,1,27,0,36,"GeForce GTX 1660 SUPER (0)","1","91",,,"gaussian_blur",1112
14.233383,5.641173,88,88,1,8,8,1,40,72,0,"GeForce GTX 1660 SUPER (0)","1","89",,,"sobel",1115
14.238795,5.587155,88,88,1,8,8,1,40,72,0,"GeForce GTX 1660 SUPER (0)","1","90",,,"sobel",1118
14.244358,1.001745,176,1,1,1024,1,1,16,0,0,"GeForce GTX 1660 SUPER (0)","1","91",,,"unsharpen",1137
14.245326,0.420725,176,1,1,1024,1,1,16,0,0,"GeForce GTX 1660 SUPER (0)","1","92",,,"minimum",1128
14.247405,0.386035,176,1,1,1024,1,1,16,0,0,"GeForce GTX 1660 SUPER (0)","1","90",,,"maximum",1122
14.247794,0.881259,176,1,1,1024,1,1,17,0,0,"GeForce GTX 1660 SUPER (0)","1","90",,,"extend",1132
14.248678,1.265215,176,1,1,1024,1,1,16,0,0,"GeForce GTX 1660 SUPER (0)","1","90",,,"combine",1141
14.249946,1.264382,176,1,1,1024,1,1,16,0,0,"GeForce GTX 1660 SUPER (0)","1","88",,,"combine",1146
14.251490,,,,,,,,,,,,,,"PC 0xe85d73de","0x7f9f9a000000","[Unified Memory CPU page faults]",
14.251557,0.001024,,,,,,,,,,"GeForce GTX 1660 SUPER (0)",,,4096.000000,"0x7f9f9a000000","[Unified Memory Memcpy DtoH]",
14.251558,0.005408,,,,,,,,,,"GeForce GTX 1660 SUPER (0)",,,61440.000000,"0x7f9f9a001000","[Unified Memory Memcpy DtoH]",
14.358258,0.003584,176,1,1,1024,1,1,16,0,0,"GeForce GTX 1660 SUPER (0)","1","93",,,"reset",1169
14.358559,0.014209,88,88,1,8,8,1,16,0,0,"GeForce GTX 1660 SUPER (0)","1","93",,,"reset",1172
14.358746,6.700298,88,88,1,8,8,1,27,0,36,"GeForce GTX 1660 SUPER (0)","1","94",,,"gaussian_blur",1176
14.358747,0.110950,,,,,,,,,,"GeForce GTX 1660 SUPER (0)",,,"22","0x7f9f9f800000","[Unified Memory GPU page faults]",
14.358844,0.001344,,,,,,,,,,"GeForce GTX 1660 SUPER (0)",,,4096.000000,"0x7f9f9f800000","[Unified Memory Memcpy HtoD]",
14.358846,0.005760,,,,,,,,,,"GeForce GTX 1660 SUPER (0)",,,61440.000000,"0x7f9f9f801000","[Unified Memory Memcpy HtoD]",
14.365179,11.037599,88,88,1,8,8,1,27,0,100,"GeForce GTX 1660 SUPER (0)","1","95",,,"gaussian_blur",1180
14.375749,7.396012,88,88,1,8,8,1,27,0,36,"GeForce GTX 1660 SUPER (0)","1","96",,,"gaussian_blur",1184
14.382470,5.662935,88,88,1,8,8,1,40,72,0,"GeForce GTX 1660 SUPER (0)","1","94",,,"sobel",1187
14.387900,5.570386,88,88,1,8,8,1,40,72,0,"GeForce GTX 1660 SUPER (0)","1","95",,,"sobel",1190
14.393441,1.009810,176,1,1,1024,1,1,16,0,0,"GeForce GTX 1660 SUPER (0)","1","96",,,"unsharpen",1209
14.394405,0.429110,176,1,1,1024,1,1,16,0,0,"GeForce GTX 1660 SUPER (0)","1","97",,,"minimum",1200
14.394795,0.419828,176,1,1,1024,1,1,16,0,0,"GeForce GTX 1660 SUPER (0)","1","95",,,"maximum",1194
14.395218,0.880268,176,1,1,1024,1,1,17,0,0,"GeForce GTX 1660 SUPER (0)","1","95",,,"extend",1204
14.396101,1.262942,176,1,1,1024,1,1,16,0,0,"GeForce GTX 1660 SUPER (0)","1","95",,,"combine",1213
14.397367,1.267679,176,1,1,1024,1,1,16,0,0,"GeForce GTX 1660 SUPER (0)","1","93",,,"combine",1218
14.398852,,,,,,,,,,,,,,"PC 0xe85d73de","0x7f9f9a000000","[Unified Memory CPU page faults]",
14.398915,0.001024,,,,,,,,,,"GeForce GTX 1660 SUPER (0)",,,4096.000000,"0x7f9f9a000000","[Unified Memory Memcpy DtoH]",
14.398916,0.005345,,,,,,,,,,"GeForce GTX 1660 SUPER (0)",,,61440.000000,"0x7f9f9a001000","[Unified Memory Memcpy DtoH]",
14.505991,0.003584,176,1,1,1024,1,1,16,0,0,"GeForce GTX 1660 SUPER (0)","1","98",,,"reset",1241
14.506336,0.014305,88,88,1,8,8,1,16,0,0,"GeForce GTX 1660 SUPER (0)","1","98",,,"reset",1244
14.506533,6.721066,88,88,1,8,8,1,27,0,36,"GeForce GTX 1660 SUPER (0)","1","99",,,"gaussian_blur",1248
14.506534,0.104421,,,,,,,,,,"GeForce GTX 1660 SUPER (0)",,,"22","0x7f9f9f800000","[Unified Memory GPU page faults]",
14.506620,0.001408,,,,,,,,,,"GeForce GTX 1660 SUPER (0)",,,4096.000000,"0x7f9f9f800000","[Unified Memory Memcpy HtoD]",
14.506622,0.005984,,,,,,,,,,"GeForce GTX 1660 SUPER (0)",,,61440.000000,"0x7f9f9f801000","[Unified Memory Memcpy HtoD]",
14.512981,11.092578,88,88,1,8,8,1,27,0,100,"GeForce GTX 1660 SUPER (0)","1","100",,,"gaussian_blur",1252
14.523589,7.379051,88,88,1,8,8,1,27,0,36,"GeForce GTX 1660 SUPER (0)","1","101",,,"gaussian_blur",1256
14.530335,5.661431,88,88,1,8,8,1,40,72,0,"GeForce GTX 1660 SUPER (0)","1","99",,,"sobel",1259
14.535773,5.586899,88,88,1,8,8,1,40,72,0,"GeForce GTX 1660 SUPER (0)","1","100",,,"sobel",1262
14.541328,1.003698,176,1,1,1024,1,1,16,0,0,"GeForce GTX 1660 SUPER (0)","1","101",,,"unsharpen",1281
14.542294,0.421877,176,1,1,1024,1,1,16,0,0,"GeForce GTX 1660 SUPER (0)","1","102",,,"minimum",1272
14.542685,0.413556,176,1,1,1024,1,1,16,0,0,"GeForce GTX 1660 SUPER (0)","1","100",,,"maximum",1266
14.543101,0.879467,176,1,1,1024,1,1,17,0,0,"GeForce GTX 1660 SUPER (0)","1","100",,,"extend",1276
14.543983,1.265982,176,1,1,1024,1,1,16,0,0,"GeForce GTX 1660 SUPER (0)","1","100",,,"combine",1285
14.545251,1.257886,176,1,1,1024,1,1,16,0,0,"GeForce GTX 1660 SUPER (0)","1","98",,,"combine",1290
14.546684,,,,,,,,,,,,,,"PC 0xe85d73de","0x7f9f9a000000","[Unified Memory CPU page faults]",
14.546752,0.001024,,,,,,,,,,"GeForce GTX 1660 SUPER (0)",,,4096.000000,"0x7f9f9a000000","[Unified Memory Memcpy DtoH]",
14.546753,0.005441,,,,,,,,,,"GeForce GTX 1660 SUPER (0)",,,61440.000000,"0x7f9f9a001000","[Unified Memory Memcpy DtoH]",
14.642471,0.003584,176,1,1,1024,1,1,16,0,0,"GeForce GTX 1660 SUPER (0)","1","103",,,"reset",1313
14.642618,0.014113,88,88,1,8,8,1,16,0,0,"GeForce GTX 1660 SUPER (0)","1","103",,,"reset",1316
14.642739,6.705962,88,88,1,8,8,1,27,0,36,"GeForce GTX 1660 SUPER (0)","1","104",,,"gaussian_blur",1320
14.642741,0.108421,,,,,,,,,,"GeForce GTX 1660 SUPER (0)",,,"22","0x7f9f9f800000","[Unified Memory GPU page faults]",
14.642834,0.001376,,,,,,,,,,"GeForce GTX 1660 SUPER (0)",,,4096.000000,"0x7f9f9f800000","[Unified Memory Memcpy HtoD]",
14.642836,0.005696,,,,,,,,,,"GeForce GTX 1660 SUPER (0)",,,61440.000000,"0x7f9f9f801000","[Unified Memory Memcpy HtoD]",
14.649173,11.055296,88,88,1,8,8,1,27,0,100,"GeForce GTX 1660 SUPER (0)","1","105",,,"gaussian_blur",1324
14.659743,7.363338,88,88,1,8,8,1,27,0,36,"GeForce GTX 1660 SUPER (0)","1","106",,,"gaussian_blur",1328
14.666450,5.630837,88,88,1,8,8,1,40,72,0,"GeForce GTX 1660 SUPER (0)","1","104",,,"sobel",1331
14.671860,5.590452,88,88,1,8,8,1,40,72,0,"GeForce GTX 1660 SUPER (0)","1","105",,,"sobel",1334
14.677434,0.993745,176,1,1,1024,1,1,16,0,0,"GeForce GTX 1660 SUPER (0)","1","106",,,"unsharpen",1353
14.678400,0.415381,176,1,1,1024,1,1,16,0,0,"GeForce GTX 1660 SUPER (0)","1","107",,,"minimum",1344
14.678784,0.413589,176,1,1,1024,1,1,16,0,0,"GeForce GTX 1660 SUPER (0)","1","105",,,"maximum",1338
14.679200,0.880235,176,1,1,1024,1,1,17,0,0,"GeForce GTX 1660 SUPER (0)","1","105",,,"extend",1348
14.680084,1.265087,176,1,1,1024,1,1,16,0,0,"GeForce GTX 1660 SUPER (0)","1","105",,,"combine",1357
14.681352,1.260958,176,1,1,1024,1,1,16,0,0,"GeForce GTX 1660 SUPER (0)","1","103",,,"combine",1362
14.682771,,,,,,,,,,,,,,"PC 0xe85d73de","0x7f9f9a000000","[Unified Memory CPU page faults]",
14.682844,0.001024,,,,,,,,,,"GeForce GTX 1660 SUPER (0)",,,4096.000000,"0x7f9f9a000000","[Unified Memory Memcpy DtoH]",
14.682845,0.005664,,,,,,,,,,"GeForce GTX 1660 SUPER (0)",,,61440.000000,"0x7f9f9a001000","[Unified Memory Memcpy DtoH]",
14.816531,0.003616,176,1,1,1024,1,1,16,0,0,"GeForce GTX 1660 SUPER (0)","1","108",,,"reset",1385
14.816767,0.014209,88,88,1,8,8,1,16,0,0,"GeForce GTX 1660 SUPER (0)","1","108",,,"reset",1388
14.816957,6.740716,88,88,1,8,8,1,27,0,36,"GeForce GTX 1660 SUPER (0)","1","109",,,"gaussian_blur",1392
14.816958,0.101381,,,,,,,,,,"GeForce GTX 1660 SUPER (0)",,,"22","0x7f9f9f800000","[Unified Memory GPU page faults]",
14.817042,0.001376,,,,,,,,,,"GeForce GTX 1660 SUPER (0)",,,4096.000000,"0x7f9f9f800000","[Unified Memory Memcpy HtoD]",
14.817043,0.005792,,,,,,,,,,"GeForce GTX 1660 SUPER (0)",,,61440.000000,"0x7f9f9f801000","[Unified Memory Memcpy HtoD]",
14.823412,11.180423,88,88,1,8,8,1,27,0,100,"GeForce GTX 1660 SUPER (0)","1","110",,,"gaussian_blur",1396
14.834121,7.392972,88,88,1,8,8,1,27,0,36,"GeForce GTX 1660 SUPER (0)","1","111",,,"gaussian_blur",1400
14.840896,5.663543,88,88,1,8,8,1,40,72,0,"GeForce GTX 1660 SUPER (0)","1","109",,,"sobel",1403
14.846335,5.583602,88,88,1,8,8,1,40,72,0,"GeForce GTX 1660 SUPER (0)","1","110",,,"sobel",1406
14.851895,0.995121,176,1,1,1024,1,1,16,0,0,"GeForce GTX 1660 SUPER (0)","1","111",,,"unsharpen",1425
14.852856,0.422420,176,1,1,1024,1,1,16,0,0,"GeForce GTX 1660 SUPER (0)","1","112",,,"minimum",1416
14.853249,0.413844,176,1,1,1024,1,1,16,0,0,"GeForce GTX 1660 SUPER (0)","1","110",,,"maximum",1410
14.853665,0.881932,176,1,1,1024,1,1,17,0,0,"GeForce GTX 1660 SUPER (0)","1","110",,,"extend",1420
14.854550,1.262302,176,1,1,1024,1,1,16,0,0,"GeForce GTX 1660 SUPER (0)","1","110",,,"combine",1429
14.855815,1.266174,176,1,1,1024,1,1,16,0,0,"GeForce GTX 1660 SUPER (0)","1","108",,,"combine",1434
14.857267,,,,,,,,,,,,,,"PC 0xe85d73de","0x7f9f9a000000","[Unified Memory CPU page faults]",
14.857331,0.000992,,,,,,,,,,"GeForce GTX 1660 SUPER (0)",,,4096.000000,"0x7f9f9a000000","[Unified Memory Memcpy DtoH]",
14.857332,0.005440,,,,,,,,,,"GeForce GTX 1660 SUPER (0)",,,61440.000000,"0x7f9f9a001000","[Unified Memory Memcpy DtoH]",
14.979802,0.003584,176,1,1,1024,1,1,16,0,0,"GeForce GTX 1660 SUPER (0)","1","113",,,"reset",1457
14.980061,0.014273,88,88,1,8,8,1,16,0,0,"GeForce GTX 1660 SUPER (0)","1","113",,,"reset",1460
14.980226,6.670952,88,88,1,8,8,1,27,0,36,"GeForce GTX 1660 SUPER (0)","1","114",,,"gaussian_blur",1464
14.980227,0.070051,,,,,,,,,,"GeForce GTX 1660 SUPER (0)",,,"22","0x7f9f9f800000","[Unified Memory GPU page faults]",
14.980283,0.001376,,,,,,,,,,"GeForce GTX 1660 SUPER (0)",,,4096.000000,"0x7f9f9f800000","[Unified Memory Memcpy HtoD]",
14.980284,0.005696,,,,,,,,,,"GeForce GTX 1660 SUPER (0)",,,61440.000000,"0x7f9f9f801000","[Unified Memory Memcpy HtoD]",
14.986620,11.048992,88,88,1,8,8,1,27,0,100,"GeForce GTX 1660 SUPER (0)","1","115",,,"gaussian_blur",1468
14.997200,7.372138,88,88,1,8,8,1,27,0,36,"GeForce GTX 1660 SUPER (0)","1","116",,,"gaussian_blur",1472
15.003958,5.642998,88,88,1,8,8,1,40,72,0,"GeForce GTX 1660 SUPER (0)","1","114",,,"sobel",1475
15.009382,5.587219,88,88,1,8,8,1,40,72,0,"GeForce GTX 1660 SUPER (0)","1","115",,,"sobel",1478
15.014944,0.994673,176,1,1,1024,1,1,16,0,0,"GeForce GTX 1660 SUPER (0)","1","116",,,"unsharpen",1497
15.015907,0.420597,176,1,1,1024,1,1,16,0,0,"GeForce GTX 1660 SUPER (0)","1","117",,,"minimum",1488
15.016299,0.412884,176,1,1,1024,1,1,16,0,0,"GeForce GTX 1660 SUPER (0)","1","115",,,"maximum",1482
15.016715,0.878763,176,1,1,1024,1,1,17,0,0,"GeForce GTX 1660 SUPER (0)","1","115",,,"extend",1492
15.017596,1.259870,176,1,1,1024,1,1,16,0,0,"GeForce GTX 1660 SUPER (0)","1","115",,,"combine",1501
15.018858,1.260318,176,1,1,1024,1,1,16,0,0,"GeForce GTX 1660 SUPER (0)","1","113",,,"combine",1506
15.020244,,,,,,,,,,,,,,"PC 0xe85d73de","0x7f9f9a000000","[Unified Memory CPU page faults]",
15.020312,0.001024,,,,,,,,,,"GeForce GTX 1660 SUPER (0)",,,4096.000000,"0x7f9f9a000000","[Unified Memory Memcpy DtoH]",
15.020313,0.005344,,,,,,,,,,"GeForce GTX 1660 SUPER (0)",,,61440.000000,"0x7f9f9a001000","[Unified Memory Memcpy DtoH]",
15.126565,0.003584,176,1,1,1024,1,1,16,0,0,"GeForce GTX 1660 SUPER (0)","1","118",,,"reset",1529
15.126833,0.014081,88,88,1,8,8,1,16,0,0,"GeForce GTX 1660 SUPER (0)","1","118",,,"reset",1532
15.127047,6.695113,88,88,1,8,8,1,27,0,36,"GeForce GTX 1660 SUPER (0)","1","119",,,"gaussian_blur",1536
15.127048,0.119942,,,,,,,,,,"GeForce GTX 1660 SUPER (0)",,,"22","0x7f9f9f800000","[Unified Memory GPU page faults]",
15.127143,0.001536,,,,,,,,,,"GeForce GTX 1660 SUPER (0)",,,4096.000000,"0x7f9f9f800000","[Unified Memory Memcpy HtoD]",
15.127144,0.006944,,,,,,,,,,"GeForce GTX 1660 SUPER (0)",,,61440.000000,"0x7f9f9f801000","[Unified Memory Memcpy HtoD]",
15.133472,11.073761,88,88,1,8,8,1,27,0,100,"GeForce GTX 1660 SUPER (0)","1","120",,,"gaussian_blur",1540
15.144067,7.319720,88,88,1,8,8,1,27,0,36,"GeForce GTX 1660 SUPER (0)","1","121",,,"gaussian_blur",1544
15.150774,5.682071,88,88,1,8,8,1,40,72,0,"GeForce GTX 1660 SUPER (0)","1","119",,,"sobel",1547
15.156221,5.577298,88,88,1,8,8,1,40,72,0,"GeForce GTX 1660 SUPER (0)","1","120",,,"sobel",1550
15.161776,0.994961,176,1,1,1024,1,1,16,0,0,"GeForce GTX 1660 SUPER (0)","1","121",,,"unsharpen",1569
15.162738,0.419604,176,1,1,1024,1,1,16,0,0,"GeForce GTX 1660 SUPER (0)","1","122",,,"minimum",1560
15.163130,0.413108,176,1,1,1024,1,1,16,0,0,"GeForce GTX 1660 SUPER (0)","1","120",,,"maximum",1554
15.163546,0.877804,176,1,1,1024,1,1,17,0,0,"GeForce GTX 1660 SUPER (0)","1","120",,,"extend",1564
15.164426,1.266686,176,1,1,1024,1,1,16,0,0,"GeForce GTX 1660 SUPER (0)","1","120",,,"combine",1573
15.165696,1.262558,176,1,1,1024,1,1,16,0,0,"GeForce GTX 1660 SUPER (0)","1","118",,,"combine",1578
15.167098,,,,,,,,,,,,,,"PC 0xe85d73de","0x7f9f9a000000","[Unified Memory CPU page faults]",
15.167170,0.001120,,,,,,,,,,"GeForce GTX 1660 SUPER (0)",,,4096.000000,"0x7f9f9a000000","[Unified Memory Memcpy DtoH]",
15.167171,0.005376,,,,,,,,,,"GeForce GTX 1660 SUPER (0)",,,61440.000000,"0x7f9f9a001000","[Unified Memory Memcpy DtoH]",
15.267607,0.003552,176,1,1,1024,1,1,16,0,0,"GeForce GTX 1660 SUPER (0)","1","123",,,"reset",1601
15.267739,0.014241,88,88,1,8,8,1,16,0,0,"GeForce GTX 1660 SUPER (0)","1","123",,,"reset",1604
15.267861,6.712747,88,88,1,8,8,1,27,0,36,"GeForce GTX 1660 SUPER (0)","1","124",,,"gaussian_blur",1608
15.267862,0.111014,,,,,,,,,,"GeForce GTX 1660 SUPER (0)",,,"22","0x7f9f9f800000","[Unified Memory GPU page faults]",
15.267959,0.001344,,,,,,,,,,"GeForce GTX 1660 SUPER (0)",,,4096.000000,"0x7f9f9f800000","[Unified Memory Memcpy HtoD]",
15.267961,0.005696,,,,,,,,,,"GeForce GTX 1660 SUPER (0)",,,61440.000000,"0x7f9f9f801000","[Unified Memory Memcpy HtoD]",
15.274293,11.058336,88,88,1,8,8,1,27,0,100,"GeForce GTX 1660 SUPER (0)","1","125",,,"gaussian_blur",1612
15.284872,7.334409,88,88,1,8,8,1,27,0,36,"GeForce GTX 1660 SUPER (0)","1","126",,,"gaussian_blur",1616
15.291581,5.650166,88,88,1,8,8,1,40,72,0,"GeForce GTX 1660 SUPER (0)","1","124",,,"sobel",1619
15.297002,5.591571,88,88,1,8,8,1,40,72,0,"GeForce GTX 1660 SUPER (0)","1","125",,,"sobel",1622
15.302571,1.001105,176,1,1,1024,1,1,16,0,0,"GeForce GTX 1660 SUPER (0)","1","126",,,"unsharpen",1641
15.303532,0.431989,176,1,1,1024,1,1,16,0,0,"GeForce GTX 1660 SUPER (0)","1","127",,,"minimum",1632
15.303925,0.416629,176,1,1,1024,1,1,16,0,0,"GeForce GTX 1660 SUPER (0)","1","125",,,"maximum",1626
15.304345,0.878283,176,1,1,1024,1,1,17,0,0,"GeForce GTX 1660 SUPER (0)","1","125",,,"extend",1636
15.305226,1.262558,176,1,1,1024,1,1,16,0,0,"GeForce GTX 1660 SUPER (0)","1","125",,,"combine",1645
15.306491,1.262814,176,1,1,1024,1,1,16,0,0,"GeForce GTX 1660 SUPER (0)","1","123",,,"combine",1650
15.307907,,,,,,,,,,,,,,"PC 0xe85d73de","0x7f9f9a000000","[Unified Memory CPU page faults]",
15.307982,0.001024,,,,,,,,,,"GeForce GTX 1660 SUPER (0)",,,4096.000000,"0x7f9f9a000000","[Unified Memory Memcpy DtoH]",
15.307983,0.005376,,,,,,,,,,"GeForce GTX 1660 SUPER (0)",,,61440.000000,"0x7f9f9a001000","[Unified Memory Memcpy DtoH]",
15.410775,0.003584,176,1,1,1024,1,1,16,0,0,"GeForce GTX 1660 SUPER (0)","1","128",,,"reset",1673
15.411003,0.014113,88,88,1,8,8,1,16,0,0,"GeForce GTX 1660 SUPER (0)","1","128",,,"reset",1676
15.411131,6.709162,88,88,1,8,8,1,27,0,36,"GeForce GTX 1660 SUPER (0)","1","129",,,"gaussian_blur",1680
15.411132,0.102085,,,,,,,,,,"GeForce GTX 1660 SUPER (0)",,,"22","0x7f9f9f800000","[Unified Memory GPU page faults]",
15.411216,0.001632,,,,,,,,,,"GeForce GTX 1660 SUPER (0)",,,4096.000000,"0x7f9f9f800000","[Unified Memory Memcpy HtoD]",
15.411218,0.005697,,,,,,,,,,"GeForce GTX 1660 SUPER (0)",,,61440.000000,"0x7f9f9f801000","[Unified Memory Memcpy HtoD]",
15.417553,11.065441,88,88,1,8,8,1,27,0,100,"GeForce GTX 1660 SUPER (0)","1","130",,,"gaussian_blur",1684
15.428160,7.400013,88,88,1,8,8,1,27,0,36,"GeForce GTX 1660 SUPER (0)","1","131",,,"gaussian_blur",1688
15.434893,5.662135,88,88,1,8,8,1,40,72,0,"GeForce GTX 1660 SUPER (0)","1","129",,,"sobel",1691
15.440335,5.570386,88,88,1,8,8,1,40,72,0,"GeForce GTX 1660 SUPER (0)","1","130",,,"sobel",1694
15.445883,0.991377,176,1,1,1024,1,1,16,0,0,"GeForce GTX 1660 SUPER (0)","1","131",,,"unsharpen",1713
15.446842,0.423829,176,1,1,1024,1,1,16,0,0,"GeForce GTX 1660 SUPER (0)","1","132",,,"minimum",1704
15.447233,0.418005,176,1,1,1024,1,1,16,0,0,"GeForce GTX 1660 SUPER (0)","1","130",,,"maximum",1698
15.447653,0.879243,176,1,1,1024,1,1,17,0,0,"GeForce GTX 1660 SUPER (0)","1","130",,,"extend",1708
15.448535,1.263839,176,1,1,1024,1,1,16,0,0,"GeForce GTX 1660 SUPER (0)","1","130",,,"combine",1717
15.449803,1.260542,176,1,1,1024,1,1,16,0,0,"GeForce GTX 1660 SUPER (0)","1","128",,,"combine",1722
15.451271,,,,,,,,,,,,,,"PC 0xe85d73de","0x7f9f9a000000","[Unified Memory CPU page faults]",
15.451352,0.001024,,,,,,,,,,"GeForce GTX 1660 SUPER (0)",,,4096.000000,"0x7f9f9a000000","[Unified Memory Memcpy DtoH]",
15.451353,0.005440,,,,,,,,,,"GeForce GTX 1660 SUPER (0)",,,61440.000000,"0x7f9f9a001000","[Unified Memory Memcpy DtoH]",
15.562318,0.003680,176,1,1,1024,1,1,16,0,0,"GeForce GTX 1660 SUPER (0)","1","133",,,"reset",1745
15.562485,0.014273,88,88,1,8,8,1,16,0,0,"GeForce GTX 1660 SUPER (0)","1","133",,,"reset",1748
15.562603,6.642791,88,88,1,8,8,1,27,0,36,"GeForce GTX 1660 SUPER (0)","1","134",,,"gaussian_blur",1752
15.562604,0.077508,,,,,,,,,,"GeForce GTX 1660 SUPER (0)",,,"22","0x7f9f9f800000","[Unified Memory GPU page faults]",
15.562663,0.001344,,,,,,,,,,"GeForce GTX 1660 SUPER (0)",,,4096.000000,"0x7f9f9f800000","[Unified Memory Memcpy HtoD]",
15.562665,0.005760,,,,,,,,,,"GeForce GTX 1660 SUPER (0)",,,61440.000000,"0x7f9f9f801000","[Unified Memory Memcpy HtoD]",
15.568986,11.045600,88,88,1,8,8,1,27,0,100,"GeForce GTX 1660 SUPER (0)","1","135",,,"gaussian_blur",1756
15.579548,7.397644,88,88,1,8,8,1,27,0,36,"GeForce GTX 1660 SUPER (0)","1","136",,,"gaussian_blur",1760
15.586300,5.636534,88,88,1,8,8,1,40,72,0,"GeForce GTX 1660 SUPER (0)","1","134",,,"sobel",1763
15.591710,5.576242,88,88,1,8,8,1,40,72,0,"GeForce GTX 1660 SUPER (0)","1","135",,,"sobel",1766
15.597266,0.997713,176,1,1,1024,1,1,16,0,0,"GeForce GTX 1660 SUPER (0)","1","136",,,"unsharpen",1785
15.598226,0.430838,176,1,1,1024,1,1,16,0,0,"GeForce GTX 1660 SUPER (0)","1","137",,,"minimum",1776
15.598616,0.419316,176,1,1,1024,1,1,16,0,0,"GeForce GTX 1660 SUPER (0)","1","135",,,"maximum",1770
15.599038,0.882636,176,1,1,1024,1,1,17,0,0,"GeForce GTX 1660 SUPER (0)","1","135",,,"extend",1780
15.599923,1.263998,176,1,1,1024,1,1,16,0,0,"GeForce GTX 1660 SUPER (0)","1","135",,,"combine",1789
15.601189,1.262270,176,1,1,1024,1,1,16,0,0,"GeForce GTX 1660 SUPER (0)","1","133",,,"combine",1794
15.602564,,,,,,,,,,,,,,"PC 0xe85d73de","0x7f9f9a000000","[Unified Memory CPU page faults]",
15.602646,0.001024,,,,,,,,,,"GeForce GTX 1660 SUPER (0)",,,4096.000000,"0x7f9f9a000000","[Unified Memory Memcpy DtoH]",
15.602647,0.005408,,,,,,,,,,"GeForce GTX 1660 SUPER (0)",,,61440.000000,"0x7f9f9a001000","[Unified Memory Memcpy DtoH]",
15.719804,0.003616,176,1,1,1024,1,1,16,0,0,"GeForce GTX 1660 SUPER (0)","1","138",,,"reset",1817
15.719921,0.013984,88,88,1,8,8,1,16,0,0,"GeForce GTX 1660 SUPER (0)","1","138",,,"reset",1820
15.720039,6.680713,88,88,1,8,8,1,27,0,36,"GeForce GTX 1660 SUPER (0)","1","139",,,"gaussian_blur",1824
15.720040,0.077476,,,,,,,,,,"GeForce GTX 1660 SUPER (0)",,,"22","0x7f9f9f800000","[Unified Memory GPU page faults]",
15.720098,0.001376,,,,,,,,,,"GeForce GTX 1660 SUPER (0)",,,4096.000000,"0x7f9f9f800000","[Unified Memory Memcpy HtoD]",
15.720100,0.005825,,,,,,,,,,"GeForce GTX 1660 SUPER (0)",,,61440.000000,"0x7f9f9f801000","[Unified Memory Memcpy HtoD]",
15.726460,11.065185,88,88,1,8,8,1,27,0,100,"GeForce GTX 1660 SUPER (0)","1","140",,,"gaussian_blur",1828
15.737051,7.338473,88,88,1,8,8,1,27,0,36,"GeForce GTX 1660 SUPER (0)","1","141",,,"gaussian_blur",1832
15.743779,5.679896,88,88,1,8,8,1,40,72,0,"GeForce GTX 1660 SUPER (0)","1","139",,,"sobel",1835
15.749224,5.606036,88,88,1,8,8,1,40,72,0,"GeForce GTX 1660 SUPER (0)","1","140",,,"sobel",1838
15.754799,1.025523,176,1,1,1024,1,1,16,0,0,"GeForce GTX 1660 SUPER (0)","1","141",,,"unsharpen",1857
15.755772,0.440982,176,1,1,1024,1,1,16,0,0,"GeForce GTX 1660 SUPER (0)","1","142",,,"minimum",1848
15.756167,0.415668,176,1,1,1024,1,1,16,0,0,"GeForce GTX 1660 SUPER (0)","1","140",,,"maximum",1842
15.756586,0.878188,176,1,1,1024,1,1,17,0,0,"GeForce GTX 1660 SUPER (0)","1","140",,,"extend",1852
15.757467,1.259262,176,1,1,1024,1,1,16,0,0,"GeForce GTX 1660 SUPER (0)","1","140",,,"combine",1861
15.758729,1.263806,176,1,1,1024,1,1,16,0,0,"GeForce GTX 1660 SUPER (0)","1","138",,,"combine",1866
15.760129,,,,,,,,,,,,,,"PC 0xe85d73de","0x7f9f9a000000","[Unified Memory CPU page faults]",
15.760210,0.001024,,,,,,,,,,"GeForce GTX 1660 SUPER (0)",,,4096.000000,"0x7f9f9a000000","[Unified Memory Memcpy DtoH]",
15.760211,0.005376,,,,,,,,,,"GeForce GTX 1660 SUPER (0)",,,61440.000000,"0x7f9f9a001000","[Unified Memory Memcpy DtoH]",
15.856877,0.003616,176,1,1,1024,1,1,16,0,0,"GeForce GTX 1660 SUPER (0)","1","143",,,"reset",1889
15.857018,0.013953,88,88,1,8,8,1,16,0,0,"GeForce GTX 1660 SUPER (0)","1","143",,,"reset",1892
15.857135,6.683753,88,88,1,8,8,1,27,0,36,"GeForce GTX 1660 SUPER (0)","1","144",,,"gaussian_blur",1896
15.857136,0.082980,,,,,,,,,,"GeForce GTX 1660 SUPER (0)",,,"22","0x7f9f9f800000","[Unified Memory GPU page faults]",
15.857198,0.001376,,,,,,,,,,"GeForce GTX 1660 SUPER (0)",,,4096.000000,"0x7f9f9f800000","[Unified Memory Memcpy HtoD]",
15.857199,0.005696,,,,,,,,,,"GeForce GTX 1660 SUPER (0)",,,61440.000000,"0x7f9f9f801000","[Unified Memory Memcpy HtoD]",
15.863540,11.049312,88,88,1,8,8,1,27,0,100,"GeForce GTX 1660 SUPER (0)","1","145",,,"gaussian_blur",1900
15.874107,7.411309,88,88,1,8,8,1,27,0,36,"GeForce GTX 1660 SUPER (0)","1","146",,,"gaussian_blur",1904
15.880830,5.672311,88,88,1,8,8,1,40,72,0,"GeForce GTX 1660 SUPER (0)","1","144",,,"sobel",1907
15.886280,5.594932,88,88,1,8,8,1,40,72,0,"GeForce GTX 1660 SUPER (0)","1","145",,,"sobel",1910
15.891851,1.002162,176,1,1,1024,1,1,16,0,0,"GeForce GTX 1660 SUPER (0)","1","146",,,"unsharpen",1929
15.892815,0.429909,176,1,1,1024,1,1,16,0,0,"GeForce GTX 1660 SUPER (0)","1","147",,,"minimum",1920
15.893205,0.416117,176,1,1,1024,1,1,16,0,0,"GeForce GTX 1660 SUPER (0)","1","145",,,"maximum",1914
15.893624,0.879563,176,1,1,1024,1,1,17,0,0,"GeForce GTX 1660 SUPER (0)","1","145",,,"extend",1924
15.894506,1.263326,176,1,1,1024,1,1,16,0,0,"GeForce GTX 1660 SUPER (0)","1","145",,,"combine",1933
15.895773,1.267455,176,1,1,1024,1,1,16,0,0,"GeForce GTX 1660 SUPER (0)","1","143",,,"combine",1938
15.897173,,,,,,,,,,,,,,"PC 0xe85d73de","0x7f9f9a000000","[Unified Memory CPU page faults]",
15.897262,0.000992,,,,,,,,,,"GeForce GTX 1660 SUPER (0)",,,4096.000000,"0x7f9f9a000000","[Unified Memory Memcpy DtoH]",
15.897263,0.005376,,,,,,,,,,"GeForce GTX 1660 SUPER (0)",,,61440.000000,"0x7f9f9a001000","[Unified Memory Memcpy DtoH]",
16.036883,0.003552,176,1,1,1024,1,1,16,0,0,"GeForce GTX 1660 SUPER (0)","1","148",,,"reset",1961
16.037247,0.014305,88,88,1,8,8,1,16,0,0,"GeForce GTX 1660 SUPER (0)","1","148",,,"reset",1964
16.037773,6.651111,88,88,1,8,8,1,27,0,36,"GeForce GTX 1660 SUPER (0)","1","149",,,"gaussian_blur",1968
16.037774,0.092421,,,,,,,,,,"GeForce GTX 1660 SUPER (0)",,,"22","0x7f9f9f800000","[Unified Memory GPU page faults]",
16.037843,0.001600,,,,,,,,,,"GeForce GTX 1660 SUPER (0)",,,4096.000000,"0x7f9f9f800000","[Unified Memory Memcpy HtoD]",
16.037845,0.006816,,,,,,,,,,"GeForce GTX 1660 SUPER (0)",,,61440.000000,"0x7f9f9f801000","[Unified Memory Memcpy HtoD]",
16.044148,11.082369,88,88,1,8,8,1,27,0,100,"GeForce GTX 1660 SUPER (0)","1","150",,,"gaussian_blur",1972
16.054761,7.354794,88,88,1,8,8,1,27,0,36,"GeForce GTX 1660 SUPER (0)","1","151",,,"gaussian_blur",1976
16.061466,5.665463,88,88,1,8,8,1,40,72,0,"GeForce GTX 1660 SUPER (0)","1","149",,,"sobel",1979
16.066900,5.565778,88,88,1,8,8,1,40,72,0,"GeForce GTX 1660 SUPER (0)","1","150",,,"sobel",1982
16.072440,1.005489,176,1,1,1024,1,1,16,0,0,"GeForce GTX 1660 SUPER (0)","1","151",,,"unsharpen",2001
16.073407,0.427349,176,1,1,1024,1,1,16,0,0,"GeForce GTX 1660 SUPER (0)","1","152",,,"minimum",1992
16.073801,0.415125,176,1,1,1024,1,1,16,0,0,"GeForce GTX 1660 SUPER (0)","1","150",,,"maximum",1986
16.074219,0.881611,176,1,1,1024,1,1,17,0,0,"GeForce GTX 1660 SUPER (0)","1","150",,,"extend",1996
16.075103,1.257981,176,1,1,1024,1,1,16,0,0,"GeForce GTX 1660 SUPER (0)","1","150",,,"combine",2005
16.076364,1.260350,176,1,1,1024,1,1,16,0,0,"GeForce GTX 1660 SUPER (0)","1","148",,,"combine",2010
16.077781,,,,,,,,,,,,,,"PC 0xe85d73de","0x7f9f9a000000","[Unified Memory CPU page faults]",
16.077871,0.000992,,,,,,,,,,"GeForce GTX 1660 SUPER (0)",,,4096.000000,"0x7f9f9a000000","[Unified Memory Memcpy DtoH]",
16.077872,0.005408,,,,,,,,,,"GeForce GTX 1660 SUPER (0)",,,61440.000000,"0x7f9f9a001000","[Unified Memory Memcpy DtoH]",
16.211971,0.003552,176,1,1,1024,1,1,16,0,0,"GeForce GTX 1660 SUPER (0)","1","153",,,"reset",2033
16.212617,0.014113,88,88,1,8,8,1,16,0,0,"GeForce GTX 1660 SUPER (0)","1","153",,,"reset",2036
16.221445,6.673288,88,88,1,8,8,1,27,0,36,"GeForce GTX 1660 SUPER (0)","1","154",,,"gaussian_blur",2040
16.221446,0.086852,,,,,,,,,,"GeForce GTX 1660 SUPER (0)",,,"22","0x7f9f9f800000","[Unified Memory GPU page faults]",
16.221512,0.001376,,,,,,,,,,"GeForce GTX 1660 SUPER (0)",,,4096.000000,"0x7f9f9f800000","[Unified Memory Memcpy HtoD]",
16.221513,0.005697,,,,,,,,,,"GeForce GTX 1660 SUPER (0)",,,61440.000000,"0x7f9f9f801000","[Unified Memory Memcpy HtoD]",
16.227841,11.022014,88,88,1,8,8,1,27,0,100,"GeForce GTX 1660 SUPER (0)","1","155",,,"gaussian_blur",2044
16.238403,7.386219,88,88,1,8,8,1,27,0,36,"GeForce GTX 1660 SUPER (0)","1","156",,,"gaussian_blur",2048
16.245096,5.646966,88,88,1,8,8,1,40,72,0,"GeForce GTX 1660 SUPER (0)","1","154",,,"sobel",2051
16.250514,5.580562,88,88,1,8,8,1,40,72,0,"GeForce GTX 1660 SUPER (0)","1","155",,,"sobel",2054
16.256077,1.001585,176,1,1,1024,1,1,16,0,0,"GeForce GTX 1660 SUPER (0)","1","156",,,"unsharpen",2073
16.257038,0.429557,176,1,1,1024,1,1,16,0,0,"GeForce GTX 1660 SUPER (0)","1","157",,,"minimum",2064
16.257431,0.416021,176,1,1,1024,1,1,16,0,0,"GeForce GTX 1660 SUPER (0)","1","155",,,"maximum",2058
16.257850,0.877323,176,1,1,1024,1,1,17,0,0,"GeForce GTX 1660 SUPER (0)","1","155",,,"extend",2068
16.258730,1.262014,176,1,1,1024,1,1,16,0,0,"GeForce GTX 1660 SUPER (0)","1","155",,,"combine",2077
16.259995,1.257886,176,1,1,1024,1,1,16,0,0,"GeForce GTX 1660 SUPER (0)","1","153",,,"combine",2082
16.261392,,,,,,,,,,,,,,"PC 0xe85d73de","0x7f9f9a000000","[Unified Memory CPU page faults]",
16.261483,0.001024,,,,,,,,,,"GeForce GTX 1660 SUPER (0)",,,4096.000000,"0x7f9f9a000000","[Unified Memory Memcpy DtoH]",
16.261484,0.005376,,,,,,,,,,"GeForce GTX 1660 SUPER (0)",,,61440.000000,"0x7f9f9a001000","[Unified Memory Memcpy DtoH]",
16.376183,0.003585,176,1,1,1024,1,1,16,0,0,"GeForce GTX 1660 SUPER (0)","1","158",,,"reset",2105
16.376581,0.014305,88,88,1,8,8,1,16,0,0,"GeForce GTX 1660 SUPER (0)","1","158",,,"reset",2108
16.376803,6.704298,88,88,1,8,8,1,27,0,36,"GeForce GTX 1660 SUPER (0)","1","159",,,"gaussian_blur",2112
16.376804,0.115590,,,,,,,,,,"GeForce GTX 1660 SUPER (0)",,,"22","0x7f9f9f800000","[Unified Memory GPU page faults]",
16.376892,0.001472,,,,,,,,,,"GeForce GTX 1660 SUPER (0)",,,4096.000000,"0x7f9f9f800000","[Unified Memory Memcpy HtoD]",
16.376893,0.006369,,,,,,,,,,"GeForce GTX 1660 SUPER (0)",,,61440.000000,"0x7f9f9f801000","[Unified Memory Memcpy HtoD]",
16.383221,11.075265,88,88,1,8,8,1,27,0,100,"GeForce GTX 1660 SUPER (0)","1","160",,,"gaussian_blur",2116
16.393818,7.420622,88,88,1,8,8,1,27,0,36,"GeForce GTX 1660 SUPER (0)","1","161",,,"gaussian_blur",2120
16.400580,5.649270,88,88,1,8,8,1,40,72,0,"GeForce GTX 1660 SUPER (0)","1","159",,,"sobel",2123
16.406000,5.578387,88,88,1,8,8,1,40,72,0,"GeForce GTX 1660 SUPER (0)","1","160",,,"sobel",2126
16.411562,0.989713,176,1,1,1024,1,1,16,0,0,"GeForce GTX 1660 SUPER (0)","1","161",,,"unsharpen",2145
16.412524,0.416245,176,1,1,1024,1,1,16,0,0,"GeForce GTX 1660 SUPER (0)","1","162",,,"minimum",2136
16.412910,0.412757,176,1,1,1024,1,1,16,0,0,"GeForce GTX 1660 SUPER (0)","1","160",,,"maximum",2130
16.413326,0.879115,176,1,1,1024,1,1,17,0,0,"GeForce GTX 1660 SUPER (0)","1","160",,,"extend",2140
16.414208,1.266654,176,1,1,1024,1,1,16,0,0,"GeForce GTX 1660 SUPER (0)","1","160",,,"combine",2149
16.415477,1.259518,176,1,1,1024,1,1,16,0,0,"GeForce GTX 1660 SUPER (0)","1","158",,,"combine",2154
16.416936,,,,,,,,,,,,,,"PC 0xe85d73de","0x7f9f9a000000","[Unified Memory CPU page faults]",
16.417034,0.001056,,,,,,,,,,"GeForce GTX 1660 SUPER (0)",,,4096.000000,"0x7f9f9a000000","[Unified Memory Memcpy DtoH]",
16.417035,0.005633,,,,,,,,,,"GeForce GTX 1660 SUPER (0)",,,61440.000000,"0x7f9f9a001000","[Unified Memory Memcpy DtoH]",
