==8460== NVPROF is profiling process 8460, command: java -classpath /home/users/alberto.parravicini/Documents/graalvm-ce-java8-20.0.0/lib/installer/launcher-common.jar:/home/users/alberto.parravicini/Documents/graalvm-ce-java8-20.0.0/jre/lib/graalvm/graalpython-launcher.jar -XX:MaxHeapSize=26G com.oracle.g
==8460== Profiling application: java -classpath /home/users/alberto.parravicini/Documents/graalvm-ce-java8-20.0.0/lib/installer/launcher-common.jar:/home/users/alberto.parravicini/Documents/graalvm-ce-java8-20.0.0/jre/lib/graalvm/graalpython-launcher.jar -XX:MaxHeapSize=26G com.oracle.g
==8460== Profiling result:
"Start","Duration","Grid X","Grid Y","Grid Z","Block X","Block Y","Block Z","Registers Per Thread","Static SMem","Dynamic SMem","Device","Context","Stream","Unified Memory","Virtual Address","Name","Correlation_ID"
s,ms,,,,,,,,B,B,,,,B,,,
13.663533,0.002400,12,1,1,1024,1,1,8,0,0,"GeForce GTX 960 (0)","1","14",,,"reset",4
13.663600,0.002240,,,,,,,,,,"GeForce GTX 960 (0)",,,8192.000000,"0x1100a83000","[Unified Memory Memcpy HtoD]",
13.666876,0.001248,6,6,1,8,8,1,8,0,0,"GeForce GTX 960 (0)","1","14",,,"reset",7
13.667587,50.607064,6,6,1,8,8,1,24,0,36,"GeForce GTX 960 (0)","1","15",,,"gaussian_blur",12
13.668028,64.463494,6,6,1,8,8,1,24,0,100,"GeForce GTX 960 (0)","1","16",,,"gaussian_blur",17
13.668475,51.510381,6,6,1,8,8,1,24,0,36,"GeForce GTX 960 (0)","1","17",,,"gaussian_blur",22
13.718337,19.628900,6,6,1,8,8,1,40,72,0,"GeForce GTX 960 (0)","1","15",,,"sobel",26
13.732656,14.765347,6,6,1,8,8,1,40,72,0,"GeForce GTX 960 (0)","1","16",,,"sobel",30
13.747582,1.383246,12,1,1,1024,1,1,8,0,0,"GeForce GTX 960 (0)","1","18",,,"minimum",41
13.747661,2.171300,12,1,1,1024,1,1,8,0,0,"GeForce GTX 960 (0)","1","16",,,"maximum",35
13.750043,4.259401,12,1,1,1024,1,1,13,0,0,"GeForce GTX 960 (0)","1","16",,,"extend",48
13.750161,6.150193,12,1,1,1024,1,1,12,0,0,"GeForce GTX 960 (0)","1","17",,,"unsharpen",55
13.756603,4.481158,12,1,1,1024,1,1,13,0,0,"GeForce GTX 960 (0)","1","16",,,"combine",63
13.761265,4.542406,12,1,1,1024,1,1,13,0,0,"GeForce GTX 960 (0)","1","14",,,"combine",71
13.766587,,,,,,,,,,,,,,"PC 0x1e5cc8ae","0x1110000000","[Unified Memory CPU page faults]",
13.766789,0.001536,,,,,,,,,,"GeForce GTX 960 (0)",,,4096.000000,"0x1110000000","[Unified Memory Memcpy DtoH]",
13.766791,0.005312,,,,,,,,,,"GeForce GTX 960 (0)",,,61440.000000,"0x1110001000","[Unified Memory Memcpy DtoH]",
13.934206,0.001856,,,,,,,,,,"GeForce GTX 960 (0)",,,8192.000000,"0x1100a83000","[Unified Memory Memcpy HtoD]",
13.934247,0.001120,12,1,1,1024,1,1,8,0,0,"GeForce GTX 960 (0)","1","19",,,"reset",94
13.934786,0.001152,6,6,1,8,8,1,8,0,0,"GeForce GTX 960 (0)","1","19",,,"reset",97
13.935364,46.822280,6,6,1,8,8,1,24,0,36,"GeForce GTX 960 (0)","1","20",,,"gaussian_blur",103
13.935889,62.127845,6,6,1,8,8,1,24,0,100,"GeForce GTX 960 (0)","1","21",,,"gaussian_blur",108
13.936715,48.356436,6,6,1,8,8,1,24,0,36,"GeForce GTX 960 (0)","1","22",,,"gaussian_blur",113
13.982325,23.413172,6,6,1,8,8,1,40,72,0,"GeForce GTX 960 (0)","1","20",,,"sobel",117
13.998165,20.344795,6,6,1,8,8,1,40,72,0,"GeForce GTX 960 (0)","1","21",,,"sobel",121
14.018658,1.403470,12,1,1,1024,1,1,8,0,0,"GeForce GTX 960 (0)","1","23",,,"minimum",132
14.018705,2.177572,12,1,1,1024,1,1,8,0,0,"GeForce GTX 960 (0)","1","21",,,"maximum",126
14.021038,4.230058,12,1,1,1024,1,1,13,0,0,"GeForce GTX 960 (0)","1","21",,,"extend",139
14.021112,6.137009,12,1,1,1024,1,1,12,0,0,"GeForce GTX 960 (0)","1","22",,,"unsharpen",146
14.027529,4.471238,12,1,1,1024,1,1,13,0,0,"GeForce GTX 960 (0)","1","21",,,"combine",154
14.032190,4.465959,12,1,1,1024,1,1,13,0,0,"GeForce GTX 960 (0)","1","19",,,"combine",162
14.036942,,,,,,,,,,,,,,"PC 0x1e5cc8ae","0x1110000000","[Unified Memory CPU page faults]",
14.036963,0.001248,,,,,,,,,,"GeForce GTX 960 (0)",,,4096.000000,"0x1110000000","[Unified Memory Memcpy DtoH]",
14.036964,0.005056,,,,,,,,,,"GeForce GTX 960 (0)",,,61440.000000,"0x1110001000","[Unified Memory Memcpy DtoH]",
14.176707,0.001728,,,,,,,,,,"GeForce GTX 960 (0)",,,8192.000000,"0x1100a83000","[Unified Memory Memcpy HtoD]",
14.176740,0.001120,12,1,1,1024,1,1,8,0,0,"GeForce GTX 960 (0)","1","24",,,"reset",185
14.177063,0.001088,6,6,1,8,8,1,8,0,0,"GeForce GTX 960 (0)","1","24",,,"reset",188
14.177525,43.639761,6,6,1,8,8,1,24,0,36,"GeForce GTX 960 (0)","1","25",,,"gaussian_blur",194
14.177903,56.307695,6,6,1,8,8,1,24,0,100,"GeForce GTX 960 (0)","1","26",,,"gaussian_blur",199
14.178286,44.527014,6,6,1,8,8,1,24,0,36,"GeForce GTX 960 (0)","1","27",,,"gaussian_blur",204
14.221276,18.418804,6,6,1,8,8,1,40,72,0,"GeForce GTX 960 (0)","1","25",,,"sobel",208
14.234348,14.584325,6,6,1,8,8,1,40,72,0,"GeForce GTX 960 (0)","1","26",,,"sobel",212
14.249055,1.297200,12,1,1,1024,1,1,8,0,0,"GeForce GTX 960 (0)","1","28",,,"minimum",223
14.249076,2.070982,12,1,1,1024,1,1,8,0,0,"GeForce GTX 960 (0)","1","26",,,"maximum",217
14.251266,4.188554,12,1,1,1024,1,1,13,0,0,"GeForce GTX 960 (0)","1","26",,,"extend",230
14.251327,6.146962,12,1,1,1024,1,1,12,0,0,"GeForce GTX 960 (0)","1","27",,,"unsharpen",237
14.257671,4.480423,12,1,1,1024,1,1,13,0,0,"GeForce GTX 960 (0)","1","26",,,"combine",245
14.262311,4.482566,12,1,1,1024,1,1,13,0,0,"GeForce GTX 960 (0)","1","24",,,"combine",253
14.267120,,,,,,,,,,,,,,"PC 0x1e5cc8ae","0x1110000000","[Unified Memory CPU page faults]",
14.267144,0.001184,,,,,,,,,,"GeForce GTX 960 (0)",,,4096.000000,"0x1110000000","[Unified Memory Memcpy DtoH]",
14.267146,0.005056,,,,,,,,,,"GeForce GTX 960 (0)",,,61440.000000,"0x1110001000","[Unified Memory Memcpy DtoH]",
14.383508,0.001792,,,,,,,,,,"GeForce GTX 960 (0)",,,8192.000000,"0x1100a83000","[Unified Memory Memcpy HtoD]",
14.383577,0.001088,12,1,1,1024,1,1,8,0,0,"GeForce GTX 960 (0)","1","29",,,"reset",276
14.383927,0.001056,6,6,1,8,8,1,8,0,0,"GeForce GTX 960 (0)","1","29",,,"reset",279
14.384431,44.225674,6,6,1,8,8,1,24,0,36,"GeForce GTX 960 (0)","1","30",,,"gaussian_blur",285
14.384851,58.948141,6,6,1,8,8,1,24,0,100,"GeForce GTX 960 (0)","1","31",,,"gaussian_blur",290
14.385248,45.083551,6,6,1,8,8,1,24,0,36,"GeForce GTX 960 (0)","1","32",,,"gaussian_blur",295
14.428816,22.829755,6,6,1,8,8,1,40,72,0,"GeForce GTX 960 (0)","1","30",,,"sobel",299
14.443923,19.429415,6,6,1,8,8,1,40,72,0,"GeForce GTX 960 (0)","1","31",,,"sobel",303
14.463471,1.257744,12,1,1,1024,1,1,8,0,0,"GeForce GTX 960 (0)","1","33",,,"minimum",314
14.463481,2.041158,12,1,1,1024,1,1,8,0,0,"GeForce GTX 960 (0)","1","31",,,"maximum",308
14.465608,4.173738,12,1,1,1024,1,1,13,0,0,"GeForce GTX 960 (0)","1","31",,,"extend",321
14.465657,6.150705,12,1,1,1024,1,1,12,0,0,"GeForce GTX 960 (0)","1","32",,,"unsharpen",328
14.471970,4.461511,12,1,1,1024,1,1,13,0,0,"GeForce GTX 960 (0)","1","31",,,"combine",336
14.476579,4.483815,12,1,1,1024,1,1,13,0,0,"GeForce GTX 960 (0)","1","29",,,"combine",344
14.481383,,,,,,,,,,,,,,"PC 0x1e5cc8ae","0x1110000000","[Unified Memory CPU page faults]",
14.481411,0.001184,,,,,,,,,,"GeForce GTX 960 (0)",,,4096.000000,"0x1110000000","[Unified Memory Memcpy DtoH]",
14.481412,0.005088,,,,,,,,,,"GeForce GTX 960 (0)",,,61440.000000,"0x1110001000","[Unified Memory Memcpy DtoH]",
14.579460,0.001920,,,,,,,,,,"GeForce GTX 960 (0)",,,8192.000000,"0x1100a83000","[Unified Memory Memcpy HtoD]",
14.579506,0.001120,12,1,1,1024,1,1,8,0,0,"GeForce GTX 960 (0)","1","34",,,"reset",367
14.579969,0.001056,6,6,1,8,8,1,8,0,0,"GeForce GTX 960 (0)","1","34",,,"reset",370
14.580427,44.523334,6,6,1,8,8,1,24,0,36,"GeForce GTX 960 (0)","1","35",,,"gaussian_blur",376
14.580817,61.132050,6,6,1,8,8,1,24,0,100,"GeForce GTX 960 (0)","1","36",,,"gaussian_blur",381
14.581183,45.253244,6,6,1,8,8,1,24,0,36,"GeForce GTX 960 (0)","1","37",,,"gaussian_blur",386
14.625126,24.967104,6,6,1,8,8,1,40,72,0,"GeForce GTX 960 (0)","1","35",,,"sobel",390
14.642114,19.977408,6,6,1,8,8,1,40,72,0,"GeForce GTX 960 (0)","1","36",,,"sobel",394
14.662268,1.389902,12,1,1,1024,1,1,8,0,0,"GeForce GTX 960 (0)","1","38",,,"minimum",405
14.662345,2.129924,12,1,1,1024,1,1,8,0,0,"GeForce GTX 960 (0)","1","36",,,"maximum",399
14.664691,4.145227,12,1,1,1024,1,1,13,0,0,"GeForce GTX 960 (0)","1","36",,,"extend",412
14.664815,6.090834,12,1,1,1024,1,1,12,0,0,"GeForce GTX 960 (0)","1","37",,,"unsharpen",419
14.671201,4.478055,12,1,1,1024,1,1,13,0,0,"GeForce GTX 960 (0)","1","36",,,"combine",427
14.675851,4.455495,12,1,1,1024,1,1,13,0,0,"GeForce GTX 960 (0)","1","34",,,"combine",435
14.680630,,,,,,,,,,,,,,"PC 0x1e5cc8ae","0x1110000000","[Unified Memory CPU page faults]",
14.680658,0.001184,,,,,,,,,,"GeForce GTX 960 (0)",,,4096.000000,"0x1110000000","[Unified Memory Memcpy DtoH]",
14.680659,0.005056,,,,,,,,,,"GeForce GTX 960 (0)",,,61440.000000,"0x1110001000","[Unified Memory Memcpy DtoH]",
14.765986,0.001920,,,,,,,,,,"GeForce GTX 960 (0)",,,8192.000000,"0x1100a83000","[Unified Memory Memcpy HtoD]",
14.766022,0.001120,12,1,1,1024,1,1,8,0,0,"GeForce GTX 960 (0)","1","39",,,"reset",458
14.766599,0.001088,6,6,1,8,8,1,8,0,0,"GeForce GTX 960 (0)","1","39",,,"reset",461
14.767130,44.359752,6,6,1,8,8,1,24,0,36,"GeForce GTX 960 (0)","1","40",,,"gaussian_blur",467
14.767499,56.854888,6,6,1,8,8,1,24,0,100,"GeForce GTX 960 (0)","1","41",,,"gaussian_blur",472
14.767859,45.078846,6,6,1,8,8,1,24,0,36,"GeForce GTX 960 (0)","1","42",,,"gaussian_blur",477
14.811603,19.645157,6,6,1,8,8,1,40,72,0,"GeForce GTX 960 (0)","1","40",,,"sobel",481
14.824454,18.025401,6,6,1,8,8,1,40,72,0,"GeForce GTX 960 (0)","1","41",,,"sobel",485
14.842605,1.393199,12,1,1,1024,1,1,8,0,0,"GeForce GTX 960 (0)","1","43",,,"minimum",496
14.842631,2.164388,12,1,1,1024,1,1,8,0,0,"GeForce GTX 960 (0)","1","41",,,"maximum",490
14.844916,4.211786,12,1,1,1024,1,1,13,0,0,"GeForce GTX 960 (0)","1","41",,,"extend",503
14.844978,6.144465,12,1,1,1024,1,1,12,0,0,"GeForce GTX 960 (0)","1","42",,,"unsharpen",510
14.851323,4.475303,12,1,1,1024,1,1,13,0,0,"GeForce GTX 960 (0)","1","41",,,"combine",518
14.855947,4.485190,12,1,1,1024,1,1,13,0,0,"GeForce GTX 960 (0)","1","39",,,"combine",526
14.860676,,,,,,,,,,,,,,"PC 0x1e5cc8ae","0x1110000000","[Unified Memory CPU page faults]",
14.860702,0.001216,,,,,,,,,,"GeForce GTX 960 (0)",,,4096.000000,"0x1110000000","[Unified Memory Memcpy DtoH]",
14.860703,0.005216,,,,,,,,,,"GeForce GTX 960 (0)",,,61440.000000,"0x1110001000","[Unified Memory Memcpy DtoH]",
14.960940,0.002144,,,,,,,,,,"GeForce GTX 960 (0)",,,8192.000000,"0x1100a83000","[Unified Memory Memcpy HtoD]",
14.960984,0.001088,12,1,1,1024,1,1,8,0,0,"GeForce GTX 960 (0)","1","44",,,"reset",549
14.961524,0.001088,6,6,1,8,8,1,8,0,0,"GeForce GTX 960 (0)","1","44",,,"reset",552
14.962018,44.814403,6,6,1,8,8,1,24,0,36,"GeForce GTX 960 (0)","1","45",,,"gaussian_blur",558
14.962403,57.192899,6,6,1,8,8,1,24,0,100,"GeForce GTX 960 (0)","1","46",,,"gaussian_blur",563
14.962759,45.549017,6,6,1,8,8,1,24,0,36,"GeForce GTX 960 (0)","1","47",,,"gaussian_blur",568
15.006934,18.542963,6,6,1,8,8,1,40,72,0,"GeForce GTX 960 (0)","1","45",,,"sobel",572
15.019698,16.457133,6,6,1,8,8,1,40,72,0,"GeForce GTX 960 (0)","1","46",,,"sobel",576
15.036276,1.373198,12,1,1,1024,1,1,8,0,0,"GeForce GTX 960 (0)","1","48",,,"minimum",587
15.036301,2.145061,12,1,1,1024,1,1,8,0,0,"GeForce GTX 960 (0)","1","46",,,"maximum",581
15.038568,4.181259,12,1,1,1024,1,1,13,0,0,"GeForce GTX 960 (0)","1","46",,,"extend",594
15.038632,6.146993,12,1,1,1024,1,1,12,0,0,"GeForce GTX 960 (0)","1","47",,,"unsharpen",601
15.044973,4.508423,12,1,1,1024,1,1,13,0,0,"GeForce GTX 960 (0)","1","46",,,"combine",609
15.049640,4.462342,12,1,1,1024,1,1,13,0,0,"GeForce GTX 960 (0)","1","44",,,"combine",617
15.054313,,,,,,,,,,,,,,"PC 0x1e5cc8ae","0x1110000000","[Unified Memory CPU page faults]",
15.054338,0.001184,,,,,,,,,,"GeForce GTX 960 (0)",,,4096.000000,"0x1110000000","[Unified Memory Memcpy DtoH]",
15.054340,0.005056,,,,,,,,,,"GeForce GTX 960 (0)",,,61440.000000,"0x1110001000","[Unified Memory Memcpy DtoH]",
15.145287,0.001760,,,,,,,,,,"GeForce GTX 960 (0)",,,8192.000000,"0x1100a83000","[Unified Memory Memcpy HtoD]",
15.145323,0.001120,12,1,1,1024,1,1,8,0,0,"GeForce GTX 960 (0)","1","49",,,"reset",640
15.145574,0.001088,6,6,1,8,8,1,8,0,0,"GeForce GTX 960 (0)","1","49",,,"reset",643
15.145835,44.060908,6,6,1,8,8,1,24,0,36,"GeForce GTX 960 (0)","1","50",,,"gaussian_blur",649
15.146078,59.148490,6,6,1,8,8,1,24,0,100,"GeForce GTX 960 (0)","1","51",,,"gaussian_blur",654
15.146324,44.724291,6,6,1,8,8,1,24,0,36,"GeForce GTX 960 (0)","1","52",,,"gaussian_blur",659
15.189992,24.093228,6,6,1,8,8,1,40,72,0,"GeForce GTX 960 (0)","1","50",,,"sobel",663
15.205355,20.586104,6,6,1,8,8,1,40,72,0,"GeForce GTX 960 (0)","1","51",,,"sobel",667
15.226064,1.383150,12,1,1,1024,1,1,8,0,0,"GeForce GTX 960 (0)","1","53",,,"minimum",678
15.226089,2.160133,12,1,1,1024,1,1,8,0,0,"GeForce GTX 960 (0)","1","51",,,"maximum",672
15.228369,4.173003,12,1,1,1024,1,1,13,0,0,"GeForce GTX 960 (0)","1","51",,,"extend",685
15.228443,6.122226,12,1,1,1024,1,1,12,0,0,"GeForce GTX 960 (0)","1","52",,,"unsharpen",692
15.234774,4.499174,12,1,1,1024,1,1,13,0,0,"GeForce GTX 960 (0)","1","51",,,"combine",700
15.239462,4.480103,12,1,1,1024,1,1,13,0,0,"GeForce GTX 960 (0)","1","49",,,"combine",708
15.244161,,,,,,,,,,,,,,"PC 0x1e5cc8ae","0x1110000000","[Unified Memory CPU page faults]",
15.244189,0.001216,,,,,,,,,,"GeForce GTX 960 (0)",,,4096.000000,"0x1110000000","[Unified Memory Memcpy DtoH]",
15.244190,0.005311,,,,,,,,,,"GeForce GTX 960 (0)",,,61440.000000,"0x1110001000","[Unified Memory Memcpy DtoH]",
15.344309,0.001920,,,,,,,,,,"GeForce GTX 960 (0)",,,8192.000000,"0x1100a83000","[Unified Memory Memcpy HtoD]",
15.344346,0.001184,12,1,1,1024,1,1,8,0,0,"GeForce GTX 960 (0)","1","54",,,"reset",731
15.344622,0.001088,6,6,1,8,8,1,8,0,0,"GeForce GTX 960 (0)","1","54",,,"reset",734
15.344921,44.396839,6,6,1,8,8,1,24,0,36,"GeForce GTX 960 (0)","1","55",,,"gaussian_blur",740
15.345136,58.063289,6,6,1,8,8,1,24,0,100,"GeForce GTX 960 (0)","1","56",,,"gaussian_blur",745
15.345340,44.709636,6,6,1,8,8,1,24,0,36,"GeForce GTX 960 (0)","1","57",,,"gaussian_blur",750
15.389413,22.332258,6,6,1,8,8,1,40,72,0,"GeForce GTX 960 (0)","1","55",,,"sobel",754
15.403322,19.398344,6,6,1,8,8,1,40,72,0,"GeForce GTX 960 (0)","1","56",,,"sobel",758
15.422825,1.393742,12,1,1,1024,1,1,8,0,0,"GeForce GTX 960 (0)","1","58",,,"minimum",769
15.422840,2.182852,12,1,1,1024,1,1,8,0,0,"GeForce GTX 960 (0)","1","56",,,"maximum",763
15.425148,4.198986,12,1,1,1024,1,1,13,0,0,"GeForce GTX 960 (0)","1","56",,,"extend",776
15.425212,6.139601,12,1,1,1024,1,1,12,0,0,"GeForce GTX 960 (0)","1","57",,,"unsharpen",783
15.431523,4.469895,12,1,1,1024,1,1,13,0,0,"GeForce GTX 960 (0)","1","56",,,"combine",791
15.436162,4.473126,12,1,1,1024,1,1,13,0,0,"GeForce GTX 960 (0)","1","54",,,"combine",799
15.440902,,,,,,,,,,,,,,"PC 0x1e5cc8ae","0x1110000000","[Unified Memory CPU page faults]",
15.440933,0.001184,,,,,,,,,,"GeForce GTX 960 (0)",,,4096.000000,"0x1110000000","[Unified Memory Memcpy DtoH]",
15.440934,0.005088,,,,,,,,,,"GeForce GTX 960 (0)",,,61440.000000,"0x1110001000","[Unified Memory Memcpy DtoH]",
15.520773,0.001888,,,,,,,,,,"GeForce GTX 960 (0)",,,8192.000000,"0x1100a83000","[Unified Memory Memcpy HtoD]",
15.520828,0.001088,12,1,1,1024,1,1,8,0,0,"GeForce GTX 960 (0)","1","59",,,"reset",822
15.521224,0.001088,6,6,1,8,8,1,8,0,0,"GeForce GTX 960 (0)","1","59",,,"reset",825
15.521664,43.911693,6,6,1,8,8,1,24,0,36,"GeForce GTX 960 (0)","1","60",,,"gaussian_blur",831
15.522099,56.745706,6,6,1,8,8,1,24,0,100,"GeForce GTX 960 (0)","1","61",,,"gaussian_blur",836
15.522508,44.888225,6,6,1,8,8,1,24,0,36,"GeForce GTX 960 (0)","1","62",,,"gaussian_blur",841
15.565713,17.788764,6,6,1,8,8,1,40,72,0,"GeForce GTX 960 (0)","1","60",,,"sobel",845
15.578972,13.402484,6,6,1,8,8,1,40,72,0,"GeForce GTX 960 (0)","1","61",,,"sobel",849
15.592497,1.377166,12,1,1,1024,1,1,8,0,0,"GeForce GTX 960 (0)","1","63",,,"minimum",860
15.592523,2.184325,12,1,1,1024,1,1,8,0,0,"GeForce GTX 960 (0)","1","61",,,"maximum",854
15.594833,4.190154,12,1,1,1024,1,1,13,0,0,"GeForce GTX 960 (0)","1","61",,,"extend",867
15.594894,6.138962,12,1,1,1024,1,1,12,0,0,"GeForce GTX 960 (0)","1","62",,,"unsharpen",874
15.601205,4.500967,12,1,1,1024,1,1,13,0,0,"GeForce GTX 960 (0)","1","61",,,"combine",882
15.605834,4.497126,12,1,1,1024,1,1,13,0,0,"GeForce GTX 960 (0)","1","59",,,"combine",890
15.610508,,,,,,,,,,,,,,"PC 0x1e5cc8ae","0x1110000000","[Unified Memory CPU page faults]",
15.610537,0.001184,,,,,,,,,,"GeForce GTX 960 (0)",,,4096.000000,"0x1110000000","[Unified Memory Memcpy DtoH]",
15.610538,0.005056,,,,,,,,,,"GeForce GTX 960 (0)",,,61440.000000,"0x1110001000","[Unified Memory Memcpy DtoH]",
15.696685,0.001856,,,,,,,,,,"GeForce GTX 960 (0)",,,8192.000000,"0x1100a83000","[Unified Memory Memcpy HtoD]",
15.696723,0.001088,12,1,1,1024,1,1,8,0,0,"GeForce GTX 960 (0)","1","64",,,"reset",913
15.696982,0.001088,6,6,1,8,8,1,8,0,0,"GeForce GTX 960 (0)","1","64",,,"reset",916
15.697243,44.686467,6,6,1,8,8,1,24,0,36,"GeForce GTX 960 (0)","1","65",,,"gaussian_blur",922
15.697447,56.879976,6,6,1,8,8,1,24,0,100,"GeForce GTX 960 (0)","1","66",,,"gaussian_blur",927
15.697704,45.027839,6,6,1,8,8,1,24,0,36,"GeForce GTX 960 (0)","1","67",,,"gaussian_blur",932
15.742031,20.258237,6,6,1,8,8,1,40,72,0,"GeForce GTX 960 (0)","1","65",,,"sobel",936
15.754448,18.873679,6,6,1,8,8,1,40,72,0,"GeForce GTX 960 (0)","1","66",,,"sobel",940
15.773459,1.223344,12,1,1,1024,1,1,8,0,0,"GeForce GTX 960 (0)","1","68",,,"minimum",951
15.773469,2.024198,12,1,1,1024,1,1,8,0,0,"GeForce GTX 960 (0)","1","66",,,"maximum",945
15.775640,4.210826,12,1,1,1024,1,1,13,0,0,"GeForce GTX 960 (0)","1","66",,,"extend",958
15.775699,6.140433,12,1,1,1024,1,1,12,0,0,"GeForce GTX 960 (0)","1","67",,,"unsharpen",965
15.782065,4.512550,12,1,1,1024,1,1,13,0,0,"GeForce GTX 960 (0)","1","66",,,"combine",973
15.786756,4.492999,12,1,1,1024,1,1,13,0,0,"GeForce GTX 960 (0)","1","64",,,"combine",981
15.791452,,,,,,,,,,,,,,"PC 0x1e5cc8ae","0x1110000000","[Unified Memory CPU page faults]",
15.791483,0.001184,,,,,,,,,,"GeForce GTX 960 (0)",,,4096.000000,"0x1110000000","[Unified Memory Memcpy DtoH]",
15.791484,0.005120,,,,,,,,,,"GeForce GTX 960 (0)",,,61440.000000,"0x1110001000","[Unified Memory Memcpy DtoH]",
15.862232,0.001920,,,,,,,,,,"GeForce GTX 960 (0)",,,8192.000000,"0x1100a83000","[Unified Memory Memcpy HtoD]",
15.862277,0.001088,12,1,1,1024,1,1,8,0,0,"GeForce GTX 960 (0)","1","69",,,"reset",1004
15.862607,0.001088,6,6,1,8,8,1,8,0,0,"GeForce GTX 960 (0)","1","69",,,"reset",1007
15.863151,44.052620,6,6,1,8,8,1,24,0,36,"GeForce GTX 960 (0)","1","70",,,"gaussian_blur",1013
15.863401,60.190909,6,6,1,8,8,1,24,0,100,"GeForce GTX 960 (0)","1","71",,,"gaussian_blur",1018
15.863643,44.774179,6,6,1,8,8,1,24,0,36,"GeForce GTX 960 (0)","1","72",,,"gaussian_blur",1023
15.907338,25.328059,6,6,1,8,8,1,40,72,0,"GeForce GTX 960 (0)","1","70",,,"sobel",1027
15.923705,20.661719,6,6,1,8,8,1,40,72,0,"GeForce GTX 960 (0)","1","71",,,"sobel",1031
15.944504,1.360238,12,1,1,1024,1,1,8,0,0,"GeForce GTX 960 (0)","1","73",,,"minimum",1042
15.944530,2.134565,12,1,1,1024,1,1,8,0,0,"GeForce GTX 960 (0)","1","71",,,"maximum",1036
15.946800,4.193291,12,1,1,1024,1,1,13,0,0,"GeForce GTX 960 (0)","1","71",,,"extend",1049
15.946845,6.163697,12,1,1,1024,1,1,12,0,0,"GeForce GTX 960 (0)","1","72",,,"unsharpen",1056
15.953235,4.490086,12,1,1,1024,1,1,13,0,0,"GeForce GTX 960 (0)","1","71",,,"combine",1064
15.957894,4.483687,12,1,1,1024,1,1,13,0,0,"GeForce GTX 960 (0)","1","69",,,"combine",1072
15.962560,,,,,,,,,,,,,,"PC 0x1e5cc8ae","0x1110000000","[Unified Memory CPU page faults]",
15.962591,0.001184,,,,,,,,,,"GeForce GTX 960 (0)",,,4096.000000,"0x1110000000","[Unified Memory Memcpy DtoH]",
15.962592,0.005056,,,,,,,,,,"GeForce GTX 960 (0)",,,61440.000000,"0x1110001000","[Unified Memory Memcpy DtoH]",
16.043625,0.001952,,,,,,,,,,"GeForce GTX 960 (0)",,,8192.000000,"0x1100a83000","[Unified Memory Memcpy HtoD]",
16.043697,0.001120,12,1,1,1024,1,1,8,0,0,"GeForce GTX 960 (0)","1","74",,,"reset",1095
16.043949,0.001152,6,6,1,8,8,1,8,0,0,"GeForce GTX 960 (0)","1","74",,,"reset",1098
16.044257,44.789859,6,6,1,8,8,1,24,0,36,"GeForce GTX 960 (0)","1","75",,,"gaussian_blur",1104
16.044478,61.310831,6,6,1,8,8,1,24,0,100,"GeForce GTX 960 (0)","1","76",,,"gaussian_blur",1109
16.044697,44.507398,6,6,1,8,8,1,24,0,36,"GeForce GTX 960 (0)","1","77",,,"gaussian_blur",1114
16.089184,27.710589,6,6,1,8,8,1,40,72,0,"GeForce GTX 960 (0)","1","75",,,"sobel",1118
16.105928,22.334498,6,6,1,8,8,1,40,72,0,"GeForce GTX 960 (0)","1","76",,,"sobel",1122
16.128395,1.407118,12,1,1,1024,1,1,8,0,0,"GeForce GTX 960 (0)","1","78",,,"minimum",1133
16.128415,2.192068,12,1,1,1024,1,1,8,0,0,"GeForce GTX 960 (0)","1","76",,,"maximum",1127
16.130727,4.236138,12,1,1,1024,1,1,13,0,0,"GeForce GTX 960 (0)","1","76",,,"extend",1140
16.130793,6.184881,12,1,1,1024,1,1,12,0,0,"GeForce GTX 960 (0)","1","77",,,"unsharpen",1147
16.137177,4.503750,12,1,1,1024,1,1,13,0,0,"GeForce GTX 960 (0)","1","76",,,"combine",1155
16.141841,4.483079,12,1,1,1024,1,1,13,0,0,"GeForce GTX 960 (0)","1","74",,,"combine",1163
16.146512,,,,,,,,,,,,,,"PC 0x1e5cc8ae","0x1110000000","[Unified Memory CPU page faults]",
16.146544,0.001184,,,,,,,,,,"GeForce GTX 960 (0)",,,4096.000000,"0x1110000000","[Unified Memory Memcpy DtoH]",
16.146545,0.005088,,,,,,,,,,"GeForce GTX 960 (0)",,,61440.000000,"0x1110001000","[Unified Memory Memcpy DtoH]",
16.231641,0.001856,,,,,,,,,,"GeForce GTX 960 (0)",,,8192.000000,"0x1100a83000","[Unified Memory Memcpy HtoD]",
16.231681,0.001152,12,1,1,1024,1,1,8,0,0,"GeForce GTX 960 (0)","1","79",,,"reset",1186
16.231930,0.001056,6,6,1,8,8,1,8,0,0,"GeForce GTX 960 (0)","1","79",,,"reset",1189
16.232184,44.357864,6,6,1,8,8,1,24,0,36,"GeForce GTX 960 (0)","1","80",,,"gaussian_blur",1195
16.232399,59.525030,6,6,1,8,8,1,24,0,100,"GeForce GTX 960 (0)","1","81",,,"gaussian_blur",1200
16.232617,44.653252,6,6,1,8,8,1,24,0,36,"GeForce GTX 960 (0)","1","82",,,"gaussian_blur",1205
16.276669,24.351144,6,6,1,8,8,1,40,72,0,"GeForce GTX 960 (0)","1","80",,,"sobel",1209
16.292032,20.474362,6,6,1,8,8,1,40,72,0,"GeForce GTX 960 (0)","1","81",,,"sobel",1213
16.312642,1.339375,12,1,1,1024,1,1,8,0,0,"GeForce GTX 960 (0)","1","83",,,"minimum",1224
16.312662,2.129380,12,1,1,1024,1,1,8,0,0,"GeForce GTX 960 (0)","1","81",,,"maximum",1218
16.314912,4.192778,12,1,1,1024,1,1,13,0,0,"GeForce GTX 960 (0)","1","81",,,"extend",1231
16.314994,6.131089,12,1,1,1024,1,1,12,0,0,"GeForce GTX 960 (0)","1","82",,,"unsharpen",1238
16.321357,4.493191,12,1,1,1024,1,1,13,0,0,"GeForce GTX 960 (0)","1","81",,,"combine",1246
16.325998,4.469127,12,1,1,1024,1,1,13,0,0,"GeForce GTX 960 (0)","1","79",,,"combine",1254
16.330684,,,,,,,,,,,,,,"PC 0x1e5cc8ae","0x1110000000","[Unified Memory CPU page faults]",
16.330719,0.001184,,,,,,,,,,"GeForce GTX 960 (0)",,,4096.000000,"0x1110000000","[Unified Memory Memcpy DtoH]",
16.330721,0.005087,,,,,,,,,,"GeForce GTX 960 (0)",,,61440.000000,"0x1110001000","[Unified Memory Memcpy DtoH]",
16.429408,0.001760,,,,,,,,,,"GeForce GTX 960 (0)",,,8192.000000,"0x1100a83000","[Unified Memory Memcpy HtoD]",
16.429467,0.001120,12,1,1,1024,1,1,8,0,0,"GeForce GTX 960 (0)","1","84",,,"reset",1277
16.429711,0.001120,6,6,1,8,8,1,8,0,0,"GeForce GTX 960 (0)","1","84",,,"reset",1280
16.430020,43.464116,6,6,1,8,8,1,24,0,36,"GeForce GTX 960 (0)","1","85",,,"gaussian_blur",1286
16.430753,58.205814,6,6,1,8,8,1,24,0,100,"GeForce GTX 960 (0)","1","86",,,"gaussian_blur",1291
16.431111,44.816418,6,6,1,8,8,1,24,0,36,"GeForce GTX 960 (0)","1","87",,,"gaussian_blur",1296
16.473609,18.359669,6,6,1,8,8,1,40,72,0,"GeForce GTX 960 (0)","1","85",,,"sobel",1300
16.489103,13.157015,6,6,1,8,8,1,40,72,0,"GeForce GTX 960 (0)","1","86",,,"sobel",1304
16.502398,1.368943,12,1,1,1024,1,1,8,0,0,"GeForce GTX 960 (0)","1","88",,,"minimum",1315
16.502425,2.141061,12,1,1,1024,1,1,8,0,0,"GeForce GTX 960 (0)","1","86",,,"maximum",1309
16.504701,4.184778,12,1,1,1024,1,1,13,0,0,"GeForce GTX 960 (0)","1","86",,,"extend",1322
16.504766,6.132178,12,1,1,1024,1,1,12,0,0,"GeForce GTX 960 (0)","1","87",,,"unsharpen",1329
16.511084,4.516742,12,1,1,1024,1,1,13,0,0,"GeForce GTX 960 (0)","1","86",,,"combine",1337
16.515791,4.480711,12,1,1,1024,1,1,13,0,0,"GeForce GTX 960 (0)","1","84",,,"combine",1345
16.520425,,,,,,,,,,,,,,"PC 0x1e5cc8ae","0x1110000000","[Unified Memory CPU page faults]",
16.520460,0.001216,,,,,,,,,,"GeForce GTX 960 (0)",,,4096.000000,"0x1110000000","[Unified Memory Memcpy DtoH]",
16.520461,0.005056,,,,,,,,,,"GeForce GTX 960 (0)",,,61440.000000,"0x1110001000","[Unified Memory Memcpy DtoH]",
16.590482,0.001792,,,,,,,,,,"GeForce GTX 960 (0)",,,8192.000000,"0x1100a83000","[Unified Memory Memcpy HtoD]",
16.590618,0.001120,12,1,1,1024,1,1,8,0,0,"GeForce GTX 960 (0)","1","89",,,"reset",1368
16.590859,0.001088,6,6,1,8,8,1,8,0,0,"GeForce GTX 960 (0)","1","89",,,"reset",1371
16.591137,43.931982,6,6,1,8,8,1,24,0,36,"GeForce GTX 960 (0)","1","90",,,"gaussian_blur",1377
16.591430,56.439374,6,6,1,8,8,1,24,0,100,"GeForce GTX 960 (0)","1","91",,,"gaussian_blur",1382
16.591717,44.296457,6,6,1,8,8,1,24,0,36,"GeForce GTX 960 (0)","1","92",,,"gaussian_blur",1387
16.635248,20.119679,6,6,1,8,8,1,40,72,0,"GeForce GTX 960 (0)","1","90",,,"sobel",1391
16.647997,18.181463,6,6,1,8,8,1,40,72,0,"GeForce GTX 960 (0)","1","91",,,"sobel",1395
16.666286,1.314319,12,1,1,1024,1,1,8,0,0,"GeForce GTX 960 (0)","1","93",,,"minimum",1406
16.666301,2.091941,12,1,1,1024,1,1,8,0,0,"GeForce GTX 960 (0)","1","91",,,"maximum",1400
16.668514,4.175979,12,1,1,1024,1,1,13,0,0,"GeForce GTX 960 (0)","1","91",,,"extend",1413
16.668578,6.134225,12,1,1,1024,1,1,12,0,0,"GeForce GTX 960 (0)","1","92",,,"unsharpen",1420
16.674935,4.488007,12,1,1,1024,1,1,13,0,0,"GeForce GTX 960 (0)","1","91",,,"combine",1428
16.679572,4.477574,12,1,1,1024,1,1,13,0,0,"GeForce GTX 960 (0)","1","89",,,"combine",1436
16.684203,,,,,,,,,,,,,,"PC 0x1e5cc8ae","0x1110000000","[Unified Memory CPU page faults]",
16.684239,0.001184,,,,,,,,,,"GeForce GTX 960 (0)",,,4096.000000,"0x1110000000","[Unified Memory Memcpy DtoH]",
16.684240,0.005120,,,,,,,,,,"GeForce GTX 960 (0)",,,61440.000000,"0x1110001000","[Unified Memory Memcpy DtoH]",
16.763251,0.001888,,,,,,,,,,"GeForce GTX 960 (0)",,,8192.000000,"0x1100a83000","[Unified Memory Memcpy HtoD]",
16.763302,0.001120,12,1,1,1024,1,1,8,0,0,"GeForce GTX 960 (0)","1","94",,,"reset",1459
16.763759,0.001056,6,6,1,8,8,1,8,0,0,"GeForce GTX 960 (0)","1","94",,,"reset",1462
16.764169,44.247657,6,6,1,8,8,1,24,0,36,"GeForce GTX 960 (0)","1","95",,,"gaussian_blur",1468
16.764487,56.420301,6,6,1,8,8,1,24,0,100,"GeForce GTX 960 (0)","1","96",,,"gaussian_blur",1473
16.764783,44.808578,6,6,1,8,8,1,24,0,36,"GeForce GTX 960 (0)","1","97",,,"gaussian_blur",1478
16.808546,18.254583,6,6,1,8,8,1,40,72,0,"GeForce GTX 960 (0)","1","95",,,"sobel",1482
16.821038,15.101215,6,6,1,8,8,1,40,72,0,"GeForce GTX 960 (0)","1","96",,,"sobel",1486
16.836265,1.400430,12,1,1,1024,1,1,8,0,0,"GeForce GTX 960 (0)","1","98",,,"minimum",1497
16.836295,2.173380,12,1,1,1024,1,1,8,0,0,"GeForce GTX 960 (0)","1","96",,,"maximum",1491
16.838597,4.189514,12,1,1,1024,1,1,13,0,0,"GeForce GTX 960 (0)","1","96",,,"extend",1504
16.838692,6.110354,12,1,1,1024,1,1,12,0,0,"GeForce GTX 960 (0)","1","97",,,"unsharpen",1511
16.845016,4.514535,12,1,1,1024,1,1,13,0,0,"GeForce GTX 960 (0)","1","96",,,"combine",1519
16.849699,4.465158,12,1,1,1024,1,1,13,0,0,"GeForce GTX 960 (0)","1","94",,,"combine",1527
16.854325,,,,,,,,,,,,,,"PC 0x1e5cc8ae","0x1110000000","[Unified Memory CPU page faults]",
16.854361,0.001184,,,,,,,,,,"GeForce GTX 960 (0)",,,4096.000000,"0x1110000000","[Unified Memory Memcpy DtoH]",
16.854362,0.005088,,,,,,,,,,"GeForce GTX 960 (0)",,,61440.000000,"0x1110001000","[Unified Memory Memcpy DtoH]",
16.926557,0.001792,,,,,,,,,,"GeForce GTX 960 (0)",,,8192.000000,"0x1100a83000","[Unified Memory Memcpy HtoD]",
16.926617,0.001088,12,1,1,1024,1,1,8,0,0,"GeForce GTX 960 (0)","1","99",,,"reset",1550
16.926799,0.001088,6,6,1,8,8,1,8,0,0,"GeForce GTX 960 (0)","1","99",,,"reset",1553
16.927026,44.384520,6,6,1,8,8,1,24,0,36,"GeForce GTX 960 (0)","1","100",,,"gaussian_blur",1559
16.927191,56.539724,6,6,1,8,8,1,24,0,100,"GeForce GTX 960 (0)","1","101",,,"gaussian_blur",1564
16.928211,45.497146,6,6,1,8,8,1,24,0,36,"GeForce GTX 960 (0)","1","102",,,"gaussian_blur",1569
16.971555,18.705617,6,6,1,8,8,1,40,72,0,"GeForce GTX 960 (0)","1","100",,,"sobel",1573
16.983875,15.335771,6,6,1,8,8,1,40,72,0,"GeForce GTX 960 (0)","1","101",,,"sobel",1577
16.999332,1.391982,12,1,1,1024,1,1,8,0,0,"GeForce GTX 960 (0)","1","103",,,"minimum",1588
16.999355,2.181732,12,1,1,1024,1,1,8,0,0,"GeForce GTX 960 (0)","1","101",,,"maximum",1582
17.001656,4.228138,12,1,1,1024,1,1,13,0,0,"GeForce GTX 960 (0)","1","101",,,"extend",1595
17.001707,6.165169,12,1,1,1024,1,1,12,0,0,"GeForce GTX 960 (0)","1","102",,,"unsharpen",1602
17.008078,4.459143,12,1,1,1024,1,1,13,0,0,"GeForce GTX 960 (0)","1","101",,,"combine",1610
17.012698,4.453639,12,1,1,1024,1,1,13,0,0,"GeForce GTX 960 (0)","1","99",,,"combine",1618
17.017306,,,,,,,,,,,,,,"PC 0x1e5cc8ae","0x1110000000","[Unified Memory CPU page faults]",
17.017344,0.001216,,,,,,,,,,"GeForce GTX 960 (0)",,,4096.000000,"0x1110000000","[Unified Memory Memcpy DtoH]",
17.017345,0.005056,,,,,,,,,,"GeForce GTX 960 (0)",,,61440.000000,"0x1110001000","[Unified Memory Memcpy DtoH]",
17.084935,0.001856,,,,,,,,,,"GeForce GTX 960 (0)",,,8192.000000,"0x1100a83000","[Unified Memory Memcpy HtoD]",
17.084975,0.001120,12,1,1,1024,1,1,8,0,0,"GeForce GTX 960 (0)","1","104",,,"reset",1641
17.085184,0.001088,6,6,1,8,8,1,8,0,0,"GeForce GTX 960 (0)","1","104",,,"reset",1644
17.085435,44.159403,6,6,1,8,8,1,24,0,36,"GeForce GTX 960 (0)","1","105",,,"gaussian_blur",1650
17.085685,56.346062,6,6,1,8,8,1,24,0,100,"GeForce GTX 960 (0)","1","106",,,"gaussian_blur",1655
17.085860,44.532997,6,6,1,8,8,1,24,0,36,"GeForce GTX 960 (0)","1","107",,,"gaussian_blur",1660
17.129706,20.079039,6,6,1,8,8,1,40,72,0,"GeForce GTX 960 (0)","1","105",,,"sobel",1664
17.142124,18.729456,6,6,1,8,8,1,40,72,0,"GeForce GTX 960 (0)","1","106",,,"sobel",1668
17.160957,1.347279,12,1,1,1024,1,1,8,0,0,"GeForce GTX 960 (0)","1","108",,,"minimum",1679
17.160973,2.131525,12,1,1,1024,1,1,8,0,0,"GeForce GTX 960 (0)","1","106",,,"maximum",1673
17.163229,4.184970,12,1,1,1024,1,1,13,0,0,"GeForce GTX 960 (0)","1","106",,,"extend",1686
17.163291,6.131442,12,1,1,1024,1,1,12,0,0,"GeForce GTX 960 (0)","1","107",,,"unsharpen",1693
17.169633,4.465415,12,1,1,1024,1,1,13,0,0,"GeForce GTX 960 (0)","1","106",,,"combine",1701
17.174267,4.495590,12,1,1,1024,1,1,13,0,0,"GeForce GTX 960 (0)","1","104",,,"combine",1709
17.178902,,,,,,,,,,,,,,"PC 0x1e5cc8ae","0x1110000000","[Unified Memory CPU page faults]",
17.178941,0.001184,,,,,,,,,,"GeForce GTX 960 (0)",,,4096.000000,"0x1110000000","[Unified Memory Memcpy DtoH]",
17.178942,0.005088,,,,,,,,,,"GeForce GTX 960 (0)",,,61440.000000,"0x1110001000","[Unified Memory Memcpy DtoH]",
17.252155,0.001760,,,,,,,,,,"GeForce GTX 960 (0)",,,8192.000000,"0x1100a83000","[Unified Memory Memcpy HtoD]",
17.252220,0.001120,12,1,1,1024,1,1,8,0,0,"GeForce GTX 960 (0)","1","109",,,"reset",1732
17.252484,0.001088,6,6,1,8,8,1,8,0,0,"GeForce GTX 960 (0)","1","109",,,"reset",1735
17.252807,44.332328,6,6,1,8,8,1,24,0,36,"GeForce GTX 960 (0)","1","110",,,"gaussian_blur",1741
17.253051,56.555756,6,6,1,8,8,1,24,0,100,"GeForce GTX 960 (0)","1","111",,,"gaussian_blur",1746
17.253273,44.865378,6,6,1,8,8,1,24,0,36,"GeForce GTX 960 (0)","1","112",,,"gaussian_blur",1751
17.297292,19.046381,6,6,1,8,8,1,40,72,0,"GeForce GTX 960 (0)","1","110",,,"sobel",1755
17.309761,16.005491,6,6,1,8,8,1,40,72,0,"GeForce GTX 960 (0)","1","111",,,"sobel",1759
17.325886,1.372399,12,1,1,1024,1,1,8,0,0,"GeForce GTX 960 (0)","1","113",,,"minimum",1770
17.325911,2.164260,12,1,1,1024,1,1,8,0,0,"GeForce GTX 960 (0)","1","111",,,"maximum",1764
17.328244,4.232618,12,1,1,1024,1,1,13,0,0,"GeForce GTX 960 (0)","1","111",,,"extend",1777
17.328311,6.158161,12,1,1,1024,1,1,12,0,0,"GeForce GTX 960 (0)","1","112",,,"unsharpen",1784
17.334747,4.508486,12,1,1,1024,1,1,13,0,0,"GeForce GTX 960 (0)","1","111",,,"combine",1792
17.339476,4.519175,12,1,1,1024,1,1,13,0,0,"GeForce GTX 960 (0)","1","109",,,"combine",1800
17.344167,,,,,,,,,,,,,,"PC 0x1e5cc8ae","0x1110000000","[Unified Memory CPU page faults]",
17.344211,0.001216,,,,,,,,,,"GeForce GTX 960 (0)",,,4096.000000,"0x1110000000","[Unified Memory Memcpy DtoH]",
17.344212,0.005056,,,,,,,,,,"GeForce GTX 960 (0)",,,61440.000000,"0x1110001000","[Unified Memory Memcpy DtoH]",
17.408104,0.001728,,,,,,,,,,"GeForce GTX 960 (0)",,,8192.000000,"0x1100a83000","[Unified Memory Memcpy HtoD]",
17.408140,0.001120,12,1,1,1024,1,1,8,0,0,"GeForce GTX 960 (0)","1","114",,,"reset",1823
17.408307,0.001088,6,6,1,8,8,1,8,0,0,"GeForce GTX 960 (0)","1","114",,,"reset",1826
17.408525,44.143115,6,6,1,8,8,1,24,0,36,"GeForce GTX 960 (0)","1","115",,,"gaussian_blur",1832
17.408701,56.695434,6,6,1,8,8,1,24,0,100,"GeForce GTX 960 (0)","1","116",,,"gaussian_blur",1837
17.408864,44.239977,6,6,1,8,8,1,24,0,36,"GeForce GTX 960 (0)","1","117",,,"gaussian_blur",1842
17.452822,20.898388,6,6,1,8,8,1,40,72,0,"GeForce GTX 960 (0)","1","115",,,"sobel",1846
17.465542,19.168523,6,6,1,8,8,1,40,72,0,"GeForce GTX 960 (0)","1","116",,,"sobel",1850
17.484829,1.406318,12,1,1,1024,1,1,8,0,0,"GeForce GTX 960 (0)","1","118",,,"minimum",1861
17.484849,2.180612,12,1,1,1024,1,1,8,0,0,"GeForce GTX 960 (0)","1","116",,,"maximum",1855
17.487191,4.179531,12,1,1,1024,1,1,13,0,0,"GeForce GTX 960 (0)","1","116",,,"extend",1868
17.487262,6.146929,12,1,1,1024,1,1,12,0,0,"GeForce GTX 960 (0)","1","117",,,"unsharpen",1875
17.493685,4.478727,12,1,1,1024,1,1,13,0,0,"GeForce GTX 960 (0)","1","116",,,"combine",1883
17.498374,4.483718,12,1,1,1024,1,1,13,0,0,"GeForce GTX 960 (0)","1","114",,,"combine",1891
17.503018,,,,,,,,,,,,,,"PC 0x1e5cc8ae","0x1110000000","[Unified Memory CPU page faults]",
17.503059,0.001184,,,,,,,,,,"GeForce GTX 960 (0)",,,4096.000000,"0x1110000000","[Unified Memory Memcpy DtoH]",
17.503060,0.005088,,,,,,,,,,"GeForce GTX 960 (0)",,,61440.000000,"0x1110001000","[Unified Memory Memcpy DtoH]",
17.573301,0.001920,,,,,,,,,,"GeForce GTX 960 (0)",,,8192.000000,"0x1100a83000","[Unified Memory Memcpy HtoD]",
17.573424,0.001088,12,1,1,1024,1,1,8,0,0,"GeForce GTX 960 (0)","1","119",,,"reset",1914
17.573798,0.001088,6,6,1,8,8,1,8,0,0,"GeForce GTX 960 (0)","1","119",,,"reset",1917
17.574189,44.450375,6,6,1,8,8,1,24,0,36,"GeForce GTX 960 (0)","1","120",,,"gaussian_blur",1923
17.574503,56.661259,6,6,1,8,8,1,24,0,100,"GeForce GTX 960 (0)","1","121",,,"gaussian_blur",1928
17.574781,44.977280,6,6,1,8,8,1,24,0,36,"GeForce GTX 960 (0)","1","122",,,"gaussian_blur",1933
17.618789,18.599314,6,6,1,8,8,1,40,72,0,"GeForce GTX 960 (0)","1","120",,,"sobel",1937
17.631294,15.452922,6,6,1,8,8,1,40,72,0,"GeForce GTX 960 (0)","1","121",,,"sobel",1941
17.646871,1.394543,12,1,1,1024,1,1,8,0,0,"GeForce GTX 960 (0)","1","123",,,"minimum",1952
17.646927,2.140804,12,1,1,1024,1,1,8,0,0,"GeForce GTX 960 (0)","1","121",,,"maximum",1946
17.649219,4.202827,12,1,1,1024,1,1,13,0,0,"GeForce GTX 960 (0)","1","121",,,"extend",1959
17.649292,6.104242,12,1,1,1024,1,1,12,0,0,"GeForce GTX 960 (0)","1","122",,,"unsharpen",1966
17.655647,4.506374,12,1,1,1024,1,1,13,0,0,"GeForce GTX 960 (0)","1","121",,,"combine",1974
17.660321,4.478375,12,1,1,1024,1,1,13,0,0,"GeForce GTX 960 (0)","1","119",,,"combine",1982
17.664923,,,,,,,,,,,,,,"PC 0x1e5cc8ae","0x1110000000","[Unified Memory CPU page faults]",
17.664963,0.001184,,,,,,,,,,"GeForce GTX 960 (0)",,,4096.000000,"0x1110000000","[Unified Memory Memcpy DtoH]",
17.664965,0.005088,,,,,,,,,,"GeForce GTX 960 (0)",,,61440.000000,"0x1110001000","[Unified Memory Memcpy DtoH]",
17.733793,0.001759,,,,,,,,,,"GeForce GTX 960 (0)",,,8192.000000,"0x1100a83000","[Unified Memory Memcpy HtoD]",
17.733940,0.001120,12,1,1,1024,1,1,8,0,0,"GeForce GTX 960 (0)","1","124",,,"reset",2005
17.734170,0.001088,6,6,1,8,8,1,8,0,0,"GeForce GTX 960 (0)","1","124",,,"reset",2008
17.734427,44.867138,6,6,1,8,8,1,24,0,36,"GeForce GTX 960 (0)","1","125",,,"gaussian_blur",2014
17.734616,56.860040,6,6,1,8,8,1,24,0,100,"GeForce GTX 960 (0)","1","126",,,"gaussian_blur",2019
17.734798,44.787298,6,6,1,8,8,1,24,0,36,"GeForce GTX 960 (0)","1","127",,,"gaussian_blur",2024
17.779469,19.793730,6,6,1,8,8,1,40,72,0,"GeForce GTX 960 (0)","1","125",,,"sobel",2028
17.791638,17.147876,6,6,1,8,8,1,40,72,0,"GeForce GTX 960 (0)","1","126",,,"sobel",2032
17.808894,1.357903,12,1,1,1024,1,1,8,0,0,"GeForce GTX 960 (0)","1","128",,,"minimum",2043
17.808909,2.147812,12,1,1,1024,1,1,8,0,0,"GeForce GTX 960 (0)","1","126",,,"maximum",2037
17.811135,4.190155,12,1,1,1024,1,1,13,0,0,"GeForce GTX 960 (0)","1","126",,,"extend",2050
17.811191,6.142577,12,1,1,1024,1,1,12,0,0,"GeForce GTX 960 (0)","1","127",,,"unsharpen",2057
17.817502,4.466375,12,1,1,1024,1,1,13,0,0,"GeForce GTX 960 (0)","1","126",,,"combine",2065
17.822096,4.468807,12,1,1,1024,1,1,13,0,0,"GeForce GTX 960 (0)","1","124",,,"combine",2073
17.826750,,,,,,,,,,,,,,"PC 0x1e5cc8ae","0x1110000000","[Unified Memory CPU page faults]",
17.826791,0.001216,,,,,,,,,,"GeForce GTX 960 (0)",,,4096.000000,"0x1110000000","[Unified Memory Memcpy DtoH]",
17.826793,0.005024,,,,,,,,,,"GeForce GTX 960 (0)",,,61440.000000,"0x1110001000","[Unified Memory Memcpy DtoH]",
17.901165,0.001728,,,,,,,,,,"GeForce GTX 960 (0)",,,8192.000000,"0x1100a83000","[Unified Memory Memcpy HtoD]",
17.901198,0.001120,12,1,1,1024,1,1,8,0,0,"GeForce GTX 960 (0)","1","129",,,"reset",2096
17.901412,0.001056,6,6,1,8,8,1,8,0,0,"GeForce GTX 960 (0)","1","129",,,"reset",2099
17.901604,44.216842,6,6,1,8,8,1,24,0,36,"GeForce GTX 960 (0)","1","130",,,"gaussian_blur",2105
17.901751,56.506668,6,6,1,8,8,1,24,0,100,"GeForce GTX 960 (0)","1","131",,,"gaussian_blur",2110
17.901894,44.334664,6,6,1,8,8,1,24,0,36,"GeForce GTX 960 (0)","1","132",,,"gaussian_blur",2115
17.945963,18.415252,6,6,1,8,8,1,40,72,0,"GeForce GTX 960 (0)","1","130",,,"sobel",2119
17.958404,14.474758,6,6,1,8,8,1,40,72,0,"GeForce GTX 960 (0)","1","131",,,"sobel",2123
17.973024,1.410254,12,1,1,1024,1,1,8,0,0,"GeForce GTX 960 (0)","1","133",,,"minimum",2134
17.973069,2.161892,12,1,1,1024,1,1,8,0,0,"GeForce GTX 960 (0)","1","131",,,"maximum",2128
17.975383,4.185131,12,1,1,1024,1,1,13,0,0,"GeForce GTX 960 (0)","1","131",,,"extend",2141
17.975450,6.131186,12,1,1,1024,1,1,12,0,0,"GeForce GTX 960 (0)","1","132",,,"unsharpen",2148
17.981819,4.483334,12,1,1,1024,1,1,13,0,0,"GeForce GTX 960 (0)","1","131",,,"combine",2156
17.986501,4.453415,12,1,1,1024,1,1,13,0,0,"GeForce GTX 960 (0)","1","129",,,"combine",2164
17.991058,,,,,,,,,,,,,,"PC 0x1e5cc8ae","0x1110000000","[Unified Memory CPU page faults]",
17.991102,0.001184,,,,,,,,,,"GeForce GTX 960 (0)",,,4096.000000,"0x1110000000","[Unified Memory Memcpy DtoH]",
17.991103,0.005088,,,,,,,,,,"GeForce GTX 960 (0)",,,61440.000000,"0x1110001000","[Unified Memory Memcpy DtoH]",
18.059210,0.001760,,,,,,,,,,"GeForce GTX 960 (0)",,,8192.000000,"0x1100a83000","[Unified Memory Memcpy HtoD]",
18.059242,0.001152,12,1,1,1024,1,1,8,0,0,"GeForce GTX 960 (0)","1","134",,,"reset",2187
18.059415,0.001056,6,6,1,8,8,1,8,0,0,"GeForce GTX 960 (0)","1","134",,,"reset",2190
18.059610,44.563621,6,6,1,8,8,1,24,0,36,"GeForce GTX 960 (0)","1","135",,,"gaussian_blur",2196
18.059758,56.615371,6,6,1,8,8,1,24,0,100,"GeForce GTX 960 (0)","1","136",,,"gaussian_blur",2201
18.059899,44.603589,6,6,1,8,8,1,24,0,36,"GeForce GTX 960 (0)","1","137",,,"gaussian_blur",2206
18.104307,19.140619,6,6,1,8,8,1,40,72,0,"GeForce GTX 960 (0)","1","135",,,"sobel",2210
18.116510,16.619339,6,6,1,8,8,1,40,72,0,"GeForce GTX 960 (0)","1","136",,,"sobel",2214
18.133265,1.402702,12,1,1,1024,1,1,8,0,0,"GeForce GTX 960 (0)","1","138",,,"minimum",2225
18.133320,2.145732,12,1,1,1024,1,1,8,0,0,"GeForce GTX 960 (0)","1","136",,,"maximum",2219
18.135576,4.180459,12,1,1,1024,1,1,13,0,0,"GeForce GTX 960 (0)","1","136",,,"extend",2232
18.135649,6.122162,12,1,1,1024,1,1,12,0,0,"GeForce GTX 960 (0)","1","137",,,"unsharpen",2239
18.142009,4.487462,12,1,1,1024,1,1,13,0,0,"GeForce GTX 960 (0)","1","136",,,"combine",2247
18.146696,4.501254,12,1,1,1024,1,1,13,0,0,"GeForce GTX 960 (0)","1","134",,,"combine",2255
18.151360,,,,,,,,,,,,,,"PC 0x1e5cc8ae","0x1110000000","[Unified Memory CPU page faults]",
18.151404,0.001184,,,,,,,,,,"GeForce GTX 960 (0)",,,4096.000000,"0x1110000000","[Unified Memory Memcpy DtoH]",
18.151405,0.005056,,,,,,,,,,"GeForce GTX 960 (0)",,,61440.000000,"0x1110001000","[Unified Memory Memcpy DtoH]",
18.212202,0.001824,,,,,,,,,,"GeForce GTX 960 (0)",,,8192.000000,"0x1100a83000","[Unified Memory Memcpy HtoD]",
18.212244,0.001088,12,1,1,1024,1,1,8,0,0,"GeForce GTX 960 (0)","1","139",,,"reset",2278
18.212439,0.001088,6,6,1,8,8,1,8,0,0,"GeForce GTX 960 (0)","1","139",,,"reset",2281
18.212678,44.655460,6,6,1,8,8,1,24,0,36,"GeForce GTX 960 (0)","1","140",,,"gaussian_blur",2287
18.212891,57.656542,6,6,1,8,8,1,24,0,100,"GeForce GTX 960 (0)","1","141",,,"gaussian_blur",2292
18.213133,44.871009,6,6,1,8,8,1,24,0,36,"GeForce GTX 960 (0)","1","142",,,"gaussian_blur",2297
18.257502,21.139985,6,6,1,8,8,1,40,72,0,"GeForce GTX 960 (0)","1","140",,,"sobel",2301
18.270710,18.684401,6,6,1,8,8,1,40,72,0,"GeForce GTX 960 (0)","1","141",,,"sobel",2305
18.289500,1.406862,12,1,1,1024,1,1,8,0,0,"GeForce GTX 960 (0)","1","143",,,"minimum",2316
18.289519,2.193892,12,1,1,1024,1,1,8,0,0,"GeForce GTX 960 (0)","1","141",,,"maximum",2310
18.291792,4.233834,12,1,1,1024,1,1,13,0,0,"GeForce GTX 960 (0)","1","141",,,"extend",2323
18.291853,6.168657,12,1,1,1024,1,1,12,0,0,"GeForce GTX 960 (0)","1","142",,,"unsharpen",2330
18.298237,4.483143,12,1,1,1024,1,1,13,0,0,"GeForce GTX 960 (0)","1","141",,,"combine",2338
18.302859,4.485863,12,1,1,1024,1,1,13,0,0,"GeForce GTX 960 (0)","1","139",,,"combine",2346
18.307532,,,,,,,,,,,,,,"PC 0x1e5cc8ae","0x1110000000","[Unified Memory CPU page faults]",
18.307580,0.001184,,,,,,,,,,"GeForce GTX 960 (0)",,,4096.000000,"0x1110000000","[Unified Memory Memcpy DtoH]",
18.307581,0.005088,,,,,,,,,,"GeForce GTX 960 (0)",,,61440.000000,"0x1110001000","[Unified Memory Memcpy DtoH]",
18.370004,0.002272,,,,,,,,,,"GeForce GTX 960 (0)",,,8192.000000,"0x1100a83000","[Unified Memory Memcpy HtoD]",
18.370043,0.001120,12,1,1,1024,1,1,8,0,0,"GeForce GTX 960 (0)","1","144",,,"reset",2369
18.370331,0.001088,6,6,1,8,8,1,8,0,0,"GeForce GTX 960 (0)","1","144",,,"reset",2372
18.370587,43.820975,6,6,1,8,8,1,24,0,36,"GeForce GTX 960 (0)","1","145",,,"gaussian_blur",2378
18.370759,56.096785,6,6,1,8,8,1,24,0,100,"GeForce GTX 960 (0)","1","146",,,"gaussian_blur",2383
18.370919,44.407591,6,6,1,8,8,1,24,0,36,"GeForce GTX 960 (0)","1","147",,,"gaussian_blur",2388
18.414573,18.108312,6,6,1,8,8,1,40,72,0,"GeForce GTX 960 (0)","1","145",,,"sobel",2392
18.427007,14.035596,6,6,1,8,8,1,40,72,0,"GeForce GTX 960 (0)","1","146",,,"sobel",2396
18.441198,1.404014,12,1,1,1024,1,1,8,0,0,"GeForce GTX 960 (0)","1","148",,,"minimum",2407
18.441247,2.152037,12,1,1,1024,1,1,8,0,0,"GeForce GTX 960 (0)","1","146",,,"maximum",2401
18.443580,4.193707,12,1,1,1024,1,1,13,0,0,"GeForce GTX 960 (0)","1","146",,,"extend",2414
18.443647,6.120018,12,1,1,1024,1,1,12,0,0,"GeForce GTX 960 (0)","1","147",,,"unsharpen",2421
18.450047,4.462086,12,1,1,1024,1,1,13,0,0,"GeForce GTX 960 (0)","1","146",,,"combine",2429
18.454709,4.459079,12,1,1,1024,1,1,13,0,0,"GeForce GTX 960 (0)","1","144",,,"combine",2437
18.459346,,,,,,,,,,,,,,"PC 0x1e5cc8ae","0x1110000000","[Unified Memory CPU page faults]",
18.459391,0.001184,,,,,,,,,,"GeForce GTX 960 (0)",,,4096.000000,"0x1110000000","[Unified Memory Memcpy DtoH]",
18.459392,0.005184,,,,,,,,,,"GeForce GTX 960 (0)",,,61440.000000,"0x1110001000","[Unified Memory Memcpy DtoH]",
18.525027,0.001759,,,,,,,,,,"GeForce GTX 960 (0)",,,8192.000000,"0x1100a83000","[Unified Memory Memcpy HtoD]",
18.525157,0.001120,12,1,1,1024,1,1,8,0,0,"GeForce GTX 960 (0)","1","149",,,"reset",2460
18.525407,0.001088,6,6,1,8,8,1,8,0,0,"GeForce GTX 960 (0)","1","149",,,"reset",2463
18.525911,43.840271,6,6,1,8,8,1,24,0,36,"GeForce GTX 960 (0)","1","150",,,"gaussian_blur",2469
18.526161,56.187441,6,6,1,8,8,1,24,0,100,"GeForce GTX 960 (0)","1","151",,,"gaussian_blur",2474
18.526395,44.105451,6,6,1,8,8,1,24,0,36,"GeForce GTX 960 (0)","1","152",,,"gaussian_blur",2479
18.569900,17.625982,6,6,1,8,8,1,40,72,0,"GeForce GTX 960 (0)","1","150",,,"sobel",2483
18.582496,13.786639,6,6,1,8,8,1,40,72,0,"GeForce GTX 960 (0)","1","151",,,"sobel",2487
18.596428,1.402158,12,1,1,1024,1,1,8,0,0,"GeForce GTX 960 (0)","1","153",,,"minimum",2498
18.596476,2.159140,12,1,1,1024,1,1,8,0,0,"GeForce GTX 960 (0)","1","151",,,"maximum",2492
18.598784,4.190858,12,1,1,1024,1,1,13,0,0,"GeForce GTX 960 (0)","1","151",,,"extend",2505
18.598861,6.151505,12,1,1,1024,1,1,12,0,0,"GeForce GTX 960 (0)","1","152",,,"unsharpen",2512
18.605211,4.481702,12,1,1,1024,1,1,13,0,0,"GeForce GTX 960 (0)","1","151",,,"combine",2520
18.609881,4.484679,12,1,1,1024,1,1,13,0,0,"GeForce GTX 960 (0)","1","149",,,"combine",2528
18.614482,,,,,,,,,,,,,,"PC 0x1e5cc8ae","0x1110000000","[Unified Memory CPU page faults]",
18.614529,0.001247,,,,,,,,,,"GeForce GTX 960 (0)",,,4096.000000,"0x1110000000","[Unified Memory Memcpy DtoH]",
18.614530,0.005056,,,,,,,,,,"GeForce GTX 960 (0)",,,61440.000000,"0x1110001000","[Unified Memory Memcpy DtoH]",
18.679432,0.001792,,,,,,,,,,"GeForce GTX 960 (0)",,,8192.000000,"0x1100a83000","[Unified Memory Memcpy HtoD]",
18.679516,0.001088,12,1,1,1024,1,1,8,0,0,"GeForce GTX 960 (0)","1","154",,,"reset",2551
18.679810,0.001088,6,6,1,8,8,1,8,0,0,"GeForce GTX 960 (0)","1","154",,,"reset",2554
18.680189,44.101259,6,6,1,8,8,1,24,0,36,"GeForce GTX 960 (0)","1","155",,,"gaussian_blur",2560
18.680476,55.172318,6,6,1,8,8,1,24,0,100,"GeForce GTX 960 (0)","1","156",,,"gaussian_blur",2565
18.680761,44.433768,6,6,1,8,8,1,24,0,36,"GeForce GTX 960 (0)","1","157",,,"gaussian_blur",2570
18.724477,17.725245,6,6,1,8,8,1,40,72,0,"GeForce GTX 960 (0)","1","155",,,"sobel",2574
18.735814,19.013164,6,6,1,8,8,1,40,72,0,"GeForce GTX 960 (0)","1","156",,,"sobel",2578
18.754990,1.377614,12,1,1,1024,1,1,8,0,0,"GeForce GTX 960 (0)","1","158",,,"minimum",2589
18.755015,2.149092,12,1,1,1024,1,1,8,0,0,"GeForce GTX 960 (0)","1","156",,,"maximum",2583
18.757295,4.187722,12,1,1,1024,1,1,13,0,0,"GeForce GTX 960 (0)","1","156",,,"extend",2596
18.757342,6.148337,12,1,1,1024,1,1,12,0,0,"GeForce GTX 960 (0)","1","157",,,"unsharpen",2603
18.763725,4.477479,12,1,1,1024,1,1,13,0,0,"GeForce GTX 960 (0)","1","156",,,"combine",2611
18.768342,4.504294,12,1,1,1024,1,1,13,0,0,"GeForce GTX 960 (0)","1","154",,,"combine",2619
18.772952,,,,,,,,,,,,,,"PC 0x1e5cc8ae","0x1110000000","[Unified Memory CPU page faults]",
18.772998,0.001216,,,,,,,,,,"GeForce GTX 960 (0)",,,4096.000000,"0x1110000000","[Unified Memory Memcpy DtoH]",
18.772999,0.005056,,,,,,,,,,"GeForce GTX 960 (0)",,,61440.000000,"0x1110001000","[Unified Memory Memcpy DtoH]",
18.833152,0.001920,,,,,,,,,,"GeForce GTX 960 (0)",,,8192.000000,"0x1100a83000","[Unified Memory Memcpy HtoD]",
18.833205,0.001088,12,1,1,1024,1,1,8,0,0,"GeForce GTX 960 (0)","1","159",,,"reset",2642
18.833623,0.001088,6,6,1,8,8,1,8,0,0,"GeForce GTX 960 (0)","1","159",,,"reset",2645
18.833937,43.917004,6,6,1,8,8,1,24,0,36,"GeForce GTX 960 (0)","1","160",,,"gaussian_blur",2651
18.834151,54.765185,6,6,1,8,8,1,24,0,100,"GeForce GTX 960 (0)","1","161",,,"gaussian_blur",2656
18.834413,44.141065,6,6,1,8,8,1,24,0,36,"GeForce GTX 960 (0)","1","162",,,"gaussian_blur",2661
18.877972,15.684759,6,6,1,8,8,1,40,72,0,"GeForce GTX 960 (0)","1","160",,,"sobel",2665
18.889013,13.328757,6,6,1,8,8,1,40,72,0,"GeForce GTX 960 (0)","1","161",,,"sobel",2669
18.902440,1.355406,12,1,1,1024,1,1,8,0,0,"GeForce GTX 960 (0)","1","163",,,"minimum",2680
18.902457,2.136580,12,1,1,1024,1,1,8,0,0,"GeForce GTX 960 (0)","1","161",,,"maximum",2674
18.904709,4.187146,12,1,1,1024,1,1,13,0,0,"GeForce GTX 960 (0)","1","161",,,"extend",2687
18.904776,6.153905,12,1,1,1024,1,1,12,0,0,"GeForce GTX 960 (0)","1","162",,,"unsharpen",2694
18.911104,4.470566,12,1,1,1024,1,1,13,0,0,"GeForce GTX 960 (0)","1","161",,,"combine",2702
18.915734,4.523526,12,1,1,1024,1,1,13,0,0,"GeForce GTX 960 (0)","1","159",,,"combine",2710
18.920365,,,,,,,,,,,,,,"PC 0x1e5cc8ae","0x1110000000","[Unified Memory CPU page faults]",
18.920412,0.001216,,,,,,,,,,"GeForce GTX 960 (0)",,,4096.000000,"0x1110000000","[Unified Memory Memcpy DtoH]",
18.920413,0.005088,,,,,,,,,,"GeForce GTX 960 (0)",,,61440.000000,"0x1110001000","[Unified Memory Memcpy DtoH]",
